2026-06-19 01:12:52,424 - MainProcess[MainThread]- browser_manager      - INFO    : BROWSER 2887116648: Launching browser...
2026-06-19 01:12:52,425 - MainProcess[MainThread]- browser_manager      - DEBUG   : BROWSER 2887116648: Spawn attempt 0 
2026-06-19 01:12:52,428 - MainProcess[MainThread]- storage_controller   - INFO    : Initializing new handler for TaskManager
2026-06-19 01:12:52,439 - MainProcess[MainThread]- deploy_firefox       - DEBUG   : BROWSER 2887116648: Saved extension config file to: /tmp/firefox_profile_qr_8a428/browser_params.json
2026-06-19 01:12:52,448 - MainProcess[log-interceptor-2887116648]- selenium_firefox     - DEBUG   : BROWSER 2887116648: driver: 1781824372448	geckodriver	INFO	Listening on 127.0.0.1:33495
2026-06-19 01:12:52,485 - MainProcess[log-interceptor-2887116648]- selenium_firefox     - DEBUG   : BROWSER 2887116648: driver: 1781824372485	mozrunner::runner	INFO	Running command: MOZ_CRASHREPORTER="1" MOZ_CRASHREPORTER_NO_REPORT="1" MOZ_CRASHREPORTER_SHUTDOWN="1" "/home/pedro/Escritorio ...  "--headless" "--width=1366" "--height=768" "--remote-debugging-port" "30215" "--remote-allow-hosts" "localhost" "-no-remote"
2026-06-19 01:12:52,524 - MainProcess[log-interceptor-2887116648]- selenium_firefox     - DEBUG   : BROWSER 2887116648: driver: *** You are running in headless mode.
2026-06-19 01:12:52,647 - MainProcess[log-interceptor-2887116648]- selenium_firefox     - DEBUG   : BROWSER 2887116648: driver: console.warn: services.settings: Ignoring preference override of remote settings server
2026-06-19 01:12:52,648 - MainProcess[log-interceptor-2887116648]- selenium_firefox     - DEBUG   : BROWSER 2887116648: driver: console.warn: services.settings: Allow by setting MOZ_REMOTE_SETTINGS_DEVTOOLS=1 in the environment
2026-06-19 01:12:53,338 - MainProcess[log-interceptor-2887116648]- selenium_firefox     - DEBUG   : BROWSER 2887116648: driver: 1781824373338	Marionette	INFO	Marionette enabled
2026-06-19 01:12:53,861 - MainProcess[log-interceptor-2887116648]- selenium_firefox     - DEBUG   : BROWSER 2887116648: driver: console.error: "Warning: unrecognized command line flag" "-width"
2026-06-19 01:12:53,862 - MainProcess[log-interceptor-2887116648]- selenium_firefox     - DEBUG   : BROWSER 2887116648: driver: console.error: "Warning: unrecognized command line flag" "-height"
2026-06-19 01:12:53,911 - MainProcess[log-interceptor-2887116648]- selenium_firefox     - DEBUG   : BROWSER 2887116648: driver: 1781824373908	Marionette	INFO	Listening on port 21709
2026-06-19 01:12:53,946 - MainProcess[log-interceptor-2887116648]- selenium_firefox     - DEBUG   : BROWSER 2887116648: driver: WebDriver BiDi listening on ws://127.0.0.1:30215
2026-06-19 01:12:53,998 - MainProcess[log-interceptor-2887116648]- selenium_firefox     - DEBUG   : BROWSER 2887116648: driver: Read port: 21709
2026-06-19 01:12:54,193 - MainProcess[log-interceptor-2887116648]- selenium_firefox     - DEBUG   : BROWSER 2887116648: driver: 1781824374192	RemoteAgent	WARN	TLS certificate errors will be ignored for this session
2026-06-19 01:12:57,434 - MainProcess[MainThread]- storage_controller   - DEBUG   : StorageController status: There are currently 0 scheduled tasks for 0 visit_ids
2026-06-19 01:12:57,487 - MainProcess[MainThread]- deploy_firefox       - DEBUG   : BROWSER 2887116648: OpenWPM Firefox extension loaded
2026-06-19 01:12:57,590 - MainProcess[Thread-1 (_start_listener)]- FirefoxExtension     - DEBUG   : Navigation instrumentation enabled
2026-06-19 01:12:57,593 - MainProcess[log-interceptor-2887116648]- selenium_firefox     - DEBUG   : BROWSER 2887116648: driver: console.log: WebExtensions: Wrote to /tmp/firefox_profile_qr_8a428/extension_port.txt
2026-06-19 01:12:57,596 - MainProcess[Thread-1 (_start_listener)]- FirefoxExtension     - DEBUG   : Cookie instrumentation enabled
2026-06-19 01:12:57,596 - MainProcess[Thread-1 (_start_listener)]- FirefoxExtension     - DEBUG   : Javascript instrumentation enabled
2026-06-19 01:12:57,598 - MainProcess[MainThread]- browser_manager      - DEBUG   : BROWSER 2887116648: Looking for extension port information in /tmp/firefox_profile_qr_8a428
2026-06-19 01:12:57,600 - MainProcess[MainThread]- browser_manager      - DEBUG   : BROWSER 2887116648: Connecting to extension on port 23133
2026-06-19 01:12:57,601 - MainProcess[MainThread]- storage_controller   - INFO    : Initializing new handler for Browser-2887116648
2026-06-19 01:12:57,620 - MainProcess[Thread-1 (_start_listener)]- FirefoxExtension     - DEBUG   : HTTP Instrumentation enabled
2026-06-19 01:12:57,622 - MainProcess[Thread-1 (_start_listener)]- FirefoxExtension     - DEBUG   : DNS instrumentation enabled
2026-06-19 01:12:57,624 - MainProcess[log-interceptor-2887116648]- selenium_firefox     - DEBUG   : BROWSER 2887116648: driver: console.log: WebExtensions: Wrote to /tmp/firefox_profile_qr_8a428/OPENWPM_STARTUP_SUCCESS.txt
2026-06-19 01:12:57,706 - MainProcess[MainThread]- browser_manager      - DEBUG   : BROWSER 2887116648: BrowserManager ready.
2026-06-19 01:12:57,709 - MainProcess[MainThread]- browser_manager      - DEBUG   : BROWSER 2887116648: Browser spawn successful!
2026-06-19 01:12:57,975 - MainProcess[MainThread]- storage_controller   - INFO    : Initializing new handler for StorageControllerHandle
2026-06-19 01:12:58,004 - MainProcess[MainThread]- storage_controller   - INFO    : Awaiting all tasks for visit_id -1
2026-06-19 01:12:58,016 - MainProcess[MainThread]- storage_controller   - DEBUG   : Awaited all tasks for visit_id -1 while finalizing
2026-06-19 01:12:58,025 - MainProcess[MainThread]- task_manager         - INFO    : 

OpenWPM Version: b'v0.32.0'
Firefox Version: b'148.0'

========== Manager Configuration ==========
{
  "_failure_limit": null,
  "data_directory": "/home/pedro/Escritorio/UNI/CUARTO/tfg/Herramienta_Priv/output/api_tasks/ab54c99d3e55/elmundo.es_20260619_011248/openwpm",
  "log_path": "/home/pedro/Escritorio/UNI/CUARTO/tfg/Herramienta_Priv/output/api_tasks/ab54c99d3e55/elmundo.es_20260619_011248/openwpm/openwpm.log",
  "logger_address": [
    "127.0.0.1",
    23741
  ],
  "memory_watchdog": false,
  "num_browsers": 1,
  "process_watchdog": false,
  "screenshot_path": "/home/pedro/Escritorio/UNI/CUARTO/tfg/Herramienta_Priv/output/api_tasks/ab54c99d3e55/elmundo.es_20260619_011248/openwpm/screenshots",
  "source_dump_path": "/home/pedro/Escritorio/UNI/CUARTO/tfg/Herramienta_Priv/output/api_tasks/ab54c99d3e55/elmundo.es_20260619_011248/openwpm/sources",
  "storage_controller_address": [
    "127.0.0.1",
    28657
  ],
  "testing": false
}

========== Browser Configuration ==========
Keys:
{
  "browser_id": 0,
  "bot_mitigation": 1,
  "browser": 2,
  "callstack_instrument": 3,
  "cookie_instrument": 4,
  "custom_params": 5,
  "display_mode": 6,
  "dns_instrument": 7,
  "donottrack": 8,
  "http_instrument": 9,
  "js_instrument": 10,
  "js_instrument_settings": 11,
  "maximum_profile_size": 12,
  "navigation_instrument": 13,
  "prefs": 14,
  "profile_path": 15,
  "recovery_tar": 16,
  "save_content": 17,
  "tmp_profile_dir": 18,
  "tp_cookies": 19,
  "tracking_protection": 20
}

         0  1      2        3      4     5    6         7     8      9     10    11                             12    13    14    15    16    17     18    19      20
----------  -----  -------  -----  ----  ---  --------  ----  -----  ----  ----  -----------------------------  ----  ----  ----  ----  ----  -----  ----  ------  -----
2887116648  False  firefox  False  True  {}   headless  True  False  True  True  ['collection_fingerprinting']        True  {}                False  /tmp  always  False

========== JS Instrument Settings ==========
{"2887116648":[{"object":"window['ScriptProcessorNode'].prototype","instrumentedName":"ScriptProcessorNode","logSettings":{"propertiesToInstrument":[],"nonExistingPropertiesToInstrument":[],"excludedProperties":[],"logCallStack":false,"logFunctionsAsStrings":false,"logFunctionGets":false,"preventSets":false,"recursive":false,"depth":5}},{"object":"window['GainNode'].prototype","instrumentedName":"GainNode","logSettings":{"propertiesToInstrument":[],"nonExistingPropertiesToInstrument":[],"excludedProperties":[],"logCallStack":false,"logFunctionsAsStrings":false,"logFunctionGets":false,"preventSets":false,"recursive":false,"depth":5}},{"object":"window['AnalyserNode'].prototype","instrumentedName":"AnalyserNode","logSettings":{"propertiesToInstrument":[],"nonExistingPropertiesToInstrument":[],"excludedProperties":[],"logCallStack":false,"logFunctionsAsStrings":false,"logFunctionGets":false,"preventSets":false,"recursive":false,"depth":5}},{"object":"window['OscillatorNode'].prototype","instrumentedName":"OscillatorNode","logSettings":{"propertiesToInstrument":[],"nonExistingPropertiesToInstrument":[],"excludedProperties":[],"logCallStack":false,"logFunctionsAsStrings":false,"logFunctionGets":false,"preventSets":false,"recursive":false,"depth":5}},{"object":"window['OfflineAudioContext'].prototype","instrumentedName":"OfflineAudioContext","logSettings":{"propertiesToInstrument":[],"nonExistingPropertiesToInstrument":[],"excludedProperties":[],"logCallStack":false,"logFunctionsAsStrings":false,"logFunctionGets":false,"preventSets":false,"recursive":false,"depth":5}},{"object":"window['AudioContext'].prototype","instrumentedName":"AudioContext","logSettings":{"propertiesToInstrument":[],"nonExistingPropertiesToInstrument":[],"excludedProperties":[],"logCallStack":false,"logFunctionsAsStrings":false,"logFunctionGets":false,"preventSets":false,"recursive":false,"depth":5}},{"object":"window['RTCPeerConnection'].prototype","instrumentedName":"RTCPeerConnection","logSettings":{"propertiesToInstrument":[],"nonExistingPropertiesToInstrument":[],"excludedProperties":[],"logCallStack":false,"logFunctionsAsStrings":false,"logFunctionGets":false,"preventSets":false,"recursive":false,"depth":5}},{"object":"window['HTMLCanvasElement'].prototype","instrumentedName":"HTMLCanvasElement","logSettings":{"propertiesToInstrument":[],"nonExistingPropertiesToInstrument":[],"excludedProperties":[],"logCallStack":false,"logFunctionsAsStrings":false,"logFunctionGets":false,"preventSets":false,"recursive":false,"depth":5}},{"object":"window['Storage'].prototype","instrumentedName":"Storage","logSettings":{"propertiesToInstrument":[],"nonExistingPropertiesToInstrument":[],"excludedProperties":[],"logCallStack":false,"logFunctionsAsStrings":false,"logFunctionGets":false,"preventSets":false,"recursive":false,"depth":5}},{"object":"window.navigator","instrumentedName":"window.navigator","logSettings":{"propertiesToInstrument":[],"nonExistingPropertiesToInstrument":[],"excludedProperties":[],"logCallStack":false,"logFunctionsAsStrings":false,"logFunctionGets":false,"preventSets":false,"recursive":false,"depth":5}},{"object":"window['CanvasRenderingContext2D'].prototype","instrumentedName":"CanvasRenderingContext2D","logSettings":{"propertiesToInstrument":[],"nonExistingPropertiesToInstrument":[],"excludedProperties":["globalAlpha","beginPath","lineTo","canvas","setTransform","drawImage","closePath","clearRect","quadraticCurveTo","moveTo","translate","transform"],"logCallStack":false,"logFunctionsAsStrings":false,"logFunctionGets":false,"preventSets":false,"recursive":false,"depth":5}},{"object":"window","instrumentedName":"window","logSettings":{"propertiesToInstrument":["sessionStorage","name","localStorage"],"nonExistingPropertiesToInstrument":[],"excludedProperties":[],"logCallStack":false,"logFunctionsAsStrings":false,"logFunctionGets":false,"preventSets":false,"recursive":false,"depth":5}},{"object":"window.document","instrumentedName":"window.document","logSettings":{"propertiesToInstrument":["referrer","cookie"],"nonExistingPropertiesToInstrument":[],"excludedProperties":[],"logCallStack":true,"logFunctionsAsStrings":false,"logFunctionGets":false,"preventSets":false,"recursive":false,"depth":5}},{"object":"window.screen","instrumentedName":"window.screen","logSettings":{"propertiesToInstrument":["pixelDepth","colorDepth"],"nonExistingPropertiesToInstrument":[],"excludedProperties":[],"logCallStack":false,"logFunctionsAsStrings":false,"logFunctionGets":false,"preventSets":false,"recursive":false,"depth":5}}]}

========== Input profile tar files ==========
  No profile tar files specified

========== Output (archive) profile dirs ==========
  No profile archive directories specified


2026-06-19 01:12:58,031 - MainProcess[MainThread]- task_manager         - DEBUG   : Checking command failure status indicator...
2026-06-19 01:12:58,034 - MainProcess[BrowserManagerHandle-2887116648]- browser_manager      - INFO    : Starting to work on CommandSequence with visit_id 478432983582607 on browser with id 2887116648
2026-06-19 01:12:58,050 - MainProcess[MainThread]- storage_controller   - INFO    : Terminating handler for StorageControllerHandle, because the underlying socket closed
2026-06-19 01:12:58,046 - MainProcess[MainThread]- browser_manager      - INFO    : BROWSER 2887116648: EXECUTING COMMAND: InitializeCommand()
2026-06-19 01:12:58,063 - MainProcess[MainThread]- browser_manager      - INFO    : BROWSER 2887116648: EXECUTING COMMAND: GetCommand(https://www.elmundo.es/,15)
2026-06-19 01:12:58,285 - MainProcess[Thread-1 (_start_listener)]- FirefoxExtension     - DEBUG   : Setting visit_id the legacy way
2026-06-19 01:13:01,338 - MainProcess[log-interceptor-2887116648]- selenium_firefox     - DEBUG   : BROWSER 2887116648: driver: JavaScript warning: https://adtcdn.unidadeditorial.es/gexp/_gam_kv_.js, line 1: unreachable code after return statement
2026-06-19 01:13:01,339 - MainProcess[log-interceptor-2887116648]- selenium_firefox     - DEBUG   : BROWSER 2887116648: driver: JavaScript warning: https://adtcdn.unidadeditorial.es/gexp/_gam_kv_.js, line 1: unreachable code after return statement
2026-06-19 01:13:01,375 - MainProcess[log-interceptor-2887116648]- selenium_firefox     - DEBUG   : BROWSER 2887116648: driver: JavaScript warning: https://www.elmundo.es/, line 949: unreachable code after return statement
2026-06-19 01:13:01,823 - MainProcess[log-interceptor-2887116648]- selenium_firefox     - DEBUG   : BROWSER 2887116648: driver: JavaScript error: https://www.elmundo.es/, line 2226: TypeError: can't access property "mobile", navigator.userAgentData is undefined
2026-06-19 01:13:02,446 - MainProcess[MainThread]- storage_controller   - DEBUG   : StorageController status: There are currently 0 scheduled tasks for 1 visit_ids
2026-06-19 01:13:04,173 - MainProcess[log-interceptor-2887116648]- selenium_firefox     - DEBUG   : BROWSER 2887116648: driver: JavaScript warning: https://tags.tiqcdn.com/utag/unidadeditorial/elmundo/prod/utag.js, line 455: unreachable code after return statement
2026-06-19 01:13:07,454 - MainProcess[MainThread]- storage_controller   - DEBUG   : StorageController status: There are currently 0 scheduled tasks for 1 visit_ids
2026-06-19 01:13:10,384 - MainProcess[log-interceptor-2887116648]- selenium_firefox     - DEBUG   : BROWSER 2887116648: driver: JavaScript warning: https://tags.tiqcdn.com/utag/unidadeditorial/elmundo/prod/utag.js, line 455: unreachable code after return statement
2026-06-19 01:13:12,483 - MainProcess[MainThread]- storage_controller   - DEBUG   : StorageController status: There are currently 6 scheduled tasks for 1 visit_ids
2026-06-19 01:13:17,501 - MainProcess[MainThread]- storage_controller   - DEBUG   : StorageController status: There are currently 4 scheduled tasks for 1 visit_ids
2026-06-19 01:13:22,541 - MainProcess[MainThread]- storage_controller   - DEBUG   : StorageController status: There are currently 13 scheduled tasks for 1 visit_ids
2026-06-19 01:13:27,544 - MainProcess[MainThread]- storage_controller   - DEBUG   : StorageController status: There are currently 0 scheduled tasks for 1 visit_ids
2026-06-19 01:13:32,853 - MainProcess[MainThread]- storage_controller   - DEBUG   : StorageController status: There are currently 21 scheduled tasks for 1 visit_ids
2026-06-19 01:13:37,063 - MainProcess[MainThread]- browser_manager      - INFO    : BROWSER 2887116648: EXECUTING COMMAND: FinalizeCommand(5)
2026-06-19 01:13:37,619 - MainProcess[log-interceptor-2887116648]- selenium_firefox     - DEBUG   : BROWSER 2887116648: driver: JavaScript warning: https://sdk.mrf.io/statics/marfeel-sdk.js?id=2298, line 2: Script terminated by timeout at:
2026-06-19 01:13:37,621 - MainProcess[log-interceptor-2887116648]- selenium_firefox     - DEBUG   : BROWSER 2887116648: driver: getTimeSinceStart@https://sdk.mrf.io/statics/marfeel-sdk.js?id=2298:2:77541
2026-06-19 01:13:37,621 - MainProcess[log-interceptor-2887116648]- selenium_firefox     - DEBUG   : BROWSER 2887116648: driver: handleEvent@https://sdk.mrf.io/statics/marfeel-sdk.js?id=2298:2:77723
2026-06-19 01:13:37,622 - MainProcess[log-interceptor-2887116648]- selenium_firefox     - DEBUG   : BROWSER 2887116648: driver: eventTriggered@https://sdk.mrf.io/statics/marfeel-sdk.js?id=2298:2:77668
2026-06-19 01:13:37,622 - MainProcess[log-interceptor-2887116648]- selenium_firefox     - DEBUG   : BROWSER 2887116648: driver: 960/listenToEvents/this.removeBeforeLeavingListener<@https://sdk.mrf.io/statics/marfeel-sdk.js?id=2298:2:77106
2026-06-19 01:13:37,623 - MainProcess[log-interceptor-2887116648]- selenium_firefox     - DEBUG   : BROWSER 2887116648: driver: 960/P/<@https://sdk.mrf.io/statics/marfeel-sdk.js?id=2298:2:9348
2026-06-19 01:13:37,624 - MainProcess[log-interceptor-2887116648]- selenium_firefox     - DEBUG   : BROWSER 2887116648: driver: 
2026-06-19 01:13:37,655 - MainProcess[log-interceptor-2887116648]- selenium_firefox     - DEBUG   : BROWSER 2887116648: driver: JavaScript error: moz-extension://f65c792b-82f1-4ef2-bee2-d9043cc8a2e6/feature.js, line 737: TypeError: can't access property "windowId", sender.tab is undefined
2026-06-19 01:13:37,656 - MainProcess[log-interceptor-2887116648]- selenium_firefox     - DEBUG   : BROWSER 2887116648: driver: JavaScript error: moz-extension://f65c792b-82f1-4ef2-bee2-d9043cc8a2e6/feature.js, line 737: TypeError: can't access property "windowId", sender.tab is undefined
2026-06-19 01:13:37,656 - MainProcess[log-interceptor-2887116648]- selenium_firefox     - DEBUG   : BROWSER 2887116648: driver: JavaScript error: moz-extension://f65c792b-82f1-4ef2-bee2-d9043cc8a2e6/feature.js, line 737: TypeError: can't access property "windowId", sender.tab is undefined
2026-06-19 01:13:37,657 - MainProcess[log-interceptor-2887116648]- selenium_firefox     - DEBUG   : BROWSER 2887116648: driver: JavaScript error: moz-extension://f65c792b-82f1-4ef2-bee2-d9043cc8a2e6/feature.js, line 737: TypeError: can't access property "windowId", sender.tab is undefined
2026-06-19 01:13:37,673 - MainProcess[log-interceptor-2887116648]- selenium_firefox     - DEBUG   : BROWSER 2887116648: driver: JavaScript error: undefined, line 0: Error: can't access property "windowId", sender.tab is undefined
2026-06-19 01:13:37,675 - MainProcess[log-interceptor-2887116648]- selenium_firefox     - DEBUG   : BROWSER 2887116648: driver: JavaScript error: undefined, line 0: Error: can't access property "windowId", sender.tab is undefined
2026-06-19 01:13:37,676 - MainProcess[log-interceptor-2887116648]- selenium_firefox     - DEBUG   : BROWSER 2887116648: driver: JavaScript error: undefined, line 0: Error: can't access property "windowId", sender.tab is undefined
2026-06-19 01:13:37,676 - MainProcess[log-interceptor-2887116648]- selenium_firefox     - DEBUG   : BROWSER 2887116648: driver: JavaScript error: undefined, line 0: Error: can't access property "windowId", sender.tab is undefined
2026-06-19 01:13:37,717 - MainProcess[log-interceptor-2887116648]- selenium_firefox     - DEBUG   : BROWSER 2887116648: driver: JavaScript error: moz-extension://f65c792b-82f1-4ef2-bee2-d9043cc8a2e6/feature.js, line 737: TypeError: can't access property "windowId", sender.tab is undefined
2026-06-19 01:13:37,719 - MainProcess[log-interceptor-2887116648]- selenium_firefox     - DEBUG   : BROWSER 2887116648: driver: JavaScript error: moz-extension://f65c792b-82f1-4ef2-bee2-d9043cc8a2e6/feature.js, line 737: TypeError: can't access property "windowId", sender.tab is undefined
2026-06-19 01:13:37,724 - MainProcess[log-interceptor-2887116648]- selenium_firefox     - DEBUG   : BROWSER 2887116648: driver: JavaScript error: moz-extension://f65c792b-82f1-4ef2-bee2-d9043cc8a2e6/feature.js, line 737: TypeError: can't access property "windowId", sender.tab is undefined
2026-06-19 01:13:37,725 - MainProcess[log-interceptor-2887116648]- selenium_firefox     - DEBUG   : BROWSER 2887116648: driver: JavaScript error: moz-extension://f65c792b-82f1-4ef2-bee2-d9043cc8a2e6/feature.js, line 737: TypeError: can't access property "windowId", sender.tab is undefined
2026-06-19 01:13:37,726 - MainProcess[log-interceptor-2887116648]- selenium_firefox     - DEBUG   : BROWSER 2887116648: driver: JavaScript error: undefined, line 0: Error: can't access property "windowId", sender.tab is undefined
2026-06-19 01:13:37,727 - MainProcess[log-interceptor-2887116648]- selenium_firefox     - DEBUG   : BROWSER 2887116648: driver: JavaScript error: undefined, line 0: Error: can't access property "windowId", sender.tab is undefined
2026-06-19 01:13:37,728 - MainProcess[log-interceptor-2887116648]- selenium_firefox     - DEBUG   : BROWSER 2887116648: driver: JavaScript error: undefined, line 0: Error: can't access property "windowId", sender.tab is undefined
2026-06-19 01:13:37,728 - MainProcess[log-interceptor-2887116648]- selenium_firefox     - DEBUG   : BROWSER 2887116648: driver: JavaScript error: undefined, line 0: Error: can't access property "windowId", sender.tab is undefined
2026-06-19 01:13:37,749 - MainProcess[log-interceptor-2887116648]- selenium_firefox     - DEBUG   : BROWSER 2887116648: driver: JavaScript error: undefined, line 0: Error: Invalid tab ID: 1
2026-06-19 01:13:37,750 - MainProcess[log-interceptor-2887116648]- selenium_firefox     - DEBUG   : BROWSER 2887116648: driver: JavaScript error: undefined, line 0: Error: Invalid tab ID: 1
2026-06-19 01:13:37,750 - MainProcess[log-interceptor-2887116648]- selenium_firefox     - DEBUG   : BROWSER 2887116648: driver: JavaScript error: undefined, line 0: Error: Invalid tab ID: 1
2026-06-19 01:13:37,818 - MainProcess[log-interceptor-2887116648]- selenium_firefox     - DEBUG   : BROWSER 2887116648: driver: JavaScript error: , line 0: TypeError: NetworkError when attempting to fetch resource.
2026-06-19 01:13:37,819 - MainProcess[log-interceptor-2887116648]- selenium_firefox     - DEBUG   : BROWSER 2887116648: driver: JavaScript error: , line 0: TypeError: NetworkError when attempting to fetch resource.
2026-06-19 01:13:37,860 - MainProcess[MainThread]- storage_controller   - DEBUG   : StorageController status: There are currently 0 scheduled tasks for 1 visit_ids
2026-06-19 01:13:39,205 - MainProcess[log-interceptor-2887116648]- selenium_firefox     - DEBUG   : BROWSER 2887116648: driver: JavaScript error: moz-src:///browser/components/search/SearchOneOffs.sys.mjs, line 392: TypeError: aEngine.getIconURL is not a function
2026-06-19 01:13:42,863 - MainProcess[MainThread]- storage_controller   - DEBUG   : StorageController status: There are currently 0 scheduled tasks for 1 visit_ids
2026-06-19 01:13:42,890 - MainProcess[BrowserManagerHandle-2887116648]- browser_manager      - INFO    : Finished working on CommandSequence with visit_id 478432983582607 on browser with id 2887116648
2026-06-19 01:13:42,894 - MainProcess[MainThread]- storage_controller   - INFO    : Awaiting all tasks for visit_id 478432983582607
2026-06-19 01:13:42,898 - MainProcess[MainThread]- storage_controller   - DEBUG   : Awaited all tasks for visit_id 478432983582607 while finalizing
2026-06-19 01:13:44,891 - MainProcess[MainThread]- browser_manager      - DEBUG   : BROWSER 2887116648: Closing browser manager...
2026-06-19 01:13:44,892 - MainProcess[MainThread]- browser_manager      - DEBUG   : BROWSER 2887116648: Closing browser...
2026-06-19 01:13:44,892 - MainProcess[MainThread]- browser_manager      - DEBUG   : BROWSER 2887116648: Joining command thread
2026-06-19 01:13:44,893 - MainProcess[MainThread]- browser_manager      - DEBUG   : BROWSER 2887116648: 0.000021 seconds to join command thread
2026-06-19 01:13:44,900 - MainProcess[log-interceptor-2887116648]- selenium_firefox     - DEBUG   : BROWSER 2887116648: driver: 1781824424898	Marionette	INFO	Stopped listening on port 21709
2026-06-19 01:13:46,076 - MainProcess[log-interceptor-2887116648]- selenium_firefox     - DEBUG   : BROWSER 2887116648: driver: console.warn: TopSitesFeed: Failed to fetch data from MARS server: NetworkError when attempting to fetch resource.
2026-06-19 01:13:46,119 - MainProcess[log-interceptor-2887116648]- selenium_firefox     - DEBUG   : BROWSER 2887116648: driver: console.error: "error_support::handling: remote-settings-unexpected: Error sending request: [no-sentry] Backend error: Failed to get response status (0x80040111)"
2026-06-19 01:13:46,120 - MainProcess[log-interceptor-2887116648]- selenium_firefox     - DEBUG   : BROWSER 2887116648: driver: console.error: "app-services-error-reporter::error: Error sending request: [no-sentry] Backend error: Failed to get response status (0x80040111)"
2026-06-19 01:13:46,121 - MainProcess[log-interceptor-2887116648]- selenium_firefox     - DEBUG   : BROWSER 2887116648: driver: console.error: "error_support::handling: suggest-unexpected: Error from Remote Settings: Remote settings error: Error sending request: [no-sentry] Backend error: Failed to get response status (0x80040111)"
2026-06-19 01:13:46,121 - MainProcess[log-interceptor-2887116648]- selenium_firefox     - DEBUG   : BROWSER 2887116648: driver: console.error: "app-services-error-reporter::error: Error from Remote Settings: Remote settings error: Error sending request: [no-sentry] Backend error: Failed to get response status (0x80040111)"
2026-06-19 01:13:46,122 - MainProcess[log-interceptor-2887116648]- selenium_firefox     - DEBUG   : BROWSER 2887116648: driver: console.error: URLBar - QuickSuggest.SuggestBackendRust: "Ingest error" ({type:"Weather", error:(new Error("reason: Error from Remote Settings: Remote settings error: Error sending request: [no-sentry] Backend error: Failed to get response status (0x80040111)", "moz-src:///toolkit/components/uniffi-bindgen-gecko-js/components/generated/RustSuggest.sys.mjs", 3593)), reason:"Error from Remote Settings: Remote settings error: Error sending request: [no-sentry] Backend error: Failed to get response status (0x80040111)"})
2026-06-19 01:13:46,175 - MainProcess[log-interceptor-2887116648]- selenium_firefox     - DEBUG   : BROWSER 2887116648: driver: console.error: RemoteSecuritySettings:
2026-06-19 01:13:46,176 - MainProcess[log-interceptor-2887116648]- selenium_firefox     - DEBUG   : BROWSER 2887116648: driver: failed to download CRLite filter
2026-06-19 01:13:46,188 - MainProcess[log-interceptor-2887116648]- selenium_firefox     - DEBUG   : BROWSER 2887116648: driver: Object
2026-06-19 01:13:46,188 - MainProcess[log-interceptor-2887116648]- selenium_firefox     - DEBUG   : BROWSER 2887116648: driver: - prototype Object
2026-06-19 01:13:46,189 - MainProcess[log-interceptor-2887116648]- selenium_firefox     - DEBUG   : BROWSER 2887116648: driver: - columnNumber = 11
2026-06-19 01:13:46,189 - MainProcess[log-interceptor-2887116648]- selenium_firefox     - DEBUG   : BROWSER 2887116648: driver: - data = null
2026-06-19 01:13:46,190 - MainProcess[log-interceptor-2887116648]- selenium_firefox     - DEBUG   : BROWSER 2887116648: driver: - filename = resource://gre/modules/ServiceRequest.sys.mjs
2026-06-19 01:13:46,190 - MainProcess[log-interceptor-2887116648]- selenium_firefox     - DEBUG   : BROWSER 2887116648: driver: - lineNumber = 126
2026-06-19 01:13:46,190 - MainProcess[log-interceptor-2887116648]- selenium_firefox     - DEBUG   : BROWSER 2887116648: driver: - location = {"name":"open","filename":"resource://gre/modules/ServiceRequest.sys.mjs","sourceId":25,"lineNumber":126,"columnNumber":11,"asyncCause":null,"asyncCaller":null,"caller":{"filename":"resource://services-settings/Utils.sys.mjs","name":"fetch/<","sourceId":24,"lineNumber":273,"columnNumber":15,"asyncCause":null,"asyncCaller":null,"caller":{"filename":"resource://services-settings/Utils.sys.mjs","name":"fetch","sourceId":24,"lineNumber":224,"columnNumber":12,"asyncCause":null,"asyncCaller":null,"caller":{"filename":"resource://services-settings/Attachments.sys.mjs","name":"_fetchAttachment","sourceId":23,"lineNumber":560,"columnNumber":35,"asyncCause":null,"asyncCaller":null,"caller":{"filename":"resource://services-settings/Attachments.sys.mjs","name":"downloadAsBytes","sourceId":23,"lineNumber":537,"columnNumber":35,"asyncCause":null,"asyncCaller":null,"caller":null,"formattedStack":"downloadAsBytes@resource://services-settings/Attachments.sys.mjs:537:35\n","nativeSavedFrame":{}},"formattedStack":"_fetchAttachment@resource://services-settings/Attachments.sys.mjs:560:35\ndownloadAsBytes@resource://services-settings/Attachments.sys.mjs:537:35\n","nativeSavedFrame":{}},"formattedStack":"fetch@resource://services-settings/Utils.sys.mjs:224:12\n_fetchAttachment@resource://services-settings/Attachments.sys.mjs:560:35\ndownloadAsBytes@resource://services-settings/Attachments.sys.mjs:537:35\n","nativeSavedFrame":{}},"formattedStack":"fetch/<@resource://services-settings/Utils.sys.mjs:273:15\nfetch@resource://services-settings/Utils.sys.mjs:224:12\n_fetchAttachment@resource://services-settings/Attachments.sys.mjs:560:35\ndownloadAsBytes@resource://services-settings/Attachments.sys.mjs:537:35\n","nativeSavedFrame":{}},"formattedStack":"open@resource://gre/modules/ServiceRequest.sys.mjs:126:11\nfetch/<@resource://services-settings/Utils.sys.mjs:273:15\nfetch@resource://services-settings/Utils.sys.mjs:224:12\n_fetchAttachment@resource://services-settings/Attachments.sys.mjs:560:35\ndownloadAsBytes@resource://services-settings/Attachments.sys.mjs:537:35\n","nativeSavedFrame":{}}
2026-06-19 01:13:46,191 - MainProcess[log-interceptor-2887116648]- selenium_firefox     - DEBUG   : BROWSER 2887116648: driver: - message =
2026-06-19 01:13:46,191 - MainProcess[log-interceptor-2887116648]- selenium_firefox     - DEBUG   : BROWSER 2887116648: driver: - name =
2026-06-19 01:13:46,192 - MainProcess[log-interceptor-2887116648]- selenium_firefox     - DEBUG   : BROWSER 2887116648: driver: - result = 2152071198
2026-06-19 01:13:46,192 - MainProcess[log-interceptor-2887116648]- selenium_firefox     - DEBUG   : BROWSER 2887116648: driver: - stack = open@resource://gre/modules/ServiceRequest.sys.mjs:126:11|fetch/<@resource://services-settings/Utils.sys.mjs:273:15|fetch@resource://services-settings/Utils.sys.mjs:224:12|_fetchAttachment@resource://services-settings/Attachments.sys.mjs:560:35|downloadAsBytes@resource://services-settings/Attachments.sys.mjs:537:35|
2026-06-19 01:13:46,193 - MainProcess[log-interceptor-2887116648]- selenium_firefox     - DEBUG   : BROWSER 2887116648: driver: - prototype Object
2026-06-19 01:13:46,193 - MainProcess[log-interceptor-2887116648]- selenium_firefox     - DEBUG   : BROWSER 2887116648: driver: console.error: RemoteSecuritySettings:
2026-06-19 01:13:46,193 - MainProcess[log-interceptor-2887116648]- selenium_firefox     - DEBUG   : BROWSER 2887116648: driver: failed to download CRLite filter
2026-06-19 01:13:46,194 - MainProcess[log-interceptor-2887116648]- selenium_firefox     - DEBUG   : BROWSER 2887116648: driver: Object
2026-06-19 01:13:46,194 - MainProcess[log-interceptor-2887116648]- selenium_firefox     - DEBUG   : BROWSER 2887116648: driver: - prototype Object
2026-06-19 01:13:46,195 - MainProcess[log-interceptor-2887116648]- selenium_firefox     - DEBUG   : BROWSER 2887116648: driver: - columnNumber = 11
2026-06-19 01:13:46,195 - MainProcess[log-interceptor-2887116648]- selenium_firefox     - DEBUG   : BROWSER 2887116648: driver: - data = null
2026-06-19 01:13:46,195 - MainProcess[log-interceptor-2887116648]- selenium_firefox     - DEBUG   : BROWSER 2887116648: driver: - filename = resource://gre/modules/ServiceRequest.sys.mjs
2026-06-19 01:13:46,196 - MainProcess[log-interceptor-2887116648]- selenium_firefox     - DEBUG   : BROWSER 2887116648: driver: - lineNumber = 126
2026-06-19 01:13:46,196 - MainProcess[log-interceptor-2887116648]- selenium_firefox     - DEBUG   : BROWSER 2887116648: driver: - location = {"name":"open","filename":"resource://gre/modules/ServiceRequest.sys.mjs","sourceId":25,"lineNumber":126,"columnNumber":11,"asyncCause":null,"asyncCaller":null,"caller":{"filename":"resource://services-settings/Utils.sys.mjs","name":"fetch/<","sourceId":24,"lineNumber":273,"columnNumber":15,"asyncCause":null,"asyncCaller":null,"caller":{"filename":"resource://services-settings/Utils.sys.mjs","name":"fetch","sourceId":24,"lineNumber":224,"columnNumber":12,"asyncCause":null,"asyncCaller":null,"caller":{"filename":"resource://services-settings/Attachments.sys.mjs","name":"_fetchAttachment","sourceId":23,"lineNumber":560,"columnNumber":35,"asyncCause":null,"asyncCaller":null,"caller":{"filename":"resource://services-settings/Attachments.sys.mjs","name":"downloadAsBytes","sourceId":23,"lineNumber":537,"columnNumber":35,"asyncCause":null,"asyncCaller":null,"caller":null,"formattedStack":"downloadAsBytes@resource://services-settings/Attachments.sys.mjs:537:35\n","nativeSavedFrame":{}},"formattedStack":"_fetchAttachment@resource://services-settings/Attachments.sys.mjs:560:35\ndownloadAsBytes@resource://services-settings/Attachments.sys.mjs:537:35\n","nativeSavedFrame":{}},"formattedStack":"fetch@resource://services-settings/Utils.sys.mjs:224:12\n_fetchAttachment@resource://services-settings/Attachments.sys.mjs:560:35\ndownloadAsBytes@resource://services-settings/Attachments.sys.mjs:537:35\n","nativeSavedFrame":{}},"formattedStack":"fetch/<@resource://services-settings/Utils.sys.mjs:273:15\nfetch@resource://services-settings/Utils.sys.mjs:224:12\n_fetchAttachment@resource://services-settings/Attachments.sys.mjs:560:35\ndownloadAsBytes@resource://services-settings/Attachments.sys.mjs:537:35\n","nativeSavedFrame":{}},"formattedStack":"open@resource://gre/modules/ServiceRequest.sys.mjs:126:11\nfetch/<@resource://services-settings/Utils.sys.mjs:273:15\nfetch@resource://services-settings/Utils.sys.mjs:224:12\n_fetchAttachment@resource://services-settings/Attachments.sys.mjs:560:35\ndownloadAsBytes@resource://services-settings/Attachments.sys.mjs:537:35\n","nativeSavedFrame":{}}
2026-06-19 01:13:46,196 - MainProcess[log-interceptor-2887116648]- selenium_firefox     - DEBUG   : BROWSER 2887116648: driver: - message =
2026-06-19 01:13:46,197 - MainProcess[log-interceptor-2887116648]- selenium_firefox     - DEBUG   : BROWSER 2887116648: driver: - name =
2026-06-19 01:13:46,197 - MainProcess[log-interceptor-2887116648]- selenium_firefox     - DEBUG   : BROWSER 2887116648: driver: - result = 2152071198
2026-06-19 01:13:46,198 - MainProcess[log-interceptor-2887116648]- selenium_firefox     - DEBUG   : BROWSER 2887116648: driver: - stack = open@resource://gre/modules/ServiceRequest.sys.mjs:126:11|fetch/<@resource://services-settings/Utils.sys.mjs:273:15|fetch@resource://services-settings/Utils.sys.mjs:224:12|_fetchAttachment@resource://services-settings/Attachments.sys.mjs:560:35|downloadAsBytes@resource://services-settings/Attachments.sys.mjs:537:35|
2026-06-19 01:13:46,198 - MainProcess[log-interceptor-2887116648]- selenium_firefox     - DEBUG   : BROWSER 2887116648: driver: - prototype Object
2026-06-19 01:13:46,199 - MainProcess[log-interceptor-2887116648]- selenium_firefox     - DEBUG   : BROWSER 2887116648: driver: console.error: RemoteSecuritySettings:
2026-06-19 01:13:46,199 - MainProcess[log-interceptor-2887116648]- selenium_firefox     - DEBUG   : BROWSER 2887116648: driver: failed to download CRLite filter
2026-06-19 01:13:46,200 - MainProcess[log-interceptor-2887116648]- selenium_firefox     - DEBUG   : BROWSER 2887116648: driver: Object
2026-06-19 01:13:46,200 - MainProcess[log-interceptor-2887116648]- selenium_firefox     - DEBUG   : BROWSER 2887116648: driver: - prototype Object
2026-06-19 01:13:46,201 - MainProcess[log-interceptor-2887116648]- selenium_firefox     - DEBUG   : BROWSER 2887116648: driver: - columnNumber = 11
2026-06-19 01:13:46,201 - MainProcess[log-interceptor-2887116648]- selenium_firefox     - DEBUG   : BROWSER 2887116648: driver: - data = null
2026-06-19 01:13:46,202 - MainProcess[log-interceptor-2887116648]- selenium_firefox     - DEBUG   : BROWSER 2887116648: driver: - filename = resource://gre/modules/ServiceRequest.sys.mjs
2026-06-19 01:13:46,202 - MainProcess[log-interceptor-2887116648]- selenium_firefox     - DEBUG   : BROWSER 2887116648: driver: - lineNumber = 126
2026-06-19 01:13:46,203 - MainProcess[log-interceptor-2887116648]- selenium_firefox     - DEBUG   : BROWSER 2887116648: driver: - location = {"name":"open","filename":"resource://gre/modules/ServiceRequest.sys.mjs","sourceId":25,"lineNumber":126,"columnNumber":11,"asyncCause":null,"asyncCaller":null,"caller":{"filename":"resource://services-settings/Utils.sys.mjs","name":"fetch/<","sourceId":24,"lineNumber":273,"columnNumber":15,"asyncCause":null,"asyncCaller":null,"caller":{"filename":"resource://services-settings/Utils.sys.mjs","name":"fetch","sourceId":24,"lineNumber":224,"columnNumber":12,"asyncCause":null,"asyncCaller":null,"caller":{"filename":"resource://services-settings/Attachments.sys.mjs","name":"_fetchAttachment","sourceId":23,"lineNumber":560,"columnNumber":35,"asyncCause":null,"asyncCaller":null,"caller":{"filename":"resource://services-settings/Attachments.sys.mjs","name":"downloadAsBytes","sourceId":23,"lineNumber":537,"columnNumber":35,"asyncCause":null,"asyncCaller":null,"caller":null,"formattedStack":"downloadAsBytes@resource://services-settings/Attachments.sys.mjs:537:35\n","nativeSavedFrame":{}},"formattedStack":"_fetchAttachment@resource://services-settings/Attachments.sys.mjs:560:35\ndownloadAsBytes@resource://services-settings/Attachments.sys.mjs:537:35\n","nativeSavedFrame":{}},"formattedStack":"fetch@resource://services-settings/Utils.sys.mjs:224:12\n_fetchAttachment@resource://services-settings/Attachments.sys.mjs:560:35\ndownloadAsBytes@resource://services-settings/Attachments.sys.mjs:537:35\n","nativeSavedFrame":{}},"formattedStack":"fetch/<@resource://services-settings/Utils.sys.mjs:273:15\nfetch@resource://services-settings/Utils.sys.mjs:224:12\n_fetchAttachment@resource://services-settings/Attachments.sys.mjs:560:35\ndownloadAsBytes@resource://services-settings/Attachments.sys.mjs:537:35\n","nativeSavedFrame":{}},"formattedStack":"open@resource://gre/modules/ServiceRequest.sys.mjs:126:11\nfetch/<@resource://services-settings/Utils.sys.mjs:273:15\nfetch@resource://services-settings/Utils.sys.mjs:224:12\n_fetchAttachment@resource://services-settings/Attachments.sys.mjs:560:35\ndownloadAsBytes@resource://services-settings/Attachments.sys.mjs:537:35\n","nativeSavedFrame":{}}
2026-06-19 01:13:46,203 - MainProcess[log-interceptor-2887116648]- selenium_firefox     - DEBUG   : BROWSER 2887116648: driver: - message =
2026-06-19 01:13:46,203 - MainProcess[log-interceptor-2887116648]- selenium_firefox     - DEBUG   : BROWSER 2887116648: driver: - name =
2026-06-19 01:13:46,204 - MainProcess[log-interceptor-2887116648]- selenium_firefox     - DEBUG   : BROWSER 2887116648: driver: - result = 2152071198
2026-06-19 01:13:46,204 - MainProcess[log-interceptor-2887116648]- selenium_firefox     - DEBUG   : BROWSER 2887116648: driver: - stack = open@resource://gre/modules/ServiceRequest.sys.mjs:126:11|fetch/<@resource://services-settings/Utils.sys.mjs:273:15|fetch@resource://services-settings/Utils.sys.mjs:224:12|_fetchAttachment@resource://services-settings/Attachments.sys.mjs:560:35|downloadAsBytes@resource://services-settings/Attachments.sys.mjs:537:35|
2026-06-19 01:13:46,204 - MainProcess[log-interceptor-2887116648]- selenium_firefox     - DEBUG   : BROWSER 2887116648: driver: - prototype Object
2026-06-19 01:13:46,205 - MainProcess[log-interceptor-2887116648]- selenium_firefox     - DEBUG   : BROWSER 2887116648: driver: console.error: RemoteSecuritySettings:
2026-06-19 01:13:46,205 - MainProcess[log-interceptor-2887116648]- selenium_firefox     - DEBUG   : BROWSER 2887116648: driver: failed to download CRLite filter
2026-06-19 01:13:46,206 - MainProcess[log-interceptor-2887116648]- selenium_firefox     - DEBUG   : BROWSER 2887116648: driver: Object
2026-06-19 01:13:46,206 - MainProcess[log-interceptor-2887116648]- selenium_firefox     - DEBUG   : BROWSER 2887116648: driver: - prototype Object
2026-06-19 01:13:46,207 - MainProcess[log-interceptor-2887116648]- selenium_firefox     - DEBUG   : BROWSER 2887116648: driver: - columnNumber = 11
2026-06-19 01:13:46,207 - MainProcess[log-interceptor-2887116648]- selenium_firefox     - DEBUG   : BROWSER 2887116648: driver: - data = null
2026-06-19 01:13:46,207 - MainProcess[log-interceptor-2887116648]- selenium_firefox     - DEBUG   : BROWSER 2887116648: driver: - filename = resource://gre/modules/ServiceRequest.sys.mjs
2026-06-19 01:13:46,208 - MainProcess[log-interceptor-2887116648]- selenium_firefox     - DEBUG   : BROWSER 2887116648: driver: - lineNumber = 126
2026-06-19 01:13:46,208 - MainProcess[log-interceptor-2887116648]- selenium_firefox     - DEBUG   : BROWSER 2887116648: driver: - location = {"name":"open","filename":"resource://gre/modules/ServiceRequest.sys.mjs","sourceId":25,"lineNumber":126,"columnNumber":11,"asyncCause":null,"asyncCaller":null,"caller":{"filename":"resource://services-settings/Utils.sys.mjs","name":"fetch/<","sourceId":24,"lineNumber":273,"columnNumber":15,"asyncCause":null,"asyncCaller":null,"caller":{"filename":"resource://services-settings/Utils.sys.mjs","name":"fetch","sourceId":24,"lineNumber":224,"columnNumber":12,"asyncCause":null,"asyncCaller":null,"caller":{"filename":"resource://services-settings/Attachments.sys.mjs","name":"_fetchAttachment","sourceId":23,"lineNumber":560,"columnNumber":35,"asyncCause":null,"asyncCaller":null,"caller":{"filename":"resource://services-settings/Attachments.sys.mjs","name":"downloadAsBytes","sourceId":23,"lineNumber":537,"columnNumber":35,"asyncCause":null,"asyncCaller":null,"caller":null,"formattedStack":"downloadAsBytes@resource://services-settings/Attachments.sys.mjs:537:35\n","nativeSavedFrame":{}},"formattedStack":"_fetchAttachment@resource://services-settings/Attachments.sys.mjs:560:35\ndownloadAsBytes@resource://services-settings/Attachments.sys.mjs:537:35\n","nativeSavedFrame":{}},"formattedStack":"fetch@resource://services-settings/Utils.sys.mjs:224:12\n_fetchAttachment@resource://services-settings/Attachments.sys.mjs:560:35\ndownloadAsBytes@resource://services-settings/Attachments.sys.mjs:537:35\n","nativeSavedFrame":{}},"formattedStack":"fetch/<@resource://services-settings/Utils.sys.mjs:273:15\nfetch@resource://services-settings/Utils.sys.mjs:224:12\n_fetchAttachment@resource://services-settings/Attachments.sys.mjs:560:35\ndownloadAsBytes@resource://services-settings/Attachments.sys.mjs:537:35\n","nativeSavedFrame":{}},"formattedStack":"open@resource://gre/modules/ServiceRequest.sys.mjs:126:11\nfetch/<@resource://services-settings/Utils.sys.mjs:273:15\nfetch@resource://services-settings/Utils.sys.mjs:224:12\n_fetchAttachment@resource://services-settings/Attachments.sys.mjs:560:35\ndownloadAsBytes@resource://services-settings/Attachments.sys.mjs:537:35\n","nativeSavedFrame":{}}
2026-06-19 01:13:46,208 - MainProcess[log-interceptor-2887116648]- selenium_firefox     - DEBUG   : BROWSER 2887116648: driver: - message =
2026-06-19 01:13:46,209 - MainProcess[log-interceptor-2887116648]- selenium_firefox     - DEBUG   : BROWSER 2887116648: driver: - name =
2026-06-19 01:13:46,209 - MainProcess[log-interceptor-2887116648]- selenium_firefox     - DEBUG   : BROWSER 2887116648: driver: - result = 2152071198
2026-06-19 01:13:46,210 - MainProcess[log-interceptor-2887116648]- selenium_firefox     - DEBUG   : BROWSER 2887116648: driver: - stack = open@resource://gre/modules/ServiceRequest.sys.mjs:126:11|fetch/<@resource://services-settings/Utils.sys.mjs:273:15|fetch@resource://services-settings/Utils.sys.mjs:224:12|_fetchAttachment@resource://services-settings/Attachments.sys.mjs:560:35|downloadAsBytes@resource://services-settings/Attachments.sys.mjs:537:35|
2026-06-19 01:13:46,210 - MainProcess[log-interceptor-2887116648]- selenium_firefox     - DEBUG   : BROWSER 2887116648: driver: - prototype Object
2026-06-19 01:13:46,211 - MainProcess[log-interceptor-2887116648]- selenium_firefox     - DEBUG   : BROWSER 2887116648: driver: console.error: RemoteSecuritySettings:
2026-06-19 01:13:46,211 - MainProcess[log-interceptor-2887116648]- selenium_firefox     - DEBUG   : BROWSER 2887116648: driver: failed to download CRLite filter
2026-06-19 01:13:46,212 - MainProcess[log-interceptor-2887116648]- selenium_firefox     - DEBUG   : BROWSER 2887116648: driver: Object
2026-06-19 01:13:46,212 - MainProcess[log-interceptor-2887116648]- selenium_firefox     - DEBUG   : BROWSER 2887116648: driver: - prototype Object
2026-06-19 01:13:46,213 - MainProcess[log-interceptor-2887116648]- selenium_firefox     - DEBUG   : BROWSER 2887116648: driver: - columnNumber = 11
2026-06-19 01:13:46,213 - MainProcess[log-interceptor-2887116648]- selenium_firefox     - DEBUG   : BROWSER 2887116648: driver: - data = null
2026-06-19 01:13:46,214 - MainProcess[log-interceptor-2887116648]- selenium_firefox     - DEBUG   : BROWSER 2887116648: driver: - filename = resource://gre/modules/ServiceRequest.sys.mjs
2026-06-19 01:13:46,214 - MainProcess[log-interceptor-2887116648]- selenium_firefox     - DEBUG   : BROWSER 2887116648: driver: - lineNumber = 126
2026-06-19 01:13:46,214 - MainProcess[log-interceptor-2887116648]- selenium_firefox     - DEBUG   : BROWSER 2887116648: driver: - location = {"name":"open","filename":"resource://gre/modules/ServiceRequest.sys.mjs","sourceId":25,"lineNumber":126,"columnNumber":11,"asyncCause":null,"asyncCaller":null,"caller":{"filename":"resource://services-settings/Utils.sys.mjs","name":"fetch/<","sourceId":24,"lineNumber":273,"columnNumber":15,"asyncCause":null,"asyncCaller":null,"caller":{"filename":"resource://services-settings/Utils.sys.mjs","name":"fetch","sourceId":24,"lineNumber":224,"columnNumber":12,"asyncCause":null,"asyncCaller":null,"caller":{"filename":"resource://services-settings/Attachments.sys.mjs","name":"_fetchAttachment","sourceId":23,"lineNumber":560,"columnNumber":35,"asyncCause":null,"asyncCaller":null,"caller":{"filename":"resource://services-settings/Attachments.sys.mjs","name":"downloadAsBytes","sourceId":23,"lineNumber":537,"columnNumber":35,"asyncCause":null,"asyncCaller":null,"caller":null,"formattedStack":"downloadAsBytes@resource://services-settings/Attachments.sys.mjs:537:35\n","nativeSavedFrame":{}},"formattedStack":"_fetchAttachment@resource://services-settings/Attachments.sys.mjs:560:35\ndownloadAsBytes@resource://services-settings/Attachments.sys.mjs:537:35\n","nativeSavedFrame":{}},"formattedStack":"fetch@resource://services-settings/Utils.sys.mjs:224:12\n_fetchAttachment@resource://services-settings/Attachments.sys.mjs:560:35\ndownloadAsBytes@resource://services-settings/Attachments.sys.mjs:537:35\n","nativeSavedFrame":{}},"formattedStack":"fetch/<@resource://services-settings/Utils.sys.mjs:273:15\nfetch@resource://services-settings/Utils.sys.mjs:224:12\n_fetchAttachment@resource://services-settings/Attachments.sys.mjs:560:35\ndownloadAsBytes@resource://services-settings/Attachments.sys.mjs:537:35\n","nativeSavedFrame":{}},"formattedStack":"open@resource://gre/modules/ServiceRequest.sys.mjs:126:11\nfetch/<@resource://services-settings/Utils.sys.mjs:273:15\nfetch@resource://services-settings/Utils.sys.mjs:224:12\n_fetchAttachment@resource://services-settings/Attachments.sys.mjs:560:35\ndownloadAsBytes@resource://services-settings/Attachments.sys.mjs:537:35\n","nativeSavedFrame":{}}
2026-06-19 01:13:46,215 - MainProcess[log-interceptor-2887116648]- selenium_firefox     - DEBUG   : BROWSER 2887116648: driver: - message =
2026-06-19 01:13:46,215 - MainProcess[log-interceptor-2887116648]- selenium_firefox     - DEBUG   : BROWSER 2887116648: driver: - name =
2026-06-19 01:13:46,216 - MainProcess[log-interceptor-2887116648]- selenium_firefox     - DEBUG   : BROWSER 2887116648: driver: - result = 2152071198
2026-06-19 01:13:46,216 - MainProcess[log-interceptor-2887116648]- selenium_firefox     - DEBUG   : BROWSER 2887116648: driver: - stack = open@resource://gre/modules/ServiceRequest.sys.mjs:126:11|fetch/<@resource://services-settings/Utils.sys.mjs:273:15|fetch@resource://services-settings/Utils.sys.mjs:224:12|_fetchAttachment@resource://services-settings/Attachments.sys.mjs:560:35|downloadAsBytes@resource://services-settings/Attachments.sys.mjs:537:35|
2026-06-19 01:13:46,217 - MainProcess[log-interceptor-2887116648]- selenium_firefox     - DEBUG   : BROWSER 2887116648: driver: - prototype Object
2026-06-19 01:13:46,217 - MainProcess[log-interceptor-2887116648]- selenium_firefox     - DEBUG   : BROWSER 2887116648: driver: console.error: RemoteSecuritySettings:
2026-06-19 01:13:46,218 - MainProcess[log-interceptor-2887116648]- selenium_firefox     - DEBUG   : BROWSER 2887116648: driver: failed to download CRLite filter
2026-06-19 01:13:46,218 - MainProcess[log-interceptor-2887116648]- selenium_firefox     - DEBUG   : BROWSER 2887116648: driver: Object
2026-06-19 01:13:46,218 - MainProcess[log-interceptor-2887116648]- selenium_firefox     - DEBUG   : BROWSER 2887116648: driver: - prototype Object
2026-06-19 01:13:46,218 - MainProcess[log-interceptor-2887116648]- selenium_firefox     - DEBUG   : BROWSER 2887116648: driver: - columnNumber = 11
2026-06-19 01:13:46,219 - MainProcess[log-interceptor-2887116648]- selenium_firefox     - DEBUG   : BROWSER 2887116648: driver: - data = null
2026-06-19 01:13:46,219 - MainProcess[log-interceptor-2887116648]- selenium_firefox     - DEBUG   : BROWSER 2887116648: driver: - filename = resource://gre/modules/ServiceRequest.sys.mjs
2026-06-19 01:13:46,219 - MainProcess[log-interceptor-2887116648]- selenium_firefox     - DEBUG   : BROWSER 2887116648: driver: - lineNumber = 126
2026-06-19 01:13:46,220 - MainProcess[log-interceptor-2887116648]- selenium_firefox     - DEBUG   : BROWSER 2887116648: driver: - location = {"name":"open","filename":"resource://gre/modules/ServiceRequest.sys.mjs","sourceId":25,"lineNumber":126,"columnNumber":11,"asyncCause":null,"asyncCaller":null,"caller":{"filename":"resource://services-settings/Utils.sys.mjs","name":"fetch/<","sourceId":24,"lineNumber":273,"columnNumber":15,"asyncCause":null,"asyncCaller":null,"caller":{"filename":"resource://services-settings/Utils.sys.mjs","name":"fetch","sourceId":24,"lineNumber":224,"columnNumber":12,"asyncCause":null,"asyncCaller":null,"caller":{"filename":"resource://services-settings/Attachments.sys.mjs","name":"_fetchAttachment","sourceId":23,"lineNumber":560,"columnNumber":35,"asyncCause":null,"asyncCaller":null,"caller":{"filename":"resource://services-settings/Attachments.sys.mjs","name":"downloadAsBytes","sourceId":23,"lineNumber":537,"columnNumber":35,"asyncCause":null,"asyncCaller":null,"caller":null,"formattedStack":"downloadAsBytes@resource://services-settings/Attachments.sys.mjs:537:35\n","nativeSavedFrame":{}},"formattedStack":"_fetchAttachment@resource://services-settings/Attachments.sys.mjs:560:35\ndownloadAsBytes@resource://services-settings/Attachments.sys.mjs:537:35\n","nativeSavedFrame":{}},"formattedStack":"fetch@resource://services-settings/Utils.sys.mjs:224:12\n_fetchAttachment@resource://services-settings/Attachments.sys.mjs:560:35\ndownloadAsBytes@resource://services-settings/Attachments.sys.mjs:537:35\n","nativeSavedFrame":{}},"formattedStack":"fetch/<@resource://services-settings/Utils.sys.mjs:273:15\nfetch@resource://services-settings/Utils.sys.mjs:224:12\n_fetchAttachment@resource://services-settings/Attachments.sys.mjs:560:35\ndownloadAsBytes@resource://services-settings/Attachments.sys.mjs:537:35\n","nativeSavedFrame":{}},"formattedStack":"open@resource://gre/modules/ServiceRequest.sys.mjs:126:11\nfetch/<@resource://services-settings/Utils.sys.mjs:273:15\nfetch@resource://services-settings/Utils.sys.mjs:224:12\n_fetchAttachment@resource://services-settings/Attachments.sys.mjs:560:35\ndownloadAsBytes@resource://services-settings/Attachments.sys.mjs:537:35\n","nativeSavedFrame":{}}
2026-06-19 01:13:46,220 - MainProcess[log-interceptor-2887116648]- selenium_firefox     - DEBUG   : BROWSER 2887116648: driver: - message =
2026-06-19 01:13:46,220 - MainProcess[log-interceptor-2887116648]- selenium_firefox     - DEBUG   : BROWSER 2887116648: driver: - name =
2026-06-19 01:13:46,221 - MainProcess[log-interceptor-2887116648]- selenium_firefox     - DEBUG   : BROWSER 2887116648: driver: - result = 2152071198
2026-06-19 01:13:46,221 - MainProcess[log-interceptor-2887116648]- selenium_firefox     - DEBUG   : BROWSER 2887116648: driver: - stack = open@resource://gre/modules/ServiceRequest.sys.mjs:126:11|fetch/<@resource://services-settings/Utils.sys.mjs:273:15|fetch@resource://services-settings/Utils.sys.mjs:224:12|_fetchAttachment@resource://services-settings/Attachments.sys.mjs:560:35|downloadAsBytes@resource://services-settings/Attachments.sys.mjs:537:35|
2026-06-19 01:13:46,221 - MainProcess[log-interceptor-2887116648]- selenium_firefox     - DEBUG   : BROWSER 2887116648: driver: - prototype Object
2026-06-19 01:13:46,222 - MainProcess[log-interceptor-2887116648]- selenium_firefox     - DEBUG   : BROWSER 2887116648: driver: console.error: RemoteSecuritySettings:
2026-06-19 01:13:46,222 - MainProcess[log-interceptor-2887116648]- selenium_firefox     - DEBUG   : BROWSER 2887116648: driver: failed to download CRLite filter
2026-06-19 01:13:46,222 - MainProcess[log-interceptor-2887116648]- selenium_firefox     - DEBUG   : BROWSER 2887116648: driver: Object
2026-06-19 01:13:46,222 - MainProcess[log-interceptor-2887116648]- selenium_firefox     - DEBUG   : BROWSER 2887116648: driver: - prototype Object
2026-06-19 01:13:46,223 - MainProcess[log-interceptor-2887116648]- selenium_firefox     - DEBUG   : BROWSER 2887116648: driver: - columnNumber = 11
2026-06-19 01:13:46,223 - MainProcess[log-interceptor-2887116648]- selenium_firefox     - DEBUG   : BROWSER 2887116648: driver: - data = null
2026-06-19 01:13:46,223 - MainProcess[log-interceptor-2887116648]- selenium_firefox     - DEBUG   : BROWSER 2887116648: driver: - filename = resource://gre/modules/ServiceRequest.sys.mjs
2026-06-19 01:13:46,224 - MainProcess[log-interceptor-2887116648]- selenium_firefox     - DEBUG   : BROWSER 2887116648: driver: - lineNumber = 126
2026-06-19 01:13:46,224 - MainProcess[log-interceptor-2887116648]- selenium_firefox     - DEBUG   : BROWSER 2887116648: driver: - location = {"name":"open","filename":"resource://gre/modules/ServiceRequest.sys.mjs","sourceId":25,"lineNumber":126,"columnNumber":11,"asyncCause":null,"asyncCaller":null,"caller":{"filename":"resource://services-settings/Utils.sys.mjs","name":"fetch/<","sourceId":24,"lineNumber":273,"columnNumber":15,"asyncCause":null,"asyncCaller":null,"caller":{"filename":"resource://services-settings/Utils.sys.mjs","name":"fetch","sourceId":24,"lineNumber":224,"columnNumber":12,"asyncCause":null,"asyncCaller":null,"caller":{"filename":"resource://services-settings/Attachments.sys.mjs","name":"_fetchAttachment","sourceId":23,"lineNumber":560,"columnNumber":35,"asyncCause":null,"asyncCaller":null,"caller":{"filename":"resource://services-settings/Attachments.sys.mjs","name":"downloadAsBytes","sourceId":23,"lineNumber":537,"columnNumber":35,"asyncCause":null,"asyncCaller":null,"caller":null,"formattedStack":"downloadAsBytes@resource://services-settings/Attachments.sys.mjs:537:35\n","nativeSavedFrame":{}},"formattedStack":"_fetchAttachment@resource://services-settings/Attachments.sys.mjs:560:35\ndownloadAsBytes@resource://services-settings/Attachments.sys.mjs:537:35\n","nativeSavedFrame":{}},"formattedStack":"fetch@resource://services-settings/Utils.sys.mjs:224:12\n_fetchAttachment@resource://services-settings/Attachments.sys.mjs:560:35\ndownloadAsBytes@resource://services-settings/Attachments.sys.mjs:537:35\n","nativeSavedFrame":{}},"formattedStack":"fetch/<@resource://services-settings/Utils.sys.mjs:273:15\nfetch@resource://services-settings/Utils.sys.mjs:224:12\n_fetchAttachment@resource://services-settings/Attachments.sys.mjs:560:35\ndownloadAsBytes@resource://services-settings/Attachments.sys.mjs:537:35\n","nativeSavedFrame":{}},"formattedStack":"open@resource://gre/modules/ServiceRequest.sys.mjs:126:11\nfetch/<@resource://services-settings/Utils.sys.mjs:273:15\nfetch@resource://services-settings/Utils.sys.mjs:224:12\n_fetchAttachment@resource://services-settings/Attachments.sys.mjs:560:35\ndownloadAsBytes@resource://services-settings/Attachments.sys.mjs:537:35\n","nativeSavedFrame":{}}
2026-06-19 01:13:46,225 - MainProcess[log-interceptor-2887116648]- selenium_firefox     - DEBUG   : BROWSER 2887116648: driver: - message =
2026-06-19 01:13:46,225 - MainProcess[log-interceptor-2887116648]- selenium_firefox     - DEBUG   : BROWSER 2887116648: driver: - name =
2026-06-19 01:13:46,225 - MainProcess[log-interceptor-2887116648]- selenium_firefox     - DEBUG   : BROWSER 2887116648: driver: - result = 2152071198
2026-06-19 01:13:46,226 - MainProcess[log-interceptor-2887116648]- selenium_firefox     - DEBUG   : BROWSER 2887116648: driver: - stack = open@resource://gre/modules/ServiceRequest.sys.mjs:126:11|fetch/<@resource://services-settings/Utils.sys.mjs:273:15|fetch@resource://services-settings/Utils.sys.mjs:224:12|_fetchAttachment@resource://services-settings/Attachments.sys.mjs:560:35|downloadAsBytes@resource://services-settings/Attachments.sys.mjs:537:35|
2026-06-19 01:13:46,226 - MainProcess[log-interceptor-2887116648]- selenium_firefox     - DEBUG   : BROWSER 2887116648: driver: - prototype Object
2026-06-19 01:13:46,227 - MainProcess[log-interceptor-2887116648]- selenium_firefox     - DEBUG   : BROWSER 2887116648: driver: console.error: RemoteSecuritySettings:
2026-06-19 01:13:46,227 - MainProcess[log-interceptor-2887116648]- selenium_firefox     - DEBUG   : BROWSER 2887116648: driver: failed to download CRLite filter
2026-06-19 01:13:46,228 - MainProcess[log-interceptor-2887116648]- selenium_firefox     - DEBUG   : BROWSER 2887116648: driver: Object
2026-06-19 01:13:46,228 - MainProcess[log-interceptor-2887116648]- selenium_firefox     - DEBUG   : BROWSER 2887116648: driver: - prototype Object
2026-06-19 01:13:46,228 - MainProcess[log-interceptor-2887116648]- selenium_firefox     - DEBUG   : BROWSER 2887116648: driver: - columnNumber = 11
2026-06-19 01:13:46,229 - MainProcess[log-interceptor-2887116648]- selenium_firefox     - DEBUG   : BROWSER 2887116648: driver: - data = null
2026-06-19 01:13:46,229 - MainProcess[log-interceptor-2887116648]- selenium_firefox     - DEBUG   : BROWSER 2887116648: driver: - filename = resource://gre/modules/ServiceRequest.sys.mjs
2026-06-19 01:13:46,230 - MainProcess[log-interceptor-2887116648]- selenium_firefox     - DEBUG   : BROWSER 2887116648: driver: - lineNumber = 126
2026-06-19 01:13:46,230 - MainProcess[log-interceptor-2887116648]- selenium_firefox     - DEBUG   : BROWSER 2887116648: driver: - location = {"name":"open","filename":"resource://gre/modules/ServiceRequest.sys.mjs","sourceId":25,"lineNumber":126,"columnNumber":11,"asyncCause":null,"asyncCaller":null,"caller":{"filename":"resource://services-settings/Utils.sys.mjs","name":"fetch/<","sourceId":24,"lineNumber":273,"columnNumber":15,"asyncCause":null,"asyncCaller":null,"caller":{"filename":"resource://services-settings/Utils.sys.mjs","name":"fetch","sourceId":24,"lineNumber":224,"columnNumber":12,"asyncCause":null,"asyncCaller":null,"caller":{"filename":"resource://services-settings/Attachments.sys.mjs","name":"_fetchAttachment","sourceId":23,"lineNumber":560,"columnNumber":35,"asyncCause":null,"asyncCaller":null,"caller":{"filename":"resource://services-settings/Attachments.sys.mjs","name":"downloadAsBytes","sourceId":23,"lineNumber":537,"columnNumber":35,"asyncCause":null,"asyncCaller":null,"caller":null,"formattedStack":"downloadAsBytes@resource://services-settings/Attachments.sys.mjs:537:35\n","nativeSavedFrame":{}},"formattedStack":"_fetchAttachment@resource://services-settings/Attachments.sys.mjs:560:35\ndownloadAsBytes@resource://services-settings/Attachments.sys.mjs:537:35\n","nativeSavedFrame":{}},"formattedStack":"fetch@resource://services-settings/Utils.sys.mjs:224:12\n_fetchAttachment@resource://services-settings/Attachments.sys.mjs:560:35\ndownloadAsBytes@resource://services-settings/Attachments.sys.mjs:537:35\n","nativeSavedFrame":{}},"formattedStack":"fetch/<@resource://services-settings/Utils.sys.mjs:273:15\nfetch@resource://services-settings/Utils.sys.mjs:224:12\n_fetchAttachment@resource://services-settings/Attachments.sys.mjs:560:35\ndownloadAsBytes@resource://services-settings/Attachments.sys.mjs:537:35\n","nativeSavedFrame":{}},"formattedStack":"open@resource://gre/modules/ServiceRequest.sys.mjs:126:11\nfetch/<@resource://services-settings/Utils.sys.mjs:273:15\nfetch@resource://services-settings/Utils.sys.mjs:224:12\n_fetchAttachment@resource://services-settings/Attachments.sys.mjs:560:35\ndownloadAsBytes@resource://services-settings/Attachments.sys.mjs:537:35\n","nativeSavedFrame":{}}
2026-06-19 01:13:46,230 - MainProcess[log-interceptor-2887116648]- selenium_firefox     - DEBUG   : BROWSER 2887116648: driver: - message =
2026-06-19 01:13:46,231 - MainProcess[log-interceptor-2887116648]- selenium_firefox     - DEBUG   : BROWSER 2887116648: driver: - name =
2026-06-19 01:13:46,231 - MainProcess[log-interceptor-2887116648]- selenium_firefox     - DEBUG   : BROWSER 2887116648: driver: - result = 2152071198
2026-06-19 01:13:46,231 - MainProcess[log-interceptor-2887116648]- selenium_firefox     - DEBUG   : BROWSER 2887116648: driver: - stack = open@resource://gre/modules/ServiceRequest.sys.mjs:126:11|fetch/<@resource://services-settings/Utils.sys.mjs:273:15|fetch@resource://services-settings/Utils.sys.mjs:224:12|_fetchAttachment@resource://services-settings/Attachments.sys.mjs:560:35|downloadAsBytes@resource://services-settings/Attachments.sys.mjs:537:35|
2026-06-19 01:13:46,232 - MainProcess[log-interceptor-2887116648]- selenium_firefox     - DEBUG   : BROWSER 2887116648: driver: - prototype Object
2026-06-19 01:13:46,232 - MainProcess[log-interceptor-2887116648]- selenium_firefox     - DEBUG   : BROWSER 2887116648: driver: console.error: RemoteSecuritySettings:
2026-06-19 01:13:46,232 - MainProcess[log-interceptor-2887116648]- selenium_firefox     - DEBUG   : BROWSER 2887116648: driver: failed to download CRLite filter
2026-06-19 01:13:46,233 - MainProcess[log-interceptor-2887116648]- selenium_firefox     - DEBUG   : BROWSER 2887116648: driver: Object
2026-06-19 01:13:46,233 - MainProcess[log-interceptor-2887116648]- selenium_firefox     - DEBUG   : BROWSER 2887116648: driver: - prototype Object
2026-06-19 01:13:46,233 - MainProcess[log-interceptor-2887116648]- selenium_firefox     - DEBUG   : BROWSER 2887116648: driver: - columnNumber = 11
2026-06-19 01:13:46,234 - MainProcess[log-interceptor-2887116648]- selenium_firefox     - DEBUG   : BROWSER 2887116648: driver: - data = null
2026-06-19 01:13:46,234 - MainProcess[log-interceptor-2887116648]- selenium_firefox     - DEBUG   : BROWSER 2887116648: driver: - filename = resource://gre/modules/ServiceRequest.sys.mjs
2026-06-19 01:13:46,234 - MainProcess[log-interceptor-2887116648]- selenium_firefox     - DEBUG   : BROWSER 2887116648: driver: - lineNumber = 126
2026-06-19 01:13:46,235 - MainProcess[log-interceptor-2887116648]- selenium_firefox     - DEBUG   : BROWSER 2887116648: driver: - location = {"name":"open","filename":"resource://gre/modules/ServiceRequest.sys.mjs","sourceId":25,"lineNumber":126,"columnNumber":11,"asyncCause":null,"asyncCaller":null,"caller":{"filename":"resource://services-settings/Utils.sys.mjs","name":"fetch/<","sourceId":24,"lineNumber":273,"columnNumber":15,"asyncCause":null,"asyncCaller":null,"caller":{"filename":"resource://services-settings/Utils.sys.mjs","name":"fetch","sourceId":24,"lineNumber":224,"columnNumber":12,"asyncCause":null,"asyncCaller":null,"caller":{"filename":"resource://services-settings/Attachments.sys.mjs","name":"_fetchAttachment","sourceId":23,"lineNumber":560,"columnNumber":35,"asyncCause":null,"asyncCaller":null,"caller":{"filename":"resource://services-settings/Attachments.sys.mjs","name":"downloadAsBytes","sourceId":23,"lineNumber":537,"columnNumber":35,"asyncCause":null,"asyncCaller":null,"caller":null,"formattedStack":"downloadAsBytes@resource://services-settings/Attachments.sys.mjs:537:35\n","nativeSavedFrame":{}},"formattedStack":"_fetchAttachment@resource://services-settings/Attachments.sys.mjs:560:35\ndownloadAsBytes@resource://services-settings/Attachments.sys.mjs:537:35\n","nativeSavedFrame":{}},"formattedStack":"fetch@resource://services-settings/Utils.sys.mjs:224:12\n_fetchAttachment@resource://services-settings/Attachments.sys.mjs:560:35\ndownloadAsBytes@resource://services-settings/Attachments.sys.mjs:537:35\n","nativeSavedFrame":{}},"formattedStack":"fetch/<@resource://services-settings/Utils.sys.mjs:273:15\nfetch@resource://services-settings/Utils.sys.mjs:224:12\n_fetchAttachment@resource://services-settings/Attachments.sys.mjs:560:35\ndownloadAsBytes@resource://services-settings/Attachments.sys.mjs:537:35\n","nativeSavedFrame":{}},"formattedStack":"open@resource://gre/modules/ServiceRequest.sys.mjs:126:11\nfetch/<@resource://services-settings/Utils.sys.mjs:273:15\nfetch@resource://services-settings/Utils.sys.mjs:224:12\n_fetchAttachment@resource://services-settings/Attachments.sys.mjs:560:35\ndownloadAsBytes@resource://services-settings/Attachments.sys.mjs:537:35\n","nativeSavedFrame":{}}
2026-06-19 01:13:46,235 - MainProcess[log-interceptor-2887116648]- selenium_firefox     - DEBUG   : BROWSER 2887116648: driver: - message =
2026-06-19 01:13:46,235 - MainProcess[log-interceptor-2887116648]- selenium_firefox     - DEBUG   : BROWSER 2887116648: driver: - name =
2026-06-19 01:13:46,236 - MainProcess[log-interceptor-2887116648]- selenium_firefox     - DEBUG   : BROWSER 2887116648: driver: - result = 2152071198
2026-06-19 01:13:46,236 - MainProcess[log-interceptor-2887116648]- selenium_firefox     - DEBUG   : BROWSER 2887116648: driver: - stack = open@resource://gre/modules/ServiceRequest.sys.mjs:126:11|fetch/<@resource://services-settings/Utils.sys.mjs:273:15|fetch@resource://services-settings/Utils.sys.mjs:224:12|_fetchAttachment@resource://services-settings/Attachments.sys.mjs:560:35|downloadAsBytes@resource://services-settings/Attachments.sys.mjs:537:35|
2026-06-19 01:13:46,236 - MainProcess[log-interceptor-2887116648]- selenium_firefox     - DEBUG   : BROWSER 2887116648: driver: - prototype Object
2026-06-19 01:13:46,237 - MainProcess[log-interceptor-2887116648]- selenium_firefox     - DEBUG   : BROWSER 2887116648: driver: console.error: RemoteSecuritySettings:
2026-06-19 01:13:46,237 - MainProcess[log-interceptor-2887116648]- selenium_firefox     - DEBUG   : BROWSER 2887116648: driver: failed to download CRLite filter
2026-06-19 01:13:46,237 - MainProcess[log-interceptor-2887116648]- selenium_firefox     - DEBUG   : BROWSER 2887116648: driver: Object
2026-06-19 01:13:46,238 - MainProcess[log-interceptor-2887116648]- selenium_firefox     - DEBUG   : BROWSER 2887116648: driver: - prototype Object
2026-06-19 01:13:46,238 - MainProcess[log-interceptor-2887116648]- selenium_firefox     - DEBUG   : BROWSER 2887116648: driver: - columnNumber = 11
2026-06-19 01:13:46,239 - MainProcess[log-interceptor-2887116648]- selenium_firefox     - DEBUG   : BROWSER 2887116648: driver: - data = null
2026-06-19 01:13:46,239 - MainProcess[log-interceptor-2887116648]- selenium_firefox     - DEBUG   : BROWSER 2887116648: driver: - filename = resource://gre/modules/ServiceRequest.sys.mjs
2026-06-19 01:13:46,239 - MainProcess[log-interceptor-2887116648]- selenium_firefox     - DEBUG   : BROWSER 2887116648: driver: - lineNumber = 126
2026-06-19 01:13:46,240 - MainProcess[log-interceptor-2887116648]- selenium_firefox     - DEBUG   : BROWSER 2887116648: driver: - location = {"name":"open","filename":"resource://gre/modules/ServiceRequest.sys.mjs","sourceId":25,"lineNumber":126,"columnNumber":11,"asyncCause":null,"asyncCaller":null,"caller":{"filename":"resource://services-settings/Utils.sys.mjs","name":"fetch/<","sourceId":24,"lineNumber":273,"columnNumber":15,"asyncCause":null,"asyncCaller":null,"caller":{"filename":"resource://services-settings/Utils.sys.mjs","name":"fetch","sourceId":24,"lineNumber":224,"columnNumber":12,"asyncCause":null,"asyncCaller":null,"caller":{"filename":"resource://services-settings/Attachments.sys.mjs","name":"_fetchAttachment","sourceId":23,"lineNumber":560,"columnNumber":35,"asyncCause":null,"asyncCaller":null,"caller":{"filename":"resource://services-settings/Attachments.sys.mjs","name":"downloadAsBytes","sourceId":23,"lineNumber":537,"columnNumber":35,"asyncCause":null,"asyncCaller":null,"caller":null,"formattedStack":"downloadAsBytes@resource://services-settings/Attachments.sys.mjs:537:35\n","nativeSavedFrame":{}},"formattedStack":"_fetchAttachment@resource://services-settings/Attachments.sys.mjs:560:35\ndownloadAsBytes@resource://services-settings/Attachments.sys.mjs:537:35\n","nativeSavedFrame":{}},"formattedStack":"fetch@resource://services-settings/Utils.sys.mjs:224:12\n_fetchAttachment@resource://services-settings/Attachments.sys.mjs:560:35\ndownloadAsBytes@resource://services-settings/Attachments.sys.mjs:537:35\n","nativeSavedFrame":{}},"formattedStack":"fetch/<@resource://services-settings/Utils.sys.mjs:273:15\nfetch@resource://services-settings/Utils.sys.mjs:224:12\n_fetchAttachment@resource://services-settings/Attachments.sys.mjs:560:35\ndownloadAsBytes@resource://services-settings/Attachments.sys.mjs:537:35\n","nativeSavedFrame":{}},"formattedStack":"open@resource://gre/modules/ServiceRequest.sys.mjs:126:11\nfetch/<@resource://services-settings/Utils.sys.mjs:273:15\nfetch@resource://services-settings/Utils.sys.mjs:224:12\n_fetchAttachment@resource://services-settings/Attachments.sys.mjs:560:35\ndownloadAsBytes@resource://services-settings/Attachments.sys.mjs:537:35\n","nativeSavedFrame":{}}
2026-06-19 01:13:46,240 - MainProcess[log-interceptor-2887116648]- selenium_firefox     - DEBUG   : BROWSER 2887116648: driver: - message =
2026-06-19 01:13:46,241 - MainProcess[log-interceptor-2887116648]- selenium_firefox     - DEBUG   : BROWSER 2887116648: driver: - name =
2026-06-19 01:13:46,241 - MainProcess[log-interceptor-2887116648]- selenium_firefox     - DEBUG   : BROWSER 2887116648: driver: - result = 2152071198
2026-06-19 01:13:46,241 - MainProcess[log-interceptor-2887116648]- selenium_firefox     - DEBUG   : BROWSER 2887116648: driver: - stack = open@resource://gre/modules/ServiceRequest.sys.mjs:126:11|fetch/<@resource://services-settings/Utils.sys.mjs:273:15|fetch@resource://services-settings/Utils.sys.mjs:224:12|_fetchAttachment@resource://services-settings/Attachments.sys.mjs:560:35|downloadAsBytes@resource://services-settings/Attachments.sys.mjs:537:35|
2026-06-19 01:13:46,242 - MainProcess[log-interceptor-2887116648]- selenium_firefox     - DEBUG   : BROWSER 2887116648: driver: - prototype Object
2026-06-19 01:13:46,242 - MainProcess[log-interceptor-2887116648]- selenium_firefox     - DEBUG   : BROWSER 2887116648: driver: console.error: RemoteSecuritySettings:
2026-06-19 01:13:46,242 - MainProcess[log-interceptor-2887116648]- selenium_firefox     - DEBUG   : BROWSER 2887116648: driver: failed to download CRLite filter
2026-06-19 01:13:46,243 - MainProcess[log-interceptor-2887116648]- selenium_firefox     - DEBUG   : BROWSER 2887116648: driver: Object
2026-06-19 01:13:46,243 - MainProcess[log-interceptor-2887116648]- selenium_firefox     - DEBUG   : BROWSER 2887116648: driver: - prototype Object
2026-06-19 01:13:46,243 - MainProcess[log-interceptor-2887116648]- selenium_firefox     - DEBUG   : BROWSER 2887116648: driver: - columnNumber = 11
2026-06-19 01:13:46,244 - MainProcess[log-interceptor-2887116648]- selenium_firefox     - DEBUG   : BROWSER 2887116648: driver: - data = null
2026-06-19 01:13:46,244 - MainProcess[log-interceptor-2887116648]- selenium_firefox     - DEBUG   : BROWSER 2887116648: driver: - filename = resource://gre/modules/ServiceRequest.sys.mjs
2026-06-19 01:13:46,244 - MainProcess[log-interceptor-2887116648]- selenium_firefox     - DEBUG   : BROWSER 2887116648: driver: - lineNumber = 126
2026-06-19 01:13:46,245 - MainProcess[log-interceptor-2887116648]- selenium_firefox     - DEBUG   : BROWSER 2887116648: driver: - location = {"name":"open","filename":"resource://gre/modules/ServiceRequest.sys.mjs","sourceId":25,"lineNumber":126,"columnNumber":11,"asyncCause":null,"asyncCaller":null,"caller":{"filename":"resource://services-settings/Utils.sys.mjs","name":"fetch/<","sourceId":24,"lineNumber":273,"columnNumber":15,"asyncCause":null,"asyncCaller":null,"caller":{"filename":"resource://services-settings/Utils.sys.mjs","name":"fetch","sourceId":24,"lineNumber":224,"columnNumber":12,"asyncCause":null,"asyncCaller":null,"caller":{"filename":"resource://services-settings/Attachments.sys.mjs","name":"_fetchAttachment","sourceId":23,"lineNumber":560,"columnNumber":35,"asyncCause":null,"asyncCaller":null,"caller":{"filename":"resource://services-settings/Attachments.sys.mjs","name":"downloadAsBytes","sourceId":23,"lineNumber":537,"columnNumber":35,"asyncCause":null,"asyncCaller":null,"caller":null,"formattedStack":"downloadAsBytes@resource://services-settings/Attachments.sys.mjs:537:35\n","nativeSavedFrame":{}},"formattedStack":"_fetchAttachment@resource://services-settings/Attachments.sys.mjs:560:35\ndownloadAsBytes@resource://services-settings/Attachments.sys.mjs:537:35\n","nativeSavedFrame":{}},"formattedStack":"fetch@resource://services-settings/Utils.sys.mjs:224:12\n_fetchAttachment@resource://services-settings/Attachments.sys.mjs:560:35\ndownloadAsBytes@resource://services-settings/Attachments.sys.mjs:537:35\n","nativeSavedFrame":{}},"formattedStack":"fetch/<@resource://services-settings/Utils.sys.mjs:273:15\nfetch@resource://services-settings/Utils.sys.mjs:224:12\n_fetchAttachment@resource://services-settings/Attachments.sys.mjs:560:35\ndownloadAsBytes@resource://services-settings/Attachments.sys.mjs:537:35\n","nativeSavedFrame":{}},"formattedStack":"open@resource://gre/modules/ServiceRequest.sys.mjs:126:11\nfetch/<@resource://services-settings/Utils.sys.mjs:273:15\nfetch@resource://services-settings/Utils.sys.mjs:224:12\n_fetchAttachment@resource://services-settings/Attachments.sys.mjs:560:35\ndownloadAsBytes@resource://services-settings/Attachments.sys.mjs:537:35\n","nativeSavedFrame":{}}
2026-06-19 01:13:46,252 - MainProcess[log-interceptor-2887116648]- selenium_firefox     - DEBUG   : BROWSER 2887116648: driver: - message =
2026-06-19 01:13:46,253 - MainProcess[log-interceptor-2887116648]- selenium_firefox     - DEBUG   : BROWSER 2887116648: driver: - name =
2026-06-19 01:13:46,254 - MainProcess[log-interceptor-2887116648]- selenium_firefox     - DEBUG   : BROWSER 2887116648: driver: - result = 2152071198
2026-06-19 01:13:46,255 - MainProcess[log-interceptor-2887116648]- selenium_firefox     - DEBUG   : BROWSER 2887116648: driver: - stack = open@resource://gre/modules/ServiceRequest.sys.mjs:126:11|fetch/<@resource://services-settings/Utils.sys.mjs:273:15|fetch@resource://services-settings/Utils.sys.mjs:224:12|_fetchAttachment@resource://services-settings/Attachments.sys.mjs:560:35|downloadAsBytes@resource://services-settings/Attachments.sys.mjs:537:35|
2026-06-19 01:13:46,255 - MainProcess[log-interceptor-2887116648]- selenium_firefox     - DEBUG   : BROWSER 2887116648: driver: - prototype Object
2026-06-19 01:13:46,256 - MainProcess[log-interceptor-2887116648]- selenium_firefox     - DEBUG   : BROWSER 2887116648: driver: console.error: RemoteSecuritySettings:
2026-06-19 01:13:46,256 - MainProcess[log-interceptor-2887116648]- selenium_firefox     - DEBUG   : BROWSER 2887116648: driver: failed to download CRLite filter
2026-06-19 01:13:46,257 - MainProcess[log-interceptor-2887116648]- selenium_firefox     - DEBUG   : BROWSER 2887116648: driver: Object
2026-06-19 01:13:46,257 - MainProcess[log-interceptor-2887116648]- selenium_firefox     - DEBUG   : BROWSER 2887116648: driver: - prototype Object
2026-06-19 01:13:46,258 - MainProcess[log-interceptor-2887116648]- selenium_firefox     - DEBUG   : BROWSER 2887116648: driver: - columnNumber = 11
2026-06-19 01:13:46,259 - MainProcess[log-interceptor-2887116648]- selenium_firefox     - DEBUG   : BROWSER 2887116648: driver: - data = null
2026-06-19 01:13:46,260 - MainProcess[log-interceptor-2887116648]- selenium_firefox     - DEBUG   : BROWSER 2887116648: driver: - filename = resource://gre/modules/ServiceRequest.sys.mjs
2026-06-19 01:13:46,260 - MainProcess[log-interceptor-2887116648]- selenium_firefox     - DEBUG   : BROWSER 2887116648: driver: - lineNumber = 126
2026-06-19 01:13:46,261 - MainProcess[log-interceptor-2887116648]- selenium_firefox     - DEBUG   : BROWSER 2887116648: driver: - location = {"name":"open","filename":"resource://gre/modules/ServiceRequest.sys.mjs","sourceId":25,"lineNumber":126,"columnNumber":11,"asyncCause":null,"asyncCaller":null,"caller":{"filename":"resource://services-settings/Utils.sys.mjs","name":"fetch/<","sourceId":24,"lineNumber":273,"columnNumber":15,"asyncCause":null,"asyncCaller":null,"caller":{"filename":"resource://services-settings/Utils.sys.mjs","name":"fetch","sourceId":24,"lineNumber":224,"columnNumber":12,"asyncCause":null,"asyncCaller":null,"caller":{"filename":"resource://services-settings/Attachments.sys.mjs","name":"_fetchAttachment","sourceId":23,"lineNumber":560,"columnNumber":35,"asyncCause":null,"asyncCaller":null,"caller":{"filename":"resource://services-settings/Attachments.sys.mjs","name":"downloadAsBytes","sourceId":23,"lineNumber":537,"columnNumber":35,"asyncCause":null,"asyncCaller":null,"caller":null,"formattedStack":"downloadAsBytes@resource://services-settings/Attachments.sys.mjs:537:35\n","nativeSavedFrame":{}},"formattedStack":"_fetchAttachment@resource://services-settings/Attachments.sys.mjs:560:35\ndownloadAsBytes@resource://services-settings/Attachments.sys.mjs:537:35\n","nativeSavedFrame":{}},"formattedStack":"fetch@resource://services-settings/Utils.sys.mjs:224:12\n_fetchAttachment@resource://services-settings/Attachments.sys.mjs:560:35\ndownloadAsBytes@resource://services-settings/Attachments.sys.mjs:537:35\n","nativeSavedFrame":{}},"formattedStack":"fetch/<@resource://services-settings/Utils.sys.mjs:273:15\nfetch@resource://services-settings/Utils.sys.mjs:224:12\n_fetchAttachment@resource://services-settings/Attachments.sys.mjs:560:35\ndownloadAsBytes@resource://services-settings/Attachments.sys.mjs:537:35\n","nativeSavedFrame":{}},"formattedStack":"open@resource://gre/modules/ServiceRequest.sys.mjs:126:11\nfetch/<@resource://services-settings/Utils.sys.mjs:273:15\nfetch@resource://services-settings/Utils.sys.mjs:224:12\n_fetchAttachment@resource://services-settings/Attachments.sys.mjs:560:35\ndownloadAsBytes@resource://services-settings/Attachments.sys.mjs:537:35\n","nativeSavedFrame":{}}
2026-06-19 01:13:46,261 - MainProcess[log-interceptor-2887116648]- selenium_firefox     - DEBUG   : BROWSER 2887116648: driver: - message =
2026-06-19 01:13:46,262 - MainProcess[log-interceptor-2887116648]- selenium_firefox     - DEBUG   : BROWSER 2887116648: driver: - name =
2026-06-19 01:13:46,262 - MainProcess[log-interceptor-2887116648]- selenium_firefox     - DEBUG   : BROWSER 2887116648: driver: - result = 2152071198
2026-06-19 01:13:46,263 - MainProcess[log-interceptor-2887116648]- selenium_firefox     - DEBUG   : BROWSER 2887116648: driver: - stack = open@resource://gre/modules/ServiceRequest.sys.mjs:126:11|fetch/<@resource://services-settings/Utils.sys.mjs:273:15|fetch@resource://services-settings/Utils.sys.mjs:224:12|_fetchAttachment@resource://services-settings/Attachments.sys.mjs:560:35|downloadAsBytes@resource://services-settings/Attachments.sys.mjs:537:35|
2026-06-19 01:13:46,263 - MainProcess[log-interceptor-2887116648]- selenium_firefox     - DEBUG   : BROWSER 2887116648: driver: - prototype Object
2026-06-19 01:13:46,264 - MainProcess[log-interceptor-2887116648]- selenium_firefox     - DEBUG   : BROWSER 2887116648: driver: console.error: RemoteSecuritySettings:
2026-06-19 01:13:46,264 - MainProcess[log-interceptor-2887116648]- selenium_firefox     - DEBUG   : BROWSER 2887116648: driver: failed to download CRLite filter
2026-06-19 01:13:46,264 - MainProcess[log-interceptor-2887116648]- selenium_firefox     - DEBUG   : BROWSER 2887116648: driver: Object
2026-06-19 01:13:46,265 - MainProcess[log-interceptor-2887116648]- selenium_firefox     - DEBUG   : BROWSER 2887116648: driver: - prototype Object
2026-06-19 01:13:46,265 - MainProcess[log-interceptor-2887116648]- selenium_firefox     - DEBUG   : BROWSER 2887116648: driver: - columnNumber = 11
2026-06-19 01:13:46,265 - MainProcess[log-interceptor-2887116648]- selenium_firefox     - DEBUG   : BROWSER 2887116648: driver: - data = null
2026-06-19 01:13:46,266 - MainProcess[log-interceptor-2887116648]- selenium_firefox     - DEBUG   : BROWSER 2887116648: driver: - filename = resource://gre/modules/ServiceRequest.sys.mjs
2026-06-19 01:13:46,266 - MainProcess[log-interceptor-2887116648]- selenium_firefox     - DEBUG   : BROWSER 2887116648: driver: - lineNumber = 126
2026-06-19 01:13:46,269 - MainProcess[log-interceptor-2887116648]- selenium_firefox     - DEBUG   : BROWSER 2887116648: driver: - location = {"name":"open","filename":"resource://gre/modules/ServiceRequest.sys.mjs","sourceId":25,"lineNumber":126,"columnNumber":11,"asyncCause":null,"asyncCaller":null,"caller":{"filename":"resource://services-settings/Utils.sys.mjs","name":"fetch/<","sourceId":24,"lineNumber":273,"columnNumber":15,"asyncCause":null,"asyncCaller":null,"caller":{"filename":"resource://services-settings/Utils.sys.mjs","name":"fetch","sourceId":24,"lineNumber":224,"columnNumber":12,"asyncCause":null,"asyncCaller":null,"caller":{"filename":"resource://services-settings/Attachments.sys.mjs","name":"_fetchAttachment","sourceId":23,"lineNumber":560,"columnNumber":35,"asyncCause":null,"asyncCaller":null,"caller":{"filename":"resource://services-settings/Attachments.sys.mjs","name":"downloadAsBytes","sourceId":23,"lineNumber":537,"columnNumber":35,"asyncCause":null,"asyncCaller":null,"caller":null,"formattedStack":"downloadAsBytes@resource://services-settings/Attachments.sys.mjs:537:35\n","nativeSavedFrame":{}},"formattedStack":"_fetchAttachment@resource://services-settings/Attachments.sys.mjs:560:35\ndownloadAsBytes@resource://services-settings/Attachments.sys.mjs:537:35\n","nativeSavedFrame":{}},"formattedStack":"fetch@resource://services-settings/Utils.sys.mjs:224:12\n_fetchAttachment@resource://services-settings/Attachments.sys.mjs:560:35\ndownloadAsBytes@resource://services-settings/Attachments.sys.mjs:537:35\n","nativeSavedFrame":{}},"formattedStack":"fetch/<@resource://services-settings/Utils.sys.mjs:273:15\nfetch@resource://services-settings/Utils.sys.mjs:224:12\n_fetchAttachment@resource://services-settings/Attachments.sys.mjs:560:35\ndownloadAsBytes@resource://services-settings/Attachments.sys.mjs:537:35\n","nativeSavedFrame":{}},"formattedStack":"open@resource://gre/modules/ServiceRequest.sys.mjs:126:11\nfetch/<@resource://services-settings/Utils.sys.mjs:273:15\nfetch@resource://services-settings/Utils.sys.mjs:224:12\n_fetchAttachment@resource://services-settings/Attachments.sys.mjs:560:35\ndownloadAsBytes@resource://services-settings/Attachments.sys.mjs:537:35\n","nativeSavedFrame":{}}
2026-06-19 01:13:46,270 - MainProcess[log-interceptor-2887116648]- selenium_firefox     - DEBUG   : BROWSER 2887116648: driver: - message =
2026-06-19 01:13:46,270 - MainProcess[log-interceptor-2887116648]- selenium_firefox     - DEBUG   : BROWSER 2887116648: driver: - name =
2026-06-19 01:13:46,271 - MainProcess[log-interceptor-2887116648]- selenium_firefox     - DEBUG   : BROWSER 2887116648: driver: - result = 2152071198
2026-06-19 01:13:46,272 - MainProcess[log-interceptor-2887116648]- selenium_firefox     - DEBUG   : BROWSER 2887116648: driver: - stack = open@resource://gre/modules/ServiceRequest.sys.mjs:126:11|fetch/<@resource://services-settings/Utils.sys.mjs:273:15|fetch@resource://services-settings/Utils.sys.mjs:224:12|_fetchAttachment@resource://services-settings/Attachments.sys.mjs:560:35|downloadAsBytes@resource://services-settings/Attachments.sys.mjs:537:35|
2026-06-19 01:13:46,272 - MainProcess[log-interceptor-2887116648]- selenium_firefox     - DEBUG   : BROWSER 2887116648: driver: - prototype Object
2026-06-19 01:13:46,273 - MainProcess[log-interceptor-2887116648]- selenium_firefox     - DEBUG   : BROWSER 2887116648: driver: console.error: RemoteSecuritySettings:
2026-06-19 01:13:46,273 - MainProcess[log-interceptor-2887116648]- selenium_firefox     - DEBUG   : BROWSER 2887116648: driver: failed to download CRLite filter
2026-06-19 01:13:46,274 - MainProcess[log-interceptor-2887116648]- selenium_firefox     - DEBUG   : BROWSER 2887116648: driver: Object
2026-06-19 01:13:46,274 - MainProcess[log-interceptor-2887116648]- selenium_firefox     - DEBUG   : BROWSER 2887116648: driver: - prototype Object
2026-06-19 01:13:46,275 - MainProcess[log-interceptor-2887116648]- selenium_firefox     - DEBUG   : BROWSER 2887116648: driver: - columnNumber = 11
2026-06-19 01:13:46,275 - MainProcess[log-interceptor-2887116648]- selenium_firefox     - DEBUG   : BROWSER 2887116648: driver: - data = null
2026-06-19 01:13:46,275 - MainProcess[log-interceptor-2887116648]- selenium_firefox     - DEBUG   : BROWSER 2887116648: driver: - filename = resource://gre/modules/ServiceRequest.sys.mjs
2026-06-19 01:13:46,275 - MainProcess[log-interceptor-2887116648]- selenium_firefox     - DEBUG   : BROWSER 2887116648: driver: - lineNumber = 126
2026-06-19 01:13:46,276 - MainProcess[log-interceptor-2887116648]- selenium_firefox     - DEBUG   : BROWSER 2887116648: driver: - location = {"name":"open","filename":"resource://gre/modules/ServiceRequest.sys.mjs","sourceId":25,"lineNumber":126,"columnNumber":11,"asyncCause":null,"asyncCaller":null,"caller":{"filename":"resource://services-settings/Utils.sys.mjs","name":"fetch/<","sourceId":24,"lineNumber":273,"columnNumber":15,"asyncCause":null,"asyncCaller":null,"caller":{"filename":"resource://services-settings/Utils.sys.mjs","name":"fetch","sourceId":24,"lineNumber":224,"columnNumber":12,"asyncCause":null,"asyncCaller":null,"caller":{"filename":"resource://services-settings/Attachments.sys.mjs","name":"_fetchAttachment","sourceId":23,"lineNumber":560,"columnNumber":35,"asyncCause":null,"asyncCaller":null,"caller":{"filename":"resource://services-settings/Attachments.sys.mjs","name":"downloadAsBytes","sourceId":23,"lineNumber":537,"columnNumber":35,"asyncCause":null,"asyncCaller":null,"caller":null,"formattedStack":"downloadAsBytes@resource://services-settings/Attachments.sys.mjs:537:35\n","nativeSavedFrame":{}},"formattedStack":"_fetchAttachment@resource://services-settings/Attachments.sys.mjs:560:35\ndownloadAsBytes@resource://services-settings/Attachments.sys.mjs:537:35\n","nativeSavedFrame":{}},"formattedStack":"fetch@resource://services-settings/Utils.sys.mjs:224:12\n_fetchAttachment@resource://services-settings/Attachments.sys.mjs:560:35\ndownloadAsBytes@resource://services-settings/Attachments.sys.mjs:537:35\n","nativeSavedFrame":{}},"formattedStack":"fetch/<@resource://services-settings/Utils.sys.mjs:273:15\nfetch@resource://services-settings/Utils.sys.mjs:224:12\n_fetchAttachment@resource://services-settings/Attachments.sys.mjs:560:35\ndownloadAsBytes@resource://services-settings/Attachments.sys.mjs:537:35\n","nativeSavedFrame":{}},"formattedStack":"open@resource://gre/modules/ServiceRequest.sys.mjs:126:11\nfetch/<@resource://services-settings/Utils.sys.mjs:273:15\nfetch@resource://services-settings/Utils.sys.mjs:224:12\n_fetchAttachment@resource://services-settings/Attachments.sys.mjs:560:35\ndownloadAsBytes@resource://services-settings/Attachments.sys.mjs:537:35\n","nativeSavedFrame":{}}
2026-06-19 01:13:46,276 - MainProcess[log-interceptor-2887116648]- selenium_firefox     - DEBUG   : BROWSER 2887116648: driver: - message =
2026-06-19 01:13:46,276 - MainProcess[log-interceptor-2887116648]- selenium_firefox     - DEBUG   : BROWSER 2887116648: driver: - name =
2026-06-19 01:13:46,277 - MainProcess[log-interceptor-2887116648]- selenium_firefox     - DEBUG   : BROWSER 2887116648: driver: - result = 2152071198
2026-06-19 01:13:46,277 - MainProcess[log-interceptor-2887116648]- selenium_firefox     - DEBUG   : BROWSER 2887116648: driver: - stack = open@resource://gre/modules/ServiceRequest.sys.mjs:126:11|fetch/<@resource://services-settings/Utils.sys.mjs:273:15|fetch@resource://services-settings/Utils.sys.mjs:224:12|_fetchAttachment@resource://services-settings/Attachments.sys.mjs:560:35|downloadAsBytes@resource://services-settings/Attachments.sys.mjs:537:35|
2026-06-19 01:13:46,279 - MainProcess[log-interceptor-2887116648]- selenium_firefox     - DEBUG   : BROWSER 2887116648: driver: - prototype Object
2026-06-19 01:13:46,280 - MainProcess[log-interceptor-2887116648]- selenium_firefox     - DEBUG   : BROWSER 2887116648: driver: console.error: RemoteSecuritySettings:
2026-06-19 01:13:46,281 - MainProcess[log-interceptor-2887116648]- selenium_firefox     - DEBUG   : BROWSER 2887116648: driver: failed to download CRLite filter
2026-06-19 01:13:46,281 - MainProcess[log-interceptor-2887116648]- selenium_firefox     - DEBUG   : BROWSER 2887116648: driver: Object
2026-06-19 01:13:46,282 - MainProcess[log-interceptor-2887116648]- selenium_firefox     - DEBUG   : BROWSER 2887116648: driver: - prototype Object
2026-06-19 01:13:46,283 - MainProcess[log-interceptor-2887116648]- selenium_firefox     - DEBUG   : BROWSER 2887116648: driver: - columnNumber = 11
2026-06-19 01:13:46,283 - MainProcess[log-interceptor-2887116648]- selenium_firefox     - DEBUG   : BROWSER 2887116648: driver: - data = null
2026-06-19 01:13:46,284 - MainProcess[log-interceptor-2887116648]- selenium_firefox     - DEBUG   : BROWSER 2887116648: driver: - filename = resource://gre/modules/ServiceRequest.sys.mjs
2026-06-19 01:13:46,285 - MainProcess[log-interceptor-2887116648]- selenium_firefox     - DEBUG   : BROWSER 2887116648: driver: - lineNumber = 126
2026-06-19 01:13:46,285 - MainProcess[log-interceptor-2887116648]- selenium_firefox     - DEBUG   : BROWSER 2887116648: driver: - location = {"name":"open","filename":"resource://gre/modules/ServiceRequest.sys.mjs","sourceId":25,"lineNumber":126,"columnNumber":11,"asyncCause":null,"asyncCaller":null,"caller":{"filename":"resource://services-settings/Utils.sys.mjs","name":"fetch/<","sourceId":24,"lineNumber":273,"columnNumber":15,"asyncCause":null,"asyncCaller":null,"caller":{"filename":"resource://services-settings/Utils.sys.mjs","name":"fetch","sourceId":24,"lineNumber":224,"columnNumber":12,"asyncCause":null,"asyncCaller":null,"caller":{"filename":"resource://services-settings/Attachments.sys.mjs","name":"_fetchAttachment","sourceId":23,"lineNumber":560,"columnNumber":35,"asyncCause":null,"asyncCaller":null,"caller":{"filename":"resource://services-settings/Attachments.sys.mjs","name":"downloadAsBytes","sourceId":23,"lineNumber":537,"columnNumber":35,"asyncCause":null,"asyncCaller":null,"caller":null,"formattedStack":"downloadAsBytes@resource://services-settings/Attachments.sys.mjs:537:35\n","nativeSavedFrame":{}},"formattedStack":"_fetchAttachment@resource://services-settings/Attachments.sys.mjs:560:35\ndownloadAsBytes@resource://services-settings/Attachments.sys.mjs:537:35\n","nativeSavedFrame":{}},"formattedStack":"fetch@resource://services-settings/Utils.sys.mjs:224:12\n_fetchAttachment@resource://services-settings/Attachments.sys.mjs:560:35\ndownloadAsBytes@resource://services-settings/Attachments.sys.mjs:537:35\n","nativeSavedFrame":{}},"formattedStack":"fetch/<@resource://services-settings/Utils.sys.mjs:273:15\nfetch@resource://services-settings/Utils.sys.mjs:224:12\n_fetchAttachment@resource://services-settings/Attachments.sys.mjs:560:35\ndownloadAsBytes@resource://services-settings/Attachments.sys.mjs:537:35\n","nativeSavedFrame":{}},"formattedStack":"open@resource://gre/modules/ServiceRequest.sys.mjs:126:11\nfetch/<@resource://services-settings/Utils.sys.mjs:273:15\nfetch@resource://services-settings/Utils.sys.mjs:224:12\n_fetchAttachment@resource://services-settings/Attachments.sys.mjs:560:35\ndownloadAsBytes@resource://services-settings/Attachments.sys.mjs:537:35\n","nativeSavedFrame":{}}
2026-06-19 01:13:46,285 - MainProcess[log-interceptor-2887116648]- selenium_firefox     - DEBUG   : BROWSER 2887116648: driver: - message =
2026-06-19 01:13:46,286 - MainProcess[log-interceptor-2887116648]- selenium_firefox     - DEBUG   : BROWSER 2887116648: driver: - name =
2026-06-19 01:13:46,286 - MainProcess[log-interceptor-2887116648]- selenium_firefox     - DEBUG   : BROWSER 2887116648: driver: - result = 2152071198
2026-06-19 01:13:46,286 - MainProcess[log-interceptor-2887116648]- selenium_firefox     - DEBUG   : BROWSER 2887116648: driver: - stack = open@resource://gre/modules/ServiceRequest.sys.mjs:126:11|fetch/<@resource://services-settings/Utils.sys.mjs:273:15|fetch@resource://services-settings/Utils.sys.mjs:224:12|_fetchAttachment@resource://services-settings/Attachments.sys.mjs:560:35|downloadAsBytes@resource://services-settings/Attachments.sys.mjs:537:35|
2026-06-19 01:13:46,287 - MainProcess[log-interceptor-2887116648]- selenium_firefox     - DEBUG   : BROWSER 2887116648: driver: - prototype Object
2026-06-19 01:13:46,287 - MainProcess[log-interceptor-2887116648]- selenium_firefox     - DEBUG   : BROWSER 2887116648: driver: console.error: RemoteSecuritySettings:
2026-06-19 01:13:46,289 - MainProcess[log-interceptor-2887116648]- selenium_firefox     - DEBUG   : BROWSER 2887116648: driver: failed to download CRLite filter
2026-06-19 01:13:46,289 - MainProcess[log-interceptor-2887116648]- selenium_firefox     - DEBUG   : BROWSER 2887116648: driver: Object
2026-06-19 01:13:46,290 - MainProcess[log-interceptor-2887116648]- selenium_firefox     - DEBUG   : BROWSER 2887116648: driver: - prototype Object
2026-06-19 01:13:46,291 - MainProcess[log-interceptor-2887116648]- selenium_firefox     - DEBUG   : BROWSER 2887116648: driver: - columnNumber = 11
2026-06-19 01:13:46,292 - MainProcess[log-interceptor-2887116648]- selenium_firefox     - DEBUG   : BROWSER 2887116648: driver: - data = null
2026-06-19 01:13:46,292 - MainProcess[log-interceptor-2887116648]- selenium_firefox     - DEBUG   : BROWSER 2887116648: driver: - filename = resource://gre/modules/ServiceRequest.sys.mjs
2026-06-19 01:13:46,293 - MainProcess[log-interceptor-2887116648]- selenium_firefox     - DEBUG   : BROWSER 2887116648: driver: - lineNumber = 126
2026-06-19 01:13:46,293 - MainProcess[log-interceptor-2887116648]- selenium_firefox     - DEBUG   : BROWSER 2887116648: driver: - location = {"name":"open","filename":"resource://gre/modules/ServiceRequest.sys.mjs","sourceId":25,"lineNumber":126,"columnNumber":11,"asyncCause":null,"asyncCaller":null,"caller":{"filename":"resource://services-settings/Utils.sys.mjs","name":"fetch/<","sourceId":24,"lineNumber":273,"columnNumber":15,"asyncCause":null,"asyncCaller":null,"caller":{"filename":"resource://services-settings/Utils.sys.mjs","name":"fetch","sourceId":24,"lineNumber":224,"columnNumber":12,"asyncCause":null,"asyncCaller":null,"caller":{"filename":"resource://services-settings/Attachments.sys.mjs","name":"_fetchAttachment","sourceId":23,"lineNumber":560,"columnNumber":35,"asyncCause":null,"asyncCaller":null,"caller":{"filename":"resource://services-settings/Attachments.sys.mjs","name":"downloadAsBytes","sourceId":23,"lineNumber":537,"columnNumber":35,"asyncCause":null,"asyncCaller":null,"caller":null,"formattedStack":"downloadAsBytes@resource://services-settings/Attachments.sys.mjs:537:35\n","nativeSavedFrame":{}},"formattedStack":"_fetchAttachment@resource://services-settings/Attachments.sys.mjs:560:35\ndownloadAsBytes@resource://services-settings/Attachments.sys.mjs:537:35\n","nativeSavedFrame":{}},"formattedStack":"fetch@resource://services-settings/Utils.sys.mjs:224:12\n_fetchAttachment@resource://services-settings/Attachments.sys.mjs:560:35\ndownloadAsBytes@resource://services-settings/Attachments.sys.mjs:537:35\n","nativeSavedFrame":{}},"formattedStack":"fetch/<@resource://services-settings/Utils.sys.mjs:273:15\nfetch@resource://services-settings/Utils.sys.mjs:224:12\n_fetchAttachment@resource://services-settings/Attachments.sys.mjs:560:35\ndownloadAsBytes@resource://services-settings/Attachments.sys.mjs:537:35\n","nativeSavedFrame":{}},"formattedStack":"open@resource://gre/modules/ServiceRequest.sys.mjs:126:11\nfetch/<@resource://services-settings/Utils.sys.mjs:273:15\nfetch@resource://services-settings/Utils.sys.mjs:224:12\n_fetchAttachment@resource://services-settings/Attachments.sys.mjs:560:35\ndownloadAsBytes@resource://services-settings/Attachments.sys.mjs:537:35\n","nativeSavedFrame":{}}
2026-06-19 01:13:46,294 - MainProcess[log-interceptor-2887116648]- selenium_firefox     - DEBUG   : BROWSER 2887116648: driver: - message =
2026-06-19 01:13:46,295 - MainProcess[log-interceptor-2887116648]- selenium_firefox     - DEBUG   : BROWSER 2887116648: driver: - name =
2026-06-19 01:13:46,296 - MainProcess[log-interceptor-2887116648]- selenium_firefox     - DEBUG   : BROWSER 2887116648: driver: - result = 2152071198
2026-06-19 01:13:46,296 - MainProcess[log-interceptor-2887116648]- selenium_firefox     - DEBUG   : BROWSER 2887116648: driver: - stack = open@resource://gre/modules/ServiceRequest.sys.mjs:126:11|fetch/<@resource://services-settings/Utils.sys.mjs:273:15|fetch@resource://services-settings/Utils.sys.mjs:224:12|_fetchAttachment@resource://services-settings/Attachments.sys.mjs:560:35|downloadAsBytes@resource://services-settings/Attachments.sys.mjs:537:35|
2026-06-19 01:13:46,297 - MainProcess[log-interceptor-2887116648]- selenium_firefox     - DEBUG   : BROWSER 2887116648: driver: - prototype Object
2026-06-19 01:13:46,297 - MainProcess[log-interceptor-2887116648]- selenium_firefox     - DEBUG   : BROWSER 2887116648: driver: console.error: RemoteSecuritySettings:
2026-06-19 01:13:46,297 - MainProcess[log-interceptor-2887116648]- selenium_firefox     - DEBUG   : BROWSER 2887116648: driver: failed to download CRLite filter
2026-06-19 01:13:46,298 - MainProcess[log-interceptor-2887116648]- selenium_firefox     - DEBUG   : BROWSER 2887116648: driver: Object
2026-06-19 01:13:46,299 - MainProcess[log-interceptor-2887116648]- selenium_firefox     - DEBUG   : BROWSER 2887116648: driver: - prototype Object
2026-06-19 01:13:46,300 - MainProcess[log-interceptor-2887116648]- selenium_firefox     - DEBUG   : BROWSER 2887116648: driver: - columnNumber = 11
2026-06-19 01:13:46,301 - MainProcess[log-interceptor-2887116648]- selenium_firefox     - DEBUG   : BROWSER 2887116648: driver: - data = null
2026-06-19 01:13:46,301 - MainProcess[log-interceptor-2887116648]- selenium_firefox     - DEBUG   : BROWSER 2887116648: driver: - filename = resource://gre/modules/ServiceRequest.sys.mjs
2026-06-19 01:13:46,302 - MainProcess[log-interceptor-2887116648]- selenium_firefox     - DEBUG   : BROWSER 2887116648: driver: - lineNumber = 126
2026-06-19 01:13:46,302 - MainProcess[log-interceptor-2887116648]- selenium_firefox     - DEBUG   : BROWSER 2887116648: driver: - location = {"name":"open","filename":"resource://gre/modules/ServiceRequest.sys.mjs","sourceId":25,"lineNumber":126,"columnNumber":11,"asyncCause":null,"asyncCaller":null,"caller":{"filename":"resource://services-settings/Utils.sys.mjs","name":"fetch/<","sourceId":24,"lineNumber":273,"columnNumber":15,"asyncCause":null,"asyncCaller":null,"caller":{"filename":"resource://services-settings/Utils.sys.mjs","name":"fetch","sourceId":24,"lineNumber":224,"columnNumber":12,"asyncCause":null,"asyncCaller":null,"caller":{"filename":"resource://services-settings/Attachments.sys.mjs","name":"_fetchAttachment","sourceId":23,"lineNumber":560,"columnNumber":35,"asyncCause":null,"asyncCaller":null,"caller":{"filename":"resource://services-settings/Attachments.sys.mjs","name":"downloadAsBytes","sourceId":23,"lineNumber":537,"columnNumber":35,"asyncCause":null,"asyncCaller":null,"caller":null,"formattedStack":"downloadAsBytes@resource://services-settings/Attachments.sys.mjs:537:35\n","nativeSavedFrame":{}},"formattedStack":"_fetchAttachment@resource://services-settings/Attachments.sys.mjs:560:35\ndownloadAsBytes@resource://services-settings/Attachments.sys.mjs:537:35\n","nativeSavedFrame":{}},"formattedStack":"fetch@resource://services-settings/Utils.sys.mjs:224:12\n_fetchAttachment@resource://services-settings/Attachments.sys.mjs:560:35\ndownloadAsBytes@resource://services-settings/Attachments.sys.mjs:537:35\n","nativeSavedFrame":{}},"formattedStack":"fetch/<@resource://services-settings/Utils.sys.mjs:273:15\nfetch@resource://services-settings/Utils.sys.mjs:224:12\n_fetchAttachment@resource://services-settings/Attachments.sys.mjs:560:35\ndownloadAsBytes@resource://services-settings/Attachments.sys.mjs:537:35\n","nativeSavedFrame":{}},"formattedStack":"open@resource://gre/modules/ServiceRequest.sys.mjs:126:11\nfetch/<@resource://services-settings/Utils.sys.mjs:273:15\nfetch@resource://services-settings/Utils.sys.mjs:224:12\n_fetchAttachment@resource://services-settings/Attachments.sys.mjs:560:35\ndownloadAsBytes@resource://services-settings/Attachments.sys.mjs:537:35\n","nativeSavedFrame":{}}
2026-06-19 01:13:46,302 - MainProcess[log-interceptor-2887116648]- selenium_firefox     - DEBUG   : BROWSER 2887116648: driver: - message =
2026-06-19 01:13:46,303 - MainProcess[log-interceptor-2887116648]- selenium_firefox     - DEBUG   : BROWSER 2887116648: driver: - name =
2026-06-19 01:13:46,302 - MainProcess[MainThread]- storage_controller   - INFO    : Terminating handler for Browser-2887116648, because the underlying socket closed
2026-06-19 01:13:46,303 - MainProcess[log-interceptor-2887116648]- selenium_firefox     - DEBUG   : BROWSER 2887116648: driver: - result = 2152071198
2026-06-19 01:13:46,304 - MainProcess[log-interceptor-2887116648]- selenium_firefox     - DEBUG   : BROWSER 2887116648: driver: - stack = open@resource://gre/modules/ServiceRequest.sys.mjs:126:11|fetch/<@resource://services-settings/Utils.sys.mjs:273:15|fetch@resource://services-settings/Utils.sys.mjs:224:12|_fetchAttachment@resource://services-settings/Attachments.sys.mjs:560:35|downloadAsBytes@resource://services-settings/Attachments.sys.mjs:537:35|
2026-06-19 01:13:46,305 - MainProcess[log-interceptor-2887116648]- selenium_firefox     - DEBUG   : BROWSER 2887116648: driver: - prototype Object
2026-06-19 01:13:46,305 - MainProcess[log-interceptor-2887116648]- selenium_firefox     - DEBUG   : BROWSER 2887116648: driver: console.error: RemoteSecuritySettings:
2026-06-19 01:13:46,306 - MainProcess[log-interceptor-2887116648]- selenium_firefox     - DEBUG   : BROWSER 2887116648: driver: failed to download CRLite filter
2026-06-19 01:13:46,306 - MainProcess[log-interceptor-2887116648]- selenium_firefox     - DEBUG   : BROWSER 2887116648: driver: Object
2026-06-19 01:13:46,307 - MainProcess[log-interceptor-2887116648]- selenium_firefox     - DEBUG   : BROWSER 2887116648: driver: - prototype Object
2026-06-19 01:13:46,308 - MainProcess[log-interceptor-2887116648]- selenium_firefox     - DEBUG   : BROWSER 2887116648: driver: - columnNumber = 11
2026-06-19 01:13:46,308 - MainProcess[log-interceptor-2887116648]- selenium_firefox     - DEBUG   : BROWSER 2887116648: driver: - data = null
2026-06-19 01:13:46,309 - MainProcess[log-interceptor-2887116648]- selenium_firefox     - DEBUG   : BROWSER 2887116648: driver: - filename = resource://gre/modules/ServiceRequest.sys.mjs
2026-06-19 01:13:46,309 - MainProcess[log-interceptor-2887116648]- selenium_firefox     - DEBUG   : BROWSER 2887116648: driver: - lineNumber = 126
2026-06-19 01:13:46,309 - MainProcess[log-interceptor-2887116648]- selenium_firefox     - DEBUG   : BROWSER 2887116648: driver: - location = {"name":"open","filename":"resource://gre/modules/ServiceRequest.sys.mjs","sourceId":25,"lineNumber":126,"columnNumber":11,"asyncCause":null,"asyncCaller":null,"caller":{"filename":"resource://services-settings/Utils.sys.mjs","name":"fetch/<","sourceId":24,"lineNumber":273,"columnNumber":15,"asyncCause":null,"asyncCaller":null,"caller":{"filename":"resource://services-settings/Utils.sys.mjs","name":"fetch","sourceId":24,"lineNumber":224,"columnNumber":12,"asyncCause":null,"asyncCaller":null,"caller":{"filename":"resource://services-settings/Attachments.sys.mjs","name":"_fetchAttachment","sourceId":23,"lineNumber":560,"columnNumber":35,"asyncCause":null,"asyncCaller":null,"caller":{"filename":"resource://services-settings/Attachments.sys.mjs","name":"downloadAsBytes","sourceId":23,"lineNumber":537,"columnNumber":35,"asyncCause":null,"asyncCaller":null,"caller":null,"formattedStack":"downloadAsBytes@resource://services-settings/Attachments.sys.mjs:537:35\n","nativeSavedFrame":{}},"formattedStack":"_fetchAttachment@resource://services-settings/Attachments.sys.mjs:560:35\ndownloadAsBytes@resource://services-settings/Attachments.sys.mjs:537:35\n","nativeSavedFrame":{}},"formattedStack":"fetch@resource://services-settings/Utils.sys.mjs:224:12\n_fetchAttachment@resource://services-settings/Attachments.sys.mjs:560:35\ndownloadAsBytes@resource://services-settings/Attachments.sys.mjs:537:35\n","nativeSavedFrame":{}},"formattedStack":"fetch/<@resource://services-settings/Utils.sys.mjs:273:15\nfetch@resource://services-settings/Utils.sys.mjs:224:12\n_fetchAttachment@resource://services-settings/Attachments.sys.mjs:560:35\ndownloadAsBytes@resource://services-settings/Attachments.sys.mjs:537:35\n","nativeSavedFrame":{}},"formattedStack":"open@resource://gre/modules/ServiceRequest.sys.mjs:126:11\nfetch/<@resource://services-settings/Utils.sys.mjs:273:15\nfetch@resource://services-settings/Utils.sys.mjs:224:12\n_fetchAttachment@resource://services-settings/Attachments.sys.mjs:560:35\ndownloadAsBytes@resource://services-settings/Attachments.sys.mjs:537:35\n","nativeSavedFrame":{}}
2026-06-19 01:13:46,310 - MainProcess[log-interceptor-2887116648]- selenium_firefox     - DEBUG   : BROWSER 2887116648: driver: - message =
2026-06-19 01:13:46,310 - MainProcess[log-interceptor-2887116648]- selenium_firefox     - DEBUG   : BROWSER 2887116648: driver: - name =
2026-06-19 01:13:46,311 - MainProcess[log-interceptor-2887116648]- selenium_firefox     - DEBUG   : BROWSER 2887116648: driver: - result = 2152071198
2026-06-19 01:13:46,311 - MainProcess[log-interceptor-2887116648]- selenium_firefox     - DEBUG   : BROWSER 2887116648: driver: - stack = open@resource://gre/modules/ServiceRequest.sys.mjs:126:11|fetch/<@resource://services-settings/Utils.sys.mjs:273:15|fetch@resource://services-settings/Utils.sys.mjs:224:12|_fetchAttachment@resource://services-settings/Attachments.sys.mjs:560:35|downloadAsBytes@resource://services-settings/Attachments.sys.mjs:537:35|
2026-06-19 01:13:46,312 - MainProcess[log-interceptor-2887116648]- selenium_firefox     - DEBUG   : BROWSER 2887116648: driver: - prototype Object
2026-06-19 01:13:46,312 - MainProcess[log-interceptor-2887116648]- selenium_firefox     - DEBUG   : BROWSER 2887116648: driver: console.error: RemoteSecuritySettings:
2026-06-19 01:13:46,313 - MainProcess[log-interceptor-2887116648]- selenium_firefox     - DEBUG   : BROWSER 2887116648: driver: failed to download CRLite filter
2026-06-19 01:13:46,314 - MainProcess[log-interceptor-2887116648]- selenium_firefox     - DEBUG   : BROWSER 2887116648: driver: Object
2026-06-19 01:13:46,314 - MainProcess[log-interceptor-2887116648]- selenium_firefox     - DEBUG   : BROWSER 2887116648: driver: - prototype Object
2026-06-19 01:13:46,315 - MainProcess[log-interceptor-2887116648]- selenium_firefox     - DEBUG   : BROWSER 2887116648: driver: - columnNumber = 11
2026-06-19 01:13:46,315 - MainProcess[log-interceptor-2887116648]- selenium_firefox     - DEBUG   : BROWSER 2887116648: driver: - data = null
2026-06-19 01:13:46,315 - MainProcess[log-interceptor-2887116648]- selenium_firefox     - DEBUG   : BROWSER 2887116648: driver: - filename = resource://gre/modules/ServiceRequest.sys.mjs
2026-06-19 01:13:46,316 - MainProcess[log-interceptor-2887116648]- selenium_firefox     - DEBUG   : BROWSER 2887116648: driver: - lineNumber = 126
2026-06-19 01:13:46,316 - MainProcess[log-interceptor-2887116648]- selenium_firefox     - DEBUG   : BROWSER 2887116648: driver: - location = {"name":"open","filename":"resource://gre/modules/ServiceRequest.sys.mjs","sourceId":25,"lineNumber":126,"columnNumber":11,"asyncCause":null,"asyncCaller":null,"caller":{"filename":"resource://services-settings/Utils.sys.mjs","name":"fetch/<","sourceId":24,"lineNumber":273,"columnNumber":15,"asyncCause":null,"asyncCaller":null,"caller":{"filename":"resource://services-settings/Utils.sys.mjs","name":"fetch","sourceId":24,"lineNumber":224,"columnNumber":12,"asyncCause":null,"asyncCaller":null,"caller":{"filename":"resource://services-settings/Attachments.sys.mjs","name":"_fetchAttachment","sourceId":23,"lineNumber":560,"columnNumber":35,"asyncCause":null,"asyncCaller":null,"caller":{"filename":"resource://services-settings/Attachments.sys.mjs","name":"downloadAsBytes","sourceId":23,"lineNumber":537,"columnNumber":35,"asyncCause":null,"asyncCaller":null,"caller":null,"formattedStack":"downloadAsBytes@resource://services-settings/Attachments.sys.mjs:537:35\n","nativeSavedFrame":{}},"formattedStack":"_fetchAttachment@resource://services-settings/Attachments.sys.mjs:560:35\ndownloadAsBytes@resource://services-settings/Attachments.sys.mjs:537:35\n","nativeSavedFrame":{}},"formattedStack":"fetch@resource://services-settings/Utils.sys.mjs:224:12\n_fetchAttachment@resource://services-settings/Attachments.sys.mjs:560:35\ndownloadAsBytes@resource://services-settings/Attachments.sys.mjs:537:35\n","nativeSavedFrame":{}},"formattedStack":"fetch/<@resource://services-settings/Utils.sys.mjs:273:15\nfetch@resource://services-settings/Utils.sys.mjs:224:12\n_fetchAttachment@resource://services-settings/Attachments.sys.mjs:560:35\ndownloadAsBytes@resource://services-settings/Attachments.sys.mjs:537:35\n","nativeSavedFrame":{}},"formattedStack":"open@resource://gre/modules/ServiceRequest.sys.mjs:126:11\nfetch/<@resource://services-settings/Utils.sys.mjs:273:15\nfetch@resource://services-settings/Utils.sys.mjs:224:12\n_fetchAttachment@resource://services-settings/Attachments.sys.mjs:560:35\ndownloadAsBytes@resource://services-settings/Attachments.sys.mjs:537:35\n","nativeSavedFrame":{}}
2026-06-19 01:13:46,316 - MainProcess[log-interceptor-2887116648]- selenium_firefox     - DEBUG   : BROWSER 2887116648: driver: - message =
2026-06-19 01:13:46,317 - MainProcess[log-interceptor-2887116648]- selenium_firefox     - DEBUG   : BROWSER 2887116648: driver: - name =
2026-06-19 01:13:46,317 - MainProcess[log-interceptor-2887116648]- selenium_firefox     - DEBUG   : BROWSER 2887116648: driver: - result = 2152071198
2026-06-19 01:13:46,318 - MainProcess[log-interceptor-2887116648]- selenium_firefox     - DEBUG   : BROWSER 2887116648: driver: - stack = open@resource://gre/modules/ServiceRequest.sys.mjs:126:11|fetch/<@resource://services-settings/Utils.sys.mjs:273:15|fetch@resource://services-settings/Utils.sys.mjs:224:12|_fetchAttachment@resource://services-settings/Attachments.sys.mjs:560:35|downloadAsBytes@resource://services-settings/Attachments.sys.mjs:537:35|
2026-06-19 01:13:46,318 - MainProcess[log-interceptor-2887116648]- selenium_firefox     - DEBUG   : BROWSER 2887116648: driver: - prototype Object
2026-06-19 01:13:46,318 - MainProcess[log-interceptor-2887116648]- selenium_firefox     - DEBUG   : BROWSER 2887116648: driver: console.error: RemoteSecuritySettings:
2026-06-19 01:13:46,319 - MainProcess[log-interceptor-2887116648]- selenium_firefox     - DEBUG   : BROWSER 2887116648: driver: failed to download CRLite filter
2026-06-19 01:13:46,319 - MainProcess[log-interceptor-2887116648]- selenium_firefox     - DEBUG   : BROWSER 2887116648: driver: Object
2026-06-19 01:13:46,319 - MainProcess[log-interceptor-2887116648]- selenium_firefox     - DEBUG   : BROWSER 2887116648: driver: - prototype Object
2026-06-19 01:13:46,320 - MainProcess[log-interceptor-2887116648]- selenium_firefox     - DEBUG   : BROWSER 2887116648: driver: - columnNumber = 11
2026-06-19 01:13:46,320 - MainProcess[log-interceptor-2887116648]- selenium_firefox     - DEBUG   : BROWSER 2887116648: driver: - data = null
2026-06-19 01:13:46,320 - MainProcess[log-interceptor-2887116648]- selenium_firefox     - DEBUG   : BROWSER 2887116648: driver: - filename = resource://gre/modules/ServiceRequest.sys.mjs
2026-06-19 01:13:46,321 - MainProcess[log-interceptor-2887116648]- selenium_firefox     - DEBUG   : BROWSER 2887116648: driver: - lineNumber = 126
2026-06-19 01:13:46,321 - MainProcess[log-interceptor-2887116648]- selenium_firefox     - DEBUG   : BROWSER 2887116648: driver: - location = {"name":"open","filename":"resource://gre/modules/ServiceRequest.sys.mjs","sourceId":25,"lineNumber":126,"columnNumber":11,"asyncCause":null,"asyncCaller":null,"caller":{"filename":"resource://services-settings/Utils.sys.mjs","name":"fetch/<","sourceId":24,"lineNumber":273,"columnNumber":15,"asyncCause":null,"asyncCaller":null,"caller":{"filename":"resource://services-settings/Utils.sys.mjs","name":"fetch","sourceId":24,"lineNumber":224,"columnNumber":12,"asyncCause":null,"asyncCaller":null,"caller":{"filename":"resource://services-settings/Attachments.sys.mjs","name":"_fetchAttachment","sourceId":23,"lineNumber":560,"columnNumber":35,"asyncCause":null,"asyncCaller":null,"caller":{"filename":"resource://services-settings/Attachments.sys.mjs","name":"downloadAsBytes","sourceId":23,"lineNumber":537,"columnNumber":35,"asyncCause":null,"asyncCaller":null,"caller":null,"formattedStack":"downloadAsBytes@resource://services-settings/Attachments.sys.mjs:537:35\n","nativeSavedFrame":{}},"formattedStack":"_fetchAttachment@resource://services-settings/Attachments.sys.mjs:560:35\ndownloadAsBytes@resource://services-settings/Attachments.sys.mjs:537:35\n","nativeSavedFrame":{}},"formattedStack":"fetch@resource://services-settings/Utils.sys.mjs:224:12\n_fetchAttachment@resource://services-settings/Attachments.sys.mjs:560:35\ndownloadAsBytes@resource://services-settings/Attachments.sys.mjs:537:35\n","nativeSavedFrame":{}},"formattedStack":"fetch/<@resource://services-settings/Utils.sys.mjs:273:15\nfetch@resource://services-settings/Utils.sys.mjs:224:12\n_fetchAttachment@resource://services-settings/Attachments.sys.mjs:560:35\ndownloadAsBytes@resource://services-settings/Attachments.sys.mjs:537:35\n","nativeSavedFrame":{}},"formattedStack":"open@resource://gre/modules/ServiceRequest.sys.mjs:126:11\nfetch/<@resource://services-settings/Utils.sys.mjs:273:15\nfetch@resource://services-settings/Utils.sys.mjs:224:12\n_fetchAttachment@resource://services-settings/Attachments.sys.mjs:560:35\ndownloadAsBytes@resource://services-settings/Attachments.sys.mjs:537:35\n","nativeSavedFrame":{}}
2026-06-19 01:13:46,321 - MainProcess[log-interceptor-2887116648]- selenium_firefox     - DEBUG   : BROWSER 2887116648: driver: - message =
2026-06-19 01:13:46,321 - MainProcess[log-interceptor-2887116648]- selenium_firefox     - DEBUG   : BROWSER 2887116648: driver: - name =
2026-06-19 01:13:46,322 - MainProcess[log-interceptor-2887116648]- selenium_firefox     - DEBUG   : BROWSER 2887116648: driver: - result = 2152071198
2026-06-19 01:13:46,322 - MainProcess[log-interceptor-2887116648]- selenium_firefox     - DEBUG   : BROWSER 2887116648: driver: - stack = open@resource://gre/modules/ServiceRequest.sys.mjs:126:11|fetch/<@resource://services-settings/Utils.sys.mjs:273:15|fetch@resource://services-settings/Utils.sys.mjs:224:12|_fetchAttachment@resource://services-settings/Attachments.sys.mjs:560:35|downloadAsBytes@resource://services-settings/Attachments.sys.mjs:537:35|
2026-06-19 01:13:46,322 - MainProcess[log-interceptor-2887116648]- selenium_firefox     - DEBUG   : BROWSER 2887116648: driver: - prototype Object
2026-06-19 01:13:46,323 - MainProcess[log-interceptor-2887116648]- selenium_firefox     - DEBUG   : BROWSER 2887116648: driver: console.error: RemoteSecuritySettings:
2026-06-19 01:13:46,323 - MainProcess[log-interceptor-2887116648]- selenium_firefox     - DEBUG   : BROWSER 2887116648: driver: failed to download CRLite filter
2026-06-19 01:13:46,323 - MainProcess[log-interceptor-2887116648]- selenium_firefox     - DEBUG   : BROWSER 2887116648: driver: Object
2026-06-19 01:13:46,324 - MainProcess[log-interceptor-2887116648]- selenium_firefox     - DEBUG   : BROWSER 2887116648: driver: - prototype Object
2026-06-19 01:13:46,324 - MainProcess[log-interceptor-2887116648]- selenium_firefox     - DEBUG   : BROWSER 2887116648: driver: - columnNumber = 11
2026-06-19 01:13:46,324 - MainProcess[log-interceptor-2887116648]- selenium_firefox     - DEBUG   : BROWSER 2887116648: driver: - data = null
2026-06-19 01:13:46,325 - MainProcess[log-interceptor-2887116648]- selenium_firefox     - DEBUG   : BROWSER 2887116648: driver: - filename = resource://gre/modules/ServiceRequest.sys.mjs
2026-06-19 01:13:46,325 - MainProcess[log-interceptor-2887116648]- selenium_firefox     - DEBUG   : BROWSER 2887116648: driver: - lineNumber = 126
2026-06-19 01:13:46,325 - MainProcess[log-interceptor-2887116648]- selenium_firefox     - DEBUG   : BROWSER 2887116648: driver: - location = {"name":"open","filename":"resource://gre/modules/ServiceRequest.sys.mjs","sourceId":25,"lineNumber":126,"columnNumber":11,"asyncCause":null,"asyncCaller":null,"caller":{"filename":"resource://services-settings/Utils.sys.mjs","name":"fetch/<","sourceId":24,"lineNumber":273,"columnNumber":15,"asyncCause":null,"asyncCaller":null,"caller":{"filename":"resource://services-settings/Utils.sys.mjs","name":"fetch","sourceId":24,"lineNumber":224,"columnNumber":12,"asyncCause":null,"asyncCaller":null,"caller":{"filename":"resource://services-settings/Attachments.sys.mjs","name":"_fetchAttachment","sourceId":23,"lineNumber":560,"columnNumber":35,"asyncCause":null,"asyncCaller":null,"caller":{"filename":"resource://services-settings/Attachments.sys.mjs","name":"downloadAsBytes","sourceId":23,"lineNumber":537,"columnNumber":35,"asyncCause":null,"asyncCaller":null,"caller":null,"formattedStack":"downloadAsBytes@resource://services-settings/Attachments.sys.mjs:537:35\n","nativeSavedFrame":{}},"formattedStack":"_fetchAttachment@resource://services-settings/Attachments.sys.mjs:560:35\ndownloadAsBytes@resource://services-settings/Attachments.sys.mjs:537:35\n","nativeSavedFrame":{}},"formattedStack":"fetch@resource://services-settings/Utils.sys.mjs:224:12\n_fetchAttachment@resource://services-settings/Attachments.sys.mjs:560:35\ndownloadAsBytes@resource://services-settings/Attachments.sys.mjs:537:35\n","nativeSavedFrame":{}},"formattedStack":"fetch/<@resource://services-settings/Utils.sys.mjs:273:15\nfetch@resource://services-settings/Utils.sys.mjs:224:12\n_fetchAttachment@resource://services-settings/Attachments.sys.mjs:560:35\ndownloadAsBytes@resource://services-settings/Attachments.sys.mjs:537:35\n","nativeSavedFrame":{}},"formattedStack":"open@resource://gre/modules/ServiceRequest.sys.mjs:126:11\nfetch/<@resource://services-settings/Utils.sys.mjs:273:15\nfetch@resource://services-settings/Utils.sys.mjs:224:12\n_fetchAttachment@resource://services-settings/Attachments.sys.mjs:560:35\ndownloadAsBytes@resource://services-settings/Attachments.sys.mjs:537:35\n","nativeSavedFrame":{}}
2026-06-19 01:13:46,326 - MainProcess[log-interceptor-2887116648]- selenium_firefox     - DEBUG   : BROWSER 2887116648: driver: - message =
2026-06-19 01:13:46,326 - MainProcess[log-interceptor-2887116648]- selenium_firefox     - DEBUG   : BROWSER 2887116648: driver: - name =
2026-06-19 01:13:46,326 - MainProcess[log-interceptor-2887116648]- selenium_firefox     - DEBUG   : BROWSER 2887116648: driver: - result = 2152071198
2026-06-19 01:13:46,327 - MainProcess[log-interceptor-2887116648]- selenium_firefox     - DEBUG   : BROWSER 2887116648: driver: - stack = open@resource://gre/modules/ServiceRequest.sys.mjs:126:11|fetch/<@resource://services-settings/Utils.sys.mjs:273:15|fetch@resource://services-settings/Utils.sys.mjs:224:12|_fetchAttachment@resource://services-settings/Attachments.sys.mjs:560:35|downloadAsBytes@resource://services-settings/Attachments.sys.mjs:537:35|
2026-06-19 01:13:46,327 - MainProcess[log-interceptor-2887116648]- selenium_firefox     - DEBUG   : BROWSER 2887116648: driver: - prototype Object
2026-06-19 01:13:46,327 - MainProcess[log-interceptor-2887116648]- selenium_firefox     - DEBUG   : BROWSER 2887116648: driver: console.error: RemoteSecuritySettings:
2026-06-19 01:13:46,328 - MainProcess[log-interceptor-2887116648]- selenium_firefox     - DEBUG   : BROWSER 2887116648: driver: failed to download CRLite filter
2026-06-19 01:13:46,328 - MainProcess[log-interceptor-2887116648]- selenium_firefox     - DEBUG   : BROWSER 2887116648: driver: Object
2026-06-19 01:13:46,328 - MainProcess[log-interceptor-2887116648]- selenium_firefox     - DEBUG   : BROWSER 2887116648: driver: - prototype Object
2026-06-19 01:13:46,330 - MainProcess[log-interceptor-2887116648]- selenium_firefox     - DEBUG   : BROWSER 2887116648: driver: - columnNumber = 11
2026-06-19 01:13:46,330 - MainProcess[log-interceptor-2887116648]- selenium_firefox     - DEBUG   : BROWSER 2887116648: driver: - data = null
2026-06-19 01:13:46,331 - MainProcess[log-interceptor-2887116648]- selenium_firefox     - DEBUG   : BROWSER 2887116648: driver: - filename = resource://gre/modules/ServiceRequest.sys.mjs
2026-06-19 01:13:46,331 - MainProcess[log-interceptor-2887116648]- selenium_firefox     - DEBUG   : BROWSER 2887116648: driver: - lineNumber = 126
2026-06-19 01:13:46,332 - MainProcess[log-interceptor-2887116648]- selenium_firefox     - DEBUG   : BROWSER 2887116648: driver: - location = {"name":"open","filename":"resource://gre/modules/ServiceRequest.sys.mjs","sourceId":25,"lineNumber":126,"columnNumber":11,"asyncCause":null,"asyncCaller":null,"caller":{"filename":"resource://services-settings/Utils.sys.mjs","name":"fetch/<","sourceId":24,"lineNumber":273,"columnNumber":15,"asyncCause":null,"asyncCaller":null,"caller":{"filename":"resource://services-settings/Utils.sys.mjs","name":"fetch","sourceId":24,"lineNumber":224,"columnNumber":12,"asyncCause":null,"asyncCaller":null,"caller":{"filename":"resource://services-settings/Attachments.sys.mjs","name":"_fetchAttachment","sourceId":23,"lineNumber":560,"columnNumber":35,"asyncCause":null,"asyncCaller":null,"caller":{"filename":"resource://services-settings/Attachments.sys.mjs","name":"downloadAsBytes","sourceId":23,"lineNumber":537,"columnNumber":35,"asyncCause":null,"asyncCaller":null,"caller":null,"formattedStack":"downloadAsBytes@resource://services-settings/Attachments.sys.mjs:537:35\n","nativeSavedFrame":{}},"formattedStack":"_fetchAttachment@resource://services-settings/Attachments.sys.mjs:560:35\ndownloadAsBytes@resource://services-settings/Attachments.sys.mjs:537:35\n","nativeSavedFrame":{}},"formattedStack":"fetch@resource://services-settings/Utils.sys.mjs:224:12\n_fetchAttachment@resource://services-settings/Attachments.sys.mjs:560:35\ndownloadAsBytes@resource://services-settings/Attachments.sys.mjs:537:35\n","nativeSavedFrame":{}},"formattedStack":"fetch/<@resource://services-settings/Utils.sys.mjs:273:15\nfetch@resource://services-settings/Utils.sys.mjs:224:12\n_fetchAttachment@resource://services-settings/Attachments.sys.mjs:560:35\ndownloadAsBytes@resource://services-settings/Attachments.sys.mjs:537:35\n","nativeSavedFrame":{}},"formattedStack":"open@resource://gre/modules/ServiceRequest.sys.mjs:126:11\nfetch/<@resource://services-settings/Utils.sys.mjs:273:15\nfetch@resource://services-settings/Utils.sys.mjs:224:12\n_fetchAttachment@resource://services-settings/Attachments.sys.mjs:560:35\ndownloadAsBytes@resource://services-settings/Attachments.sys.mjs:537:35\n","nativeSavedFrame":{}}
2026-06-19 01:13:46,332 - MainProcess[log-interceptor-2887116648]- selenium_firefox     - DEBUG   : BROWSER 2887116648: driver: - message =
2026-06-19 01:13:46,332 - MainProcess[log-interceptor-2887116648]- selenium_firefox     - DEBUG   : BROWSER 2887116648: driver: - name =
2026-06-19 01:13:46,333 - MainProcess[log-interceptor-2887116648]- selenium_firefox     - DEBUG   : BROWSER 2887116648: driver: - result = 2152071198
2026-06-19 01:13:46,333 - MainProcess[log-interceptor-2887116648]- selenium_firefox     - DEBUG   : BROWSER 2887116648: driver: - stack = open@resource://gre/modules/ServiceRequest.sys.mjs:126:11|fetch/<@resource://services-settings/Utils.sys.mjs:273:15|fetch@resource://services-settings/Utils.sys.mjs:224:12|_fetchAttachment@resource://services-settings/Attachments.sys.mjs:560:35|downloadAsBytes@resource://services-settings/Attachments.sys.mjs:537:35|
2026-06-19 01:13:46,334 - MainProcess[log-interceptor-2887116648]- selenium_firefox     - DEBUG   : BROWSER 2887116648: driver: - prototype Object
2026-06-19 01:13:46,335 - MainProcess[log-interceptor-2887116648]- selenium_firefox     - DEBUG   : BROWSER 2887116648: driver: console.error: RemoteSecuritySettings:
2026-06-19 01:13:46,335 - MainProcess[log-interceptor-2887116648]- selenium_firefox     - DEBUG   : BROWSER 2887116648: driver: failed to download CRLite filter
2026-06-19 01:13:46,336 - MainProcess[log-interceptor-2887116648]- selenium_firefox     - DEBUG   : BROWSER 2887116648: driver: Object
2026-06-19 01:13:46,336 - MainProcess[log-interceptor-2887116648]- selenium_firefox     - DEBUG   : BROWSER 2887116648: driver: - prototype Object
2026-06-19 01:13:46,336 - MainProcess[log-interceptor-2887116648]- selenium_firefox     - DEBUG   : BROWSER 2887116648: driver: - columnNumber = 11
2026-06-19 01:13:46,337 - MainProcess[log-interceptor-2887116648]- selenium_firefox     - DEBUG   : BROWSER 2887116648: driver: - data = null
2026-06-19 01:13:46,337 - MainProcess[log-interceptor-2887116648]- selenium_firefox     - DEBUG   : BROWSER 2887116648: driver: - filename = resource://gre/modules/ServiceRequest.sys.mjs
2026-06-19 01:13:46,337 - MainProcess[log-interceptor-2887116648]- selenium_firefox     - DEBUG   : BROWSER 2887116648: driver: - lineNumber = 126
2026-06-19 01:13:46,337 - MainProcess[log-interceptor-2887116648]- selenium_firefox     - DEBUG   : BROWSER 2887116648: driver: - location = {"name":"open","filename":"resource://gre/modules/ServiceRequest.sys.mjs","sourceId":25,"lineNumber":126,"columnNumber":11,"asyncCause":null,"asyncCaller":null,"caller":{"filename":"resource://services-settings/Utils.sys.mjs","name":"fetch/<","sourceId":24,"lineNumber":273,"columnNumber":15,"asyncCause":null,"asyncCaller":null,"caller":{"filename":"resource://services-settings/Utils.sys.mjs","name":"fetch","sourceId":24,"lineNumber":224,"columnNumber":12,"asyncCause":null,"asyncCaller":null,"caller":{"filename":"resource://services-settings/Attachments.sys.mjs","name":"_fetchAttachment","sourceId":23,"lineNumber":560,"columnNumber":35,"asyncCause":null,"asyncCaller":null,"caller":{"filename":"resource://services-settings/Attachments.sys.mjs","name":"downloadAsBytes","sourceId":23,"lineNumber":537,"columnNumber":35,"asyncCause":null,"asyncCaller":null,"caller":null,"formattedStack":"downloadAsBytes@resource://services-settings/Attachments.sys.mjs:537:35\n","nativeSavedFrame":{}},"formattedStack":"_fetchAttachment@resource://services-settings/Attachments.sys.mjs:560:35\ndownloadAsBytes@resource://services-settings/Attachments.sys.mjs:537:35\n","nativeSavedFrame":{}},"formattedStack":"fetch@resource://services-settings/Utils.sys.mjs:224:12\n_fetchAttachment@resource://services-settings/Attachments.sys.mjs:560:35\ndownloadAsBytes@resource://services-settings/Attachments.sys.mjs:537:35\n","nativeSavedFrame":{}},"formattedStack":"fetch/<@resource://services-settings/Utils.sys.mjs:273:15\nfetch@resource://services-settings/Utils.sys.mjs:224:12\n_fetchAttachment@resource://services-settings/Attachments.sys.mjs:560:35\ndownloadAsBytes@resource://services-settings/Attachments.sys.mjs:537:35\n","nativeSavedFrame":{}},"formattedStack":"open@resource://gre/modules/ServiceRequest.sys.mjs:126:11\nfetch/<@resource://services-settings/Utils.sys.mjs:273:15\nfetch@resource://services-settings/Utils.sys.mjs:224:12\n_fetchAttachment@resource://services-settings/Attachments.sys.mjs:560:35\ndownloadAsBytes@resource://services-settings/Attachments.sys.mjs:537:35\n","nativeSavedFrame":{}}
2026-06-19 01:13:46,338 - MainProcess[log-interceptor-2887116648]- selenium_firefox     - DEBUG   : BROWSER 2887116648: driver: - message =
2026-06-19 01:13:46,340 - MainProcess[log-interceptor-2887116648]- selenium_firefox     - DEBUG   : BROWSER 2887116648: driver: - name =
2026-06-19 01:13:46,341 - MainProcess[log-interceptor-2887116648]- selenium_firefox     - DEBUG   : BROWSER 2887116648: driver: - result = 2152071198
2026-06-19 01:13:46,341 - MainProcess[log-interceptor-2887116648]- selenium_firefox     - DEBUG   : BROWSER 2887116648: driver: - stack = open@resource://gre/modules/ServiceRequest.sys.mjs:126:11|fetch/<@resource://services-settings/Utils.sys.mjs:273:15|fetch@resource://services-settings/Utils.sys.mjs:224:12|_fetchAttachment@resource://services-settings/Attachments.sys.mjs:560:35|downloadAsBytes@resource://services-settings/Attachments.sys.mjs:537:35|
2026-06-19 01:13:46,342 - MainProcess[log-interceptor-2887116648]- selenium_firefox     - DEBUG   : BROWSER 2887116648: driver: - prototype Object
2026-06-19 01:13:46,343 - MainProcess[log-interceptor-2887116648]- selenium_firefox     - DEBUG   : BROWSER 2887116648: driver: console.error: RemoteSecuritySettings:
2026-06-19 01:13:46,343 - MainProcess[log-interceptor-2887116648]- selenium_firefox     - DEBUG   : BROWSER 2887116648: driver: failed to download CRLite filter
2026-06-19 01:13:46,343 - MainProcess[log-interceptor-2887116648]- selenium_firefox     - DEBUG   : BROWSER 2887116648: driver: Object
2026-06-19 01:13:46,344 - MainProcess[log-interceptor-2887116648]- selenium_firefox     - DEBUG   : BROWSER 2887116648: driver: - prototype Object
2026-06-19 01:13:46,344 - MainProcess[log-interceptor-2887116648]- selenium_firefox     - DEBUG   : BROWSER 2887116648: driver: - columnNumber = 11
2026-06-19 01:13:46,345 - MainProcess[log-interceptor-2887116648]- selenium_firefox     - DEBUG   : BROWSER 2887116648: driver: - data = null
2026-06-19 01:13:46,345 - MainProcess[log-interceptor-2887116648]- selenium_firefox     - DEBUG   : BROWSER 2887116648: driver: - filename = resource://gre/modules/ServiceRequest.sys.mjs
2026-06-19 01:13:46,346 - MainProcess[log-interceptor-2887116648]- selenium_firefox     - DEBUG   : BROWSER 2887116648: driver: - lineNumber = 126
2026-06-19 01:13:46,347 - MainProcess[log-interceptor-2887116648]- selenium_firefox     - DEBUG   : BROWSER 2887116648: driver: - location = {"name":"open","filename":"resource://gre/modules/ServiceRequest.sys.mjs","sourceId":25,"lineNumber":126,"columnNumber":11,"asyncCause":null,"asyncCaller":null,"caller":{"filename":"resource://services-settings/Utils.sys.mjs","name":"fetch/<","sourceId":24,"lineNumber":273,"columnNumber":15,"asyncCause":null,"asyncCaller":null,"caller":{"filename":"resource://services-settings/Utils.sys.mjs","name":"fetch","sourceId":24,"lineNumber":224,"columnNumber":12,"asyncCause":null,"asyncCaller":null,"caller":{"filename":"resource://services-settings/Attachments.sys.mjs","name":"_fetchAttachment","sourceId":23,"lineNumber":560,"columnNumber":35,"asyncCause":null,"asyncCaller":null,"caller":{"filename":"resource://services-settings/Attachments.sys.mjs","name":"downloadAsBytes","sourceId":23,"lineNumber":537,"columnNumber":35,"asyncCause":null,"asyncCaller":null,"caller":null,"formattedStack":"downloadAsBytes@resource://services-settings/Attachments.sys.mjs:537:35\n","nativeSavedFrame":{}},"formattedStack":"_fetchAttachment@resource://services-settings/Attachments.sys.mjs:560:35\ndownloadAsBytes@resource://services-settings/Attachments.sys.mjs:537:35\n","nativeSavedFrame":{}},"formattedStack":"fetch@resource://services-settings/Utils.sys.mjs:224:12\n_fetchAttachment@resource://services-settings/Attachments.sys.mjs:560:35\ndownloadAsBytes@resource://services-settings/Attachments.sys.mjs:537:35\n","nativeSavedFrame":{}},"formattedStack":"fetch/<@resource://services-settings/Utils.sys.mjs:273:15\nfetch@resource://services-settings/Utils.sys.mjs:224:12\n_fetchAttachment@resource://services-settings/Attachments.sys.mjs:560:35\ndownloadAsBytes@resource://services-settings/Attachments.sys.mjs:537:35\n","nativeSavedFrame":{}},"formattedStack":"open@resource://gre/modules/ServiceRequest.sys.mjs:126:11\nfetch/<@resource://services-settings/Utils.sys.mjs:273:15\nfetch@resource://services-settings/Utils.sys.mjs:224:12\n_fetchAttachment@resource://services-settings/Attachments.sys.mjs:560:35\ndownloadAsBytes@resource://services-settings/Attachments.sys.mjs:537:35\n","nativeSavedFrame":{}}
2026-06-19 01:13:46,348 - MainProcess[log-interceptor-2887116648]- selenium_firefox     - DEBUG   : BROWSER 2887116648: driver: - message =
2026-06-19 01:13:46,349 - MainProcess[log-interceptor-2887116648]- selenium_firefox     - DEBUG   : BROWSER 2887116648: driver: - name =
2026-06-19 01:13:46,350 - MainProcess[log-interceptor-2887116648]- selenium_firefox     - DEBUG   : BROWSER 2887116648: driver: - result = 2152071198
2026-06-19 01:13:46,351 - MainProcess[log-interceptor-2887116648]- selenium_firefox     - DEBUG   : BROWSER 2887116648: driver: - stack = open@resource://gre/modules/ServiceRequest.sys.mjs:126:11|fetch/<@resource://services-settings/Utils.sys.mjs:273:15|fetch@resource://services-settings/Utils.sys.mjs:224:12|_fetchAttachment@resource://services-settings/Attachments.sys.mjs:560:35|downloadAsBytes@resource://services-settings/Attachments.sys.mjs:537:35|
2026-06-19 01:13:46,352 - MainProcess[log-interceptor-2887116648]- selenium_firefox     - DEBUG   : BROWSER 2887116648: driver: - prototype Object
2026-06-19 01:13:46,352 - MainProcess[log-interceptor-2887116648]- selenium_firefox     - DEBUG   : BROWSER 2887116648: driver: console.error: RemoteSecuritySettings:
2026-06-19 01:13:46,353 - MainProcess[log-interceptor-2887116648]- selenium_firefox     - DEBUG   : BROWSER 2887116648: driver: failed to download CRLite filter
2026-06-19 01:13:46,353 - MainProcess[log-interceptor-2887116648]- selenium_firefox     - DEBUG   : BROWSER 2887116648: driver: Object
2026-06-19 01:13:46,356 - MainProcess[log-interceptor-2887116648]- selenium_firefox     - DEBUG   : BROWSER 2887116648: driver: - prototype Object
2026-06-19 01:13:46,356 - MainProcess[log-interceptor-2887116648]- selenium_firefox     - DEBUG   : BROWSER 2887116648: driver: - columnNumber = 11
2026-06-19 01:13:46,357 - MainProcess[log-interceptor-2887116648]- selenium_firefox     - DEBUG   : BROWSER 2887116648: driver: - data = null
2026-06-19 01:13:46,357 - MainProcess[log-interceptor-2887116648]- selenium_firefox     - DEBUG   : BROWSER 2887116648: driver: - filename = resource://gre/modules/ServiceRequest.sys.mjs
2026-06-19 01:13:46,358 - MainProcess[log-interceptor-2887116648]- selenium_firefox     - DEBUG   : BROWSER 2887116648: driver: - lineNumber = 126
2026-06-19 01:13:46,359 - MainProcess[log-interceptor-2887116648]- selenium_firefox     - DEBUG   : BROWSER 2887116648: driver: - location = {"name":"open","filename":"resource://gre/modules/ServiceRequest.sys.mjs","sourceId":25,"lineNumber":126,"columnNumber":11,"asyncCause":null,"asyncCaller":null,"caller":{"filename":"resource://services-settings/Utils.sys.mjs","name":"fetch/<","sourceId":24,"lineNumber":273,"columnNumber":15,"asyncCause":null,"asyncCaller":null,"caller":{"filename":"resource://services-settings/Utils.sys.mjs","name":"fetch","sourceId":24,"lineNumber":224,"columnNumber":12,"asyncCause":null,"asyncCaller":null,"caller":{"filename":"resource://services-settings/Attachments.sys.mjs","name":"_fetchAttachment","sourceId":23,"lineNumber":560,"columnNumber":35,"asyncCause":null,"asyncCaller":null,"caller":{"filename":"resource://services-settings/Attachments.sys.mjs","name":"downloadAsBytes","sourceId":23,"lineNumber":537,"columnNumber":35,"asyncCause":null,"asyncCaller":null,"caller":null,"formattedStack":"downloadAsBytes@resource://services-settings/Attachments.sys.mjs:537:35\n","nativeSavedFrame":{}},"formattedStack":"_fetchAttachment@resource://services-settings/Attachments.sys.mjs:560:35\ndownloadAsBytes@resource://services-settings/Attachments.sys.mjs:537:35\n","nativeSavedFrame":{}},"formattedStack":"fetch@resource://services-settings/Utils.sys.mjs:224:12\n_fetchAttachment@resource://services-settings/Attachments.sys.mjs:560:35\ndownloadAsBytes@resource://services-settings/Attachments.sys.mjs:537:35\n","nativeSavedFrame":{}},"formattedStack":"fetch/<@resource://services-settings/Utils.sys.mjs:273:15\nfetch@resource://services-settings/Utils.sys.mjs:224:12\n_fetchAttachment@resource://services-settings/Attachments.sys.mjs:560:35\ndownloadAsBytes@resource://services-settings/Attachments.sys.mjs:537:35\n","nativeSavedFrame":{}},"formattedStack":"open@resource://gre/modules/ServiceRequest.sys.mjs:126:11\nfetch/<@resource://services-settings/Utils.sys.mjs:273:15\nfetch@resource://services-settings/Utils.sys.mjs:224:12\n_fetchAttachment@resource://services-settings/Attachments.sys.mjs:560:35\ndownloadAsBytes@resource://services-settings/Attachments.sys.mjs:537:35\n","nativeSavedFrame":{}}
2026-06-19 01:13:46,359 - MainProcess[log-interceptor-2887116648]- selenium_firefox     - DEBUG   : BROWSER 2887116648: driver: - message =
2026-06-19 01:13:46,360 - MainProcess[log-interceptor-2887116648]- selenium_firefox     - DEBUG   : BROWSER 2887116648: driver: - name =
2026-06-19 01:13:46,360 - MainProcess[log-interceptor-2887116648]- selenium_firefox     - DEBUG   : BROWSER 2887116648: driver: - result = 2152071198
2026-06-19 01:13:46,361 - MainProcess[log-interceptor-2887116648]- selenium_firefox     - DEBUG   : BROWSER 2887116648: driver: - stack = open@resource://gre/modules/ServiceRequest.sys.mjs:126:11|fetch/<@resource://services-settings/Utils.sys.mjs:273:15|fetch@resource://services-settings/Utils.sys.mjs:224:12|_fetchAttachment@resource://services-settings/Attachments.sys.mjs:560:35|downloadAsBytes@resource://services-settings/Attachments.sys.mjs:537:35|
2026-06-19 01:13:46,362 - MainProcess[log-interceptor-2887116648]- selenium_firefox     - DEBUG   : BROWSER 2887116648: driver: - prototype Object
2026-06-19 01:13:46,363 - MainProcess[log-interceptor-2887116648]- selenium_firefox     - DEBUG   : BROWSER 2887116648: driver: console.error: RemoteSecuritySettings:
2026-06-19 01:13:46,364 - MainProcess[log-interceptor-2887116648]- selenium_firefox     - DEBUG   : BROWSER 2887116648: driver: failed to download CRLite filter
2026-06-19 01:13:46,365 - MainProcess[log-interceptor-2887116648]- selenium_firefox     - DEBUG   : BROWSER 2887116648: driver: Object
2026-06-19 01:13:46,365 - MainProcess[log-interceptor-2887116648]- selenium_firefox     - DEBUG   : BROWSER 2887116648: driver: - prototype Object
2026-06-19 01:13:46,366 - MainProcess[log-interceptor-2887116648]- selenium_firefox     - DEBUG   : BROWSER 2887116648: driver: - columnNumber = 11
2026-06-19 01:13:46,367 - MainProcess[log-interceptor-2887116648]- selenium_firefox     - DEBUG   : BROWSER 2887116648: driver: - data = null
2026-06-19 01:13:46,368 - MainProcess[log-interceptor-2887116648]- selenium_firefox     - DEBUG   : BROWSER 2887116648: driver: - filename = resource://gre/modules/ServiceRequest.sys.mjs
2026-06-19 01:13:46,369 - MainProcess[log-interceptor-2887116648]- selenium_firefox     - DEBUG   : BROWSER 2887116648: driver: - lineNumber = 126
2026-06-19 01:13:46,369 - MainProcess[log-interceptor-2887116648]- selenium_firefox     - DEBUG   : BROWSER 2887116648: driver: - location = {"name":"open","filename":"resource://gre/modules/ServiceRequest.sys.mjs","sourceId":25,"lineNumber":126,"columnNumber":11,"asyncCause":null,"asyncCaller":null,"caller":{"filename":"resource://services-settings/Utils.sys.mjs","name":"fetch/<","sourceId":24,"lineNumber":273,"columnNumber":15,"asyncCause":null,"asyncCaller":null,"caller":{"filename":"resource://services-settings/Utils.sys.mjs","name":"fetch","sourceId":24,"lineNumber":224,"columnNumber":12,"asyncCause":null,"asyncCaller":null,"caller":{"filename":"resource://services-settings/Attachments.sys.mjs","name":"_fetchAttachment","sourceId":23,"lineNumber":560,"columnNumber":35,"asyncCause":null,"asyncCaller":null,"caller":{"filename":"resource://services-settings/Attachments.sys.mjs","name":"downloadAsBytes","sourceId":23,"lineNumber":537,"columnNumber":35,"asyncCause":null,"asyncCaller":null,"caller":null,"formattedStack":"downloadAsBytes@resource://services-settings/Attachments.sys.mjs:537:35\n","nativeSavedFrame":{}},"formattedStack":"_fetchAttachment@resource://services-settings/Attachments.sys.mjs:560:35\ndownloadAsBytes@resource://services-settings/Attachments.sys.mjs:537:35\n","nativeSavedFrame":{}},"formattedStack":"fetch@resource://services-settings/Utils.sys.mjs:224:12\n_fetchAttachment@resource://services-settings/Attachments.sys.mjs:560:35\ndownloadAsBytes@resource://services-settings/Attachments.sys.mjs:537:35\n","nativeSavedFrame":{}},"formattedStack":"fetch/<@resource://services-settings/Utils.sys.mjs:273:15\nfetch@resource://services-settings/Utils.sys.mjs:224:12\n_fetchAttachment@resource://services-settings/Attachments.sys.mjs:560:35\ndownloadAsBytes@resource://services-settings/Attachments.sys.mjs:537:35\n","nativeSavedFrame":{}},"formattedStack":"open@resource://gre/modules/ServiceRequest.sys.mjs:126:11\nfetch/<@resource://services-settings/Utils.sys.mjs:273:15\nfetch@resource://services-settings/Utils.sys.mjs:224:12\n_fetchAttachment@resource://services-settings/Attachments.sys.mjs:560:35\ndownloadAsBytes@resource://services-settings/Attachments.sys.mjs:537:35\n","nativeSavedFrame":{}}
2026-06-19 01:13:46,369 - MainProcess[log-interceptor-2887116648]- selenium_firefox     - DEBUG   : BROWSER 2887116648: driver: - message =
2026-06-19 01:13:46,370 - MainProcess[log-interceptor-2887116648]- selenium_firefox     - DEBUG   : BROWSER 2887116648: driver: - name =
2026-06-19 01:13:46,372 - MainProcess[log-interceptor-2887116648]- selenium_firefox     - DEBUG   : BROWSER 2887116648: driver: - result = 2152071198
2026-06-19 01:13:46,372 - MainProcess[log-interceptor-2887116648]- selenium_firefox     - DEBUG   : BROWSER 2887116648: driver: - stack = open@resource://gre/modules/ServiceRequest.sys.mjs:126:11|fetch/<@resource://services-settings/Utils.sys.mjs:273:15|fetch@resource://services-settings/Utils.sys.mjs:224:12|_fetchAttachment@resource://services-settings/Attachments.sys.mjs:560:35|downloadAsBytes@resource://services-settings/Attachments.sys.mjs:537:35|
2026-06-19 01:13:46,373 - MainProcess[log-interceptor-2887116648]- selenium_firefox     - DEBUG   : BROWSER 2887116648: driver: - prototype Object
2026-06-19 01:13:46,374 - MainProcess[log-interceptor-2887116648]- selenium_firefox     - DEBUG   : BROWSER 2887116648: driver: console.error: RemoteSecuritySettings:
2026-06-19 01:13:46,374 - MainProcess[log-interceptor-2887116648]- selenium_firefox     - DEBUG   : BROWSER 2887116648: driver: failed to download CRLite filter
2026-06-19 01:13:46,374 - MainProcess[log-interceptor-2887116648]- selenium_firefox     - DEBUG   : BROWSER 2887116648: driver: Object
2026-06-19 01:13:46,375 - MainProcess[log-interceptor-2887116648]- selenium_firefox     - DEBUG   : BROWSER 2887116648: driver: - prototype Object
2026-06-19 01:13:46,377 - MainProcess[log-interceptor-2887116648]- selenium_firefox     - DEBUG   : BROWSER 2887116648: driver: - columnNumber = 11
2026-06-19 01:13:46,377 - MainProcess[log-interceptor-2887116648]- selenium_firefox     - DEBUG   : BROWSER 2887116648: driver: - data = null
2026-06-19 01:13:46,378 - MainProcess[log-interceptor-2887116648]- selenium_firefox     - DEBUG   : BROWSER 2887116648: driver: - filename = resource://gre/modules/ServiceRequest.sys.mjs
2026-06-19 01:13:46,379 - MainProcess[log-interceptor-2887116648]- selenium_firefox     - DEBUG   : BROWSER 2887116648: driver: - lineNumber = 126
2026-06-19 01:13:46,380 - MainProcess[log-interceptor-2887116648]- selenium_firefox     - DEBUG   : BROWSER 2887116648: driver: - location = {"name":"open","filename":"resource://gre/modules/ServiceRequest.sys.mjs","sourceId":25,"lineNumber":126,"columnNumber":11,"asyncCause":null,"asyncCaller":null,"caller":{"filename":"resource://services-settings/Utils.sys.mjs","name":"fetch/<","sourceId":24,"lineNumber":273,"columnNumber":15,"asyncCause":null,"asyncCaller":null,"caller":{"filename":"resource://services-settings/Utils.sys.mjs","name":"fetch","sourceId":24,"lineNumber":224,"columnNumber":12,"asyncCause":null,"asyncCaller":null,"caller":{"filename":"resource://services-settings/Attachments.sys.mjs","name":"_fetchAttachment","sourceId":23,"lineNumber":560,"columnNumber":35,"asyncCause":null,"asyncCaller":null,"caller":{"filename":"resource://services-settings/Attachments.sys.mjs","name":"downloadAsBytes","sourceId":23,"lineNumber":537,"columnNumber":35,"asyncCause":null,"asyncCaller":null,"caller":null,"formattedStack":"downloadAsBytes@resource://services-settings/Attachments.sys.mjs:537:35\n","nativeSavedFrame":{}},"formattedStack":"_fetchAttachment@resource://services-settings/Attachments.sys.mjs:560:35\ndownloadAsBytes@resource://services-settings/Attachments.sys.mjs:537:35\n","nativeSavedFrame":{}},"formattedStack":"fetch@resource://services-settings/Utils.sys.mjs:224:12\n_fetchAttachment@resource://services-settings/Attachments.sys.mjs:560:35\ndownloadAsBytes@resource://services-settings/Attachments.sys.mjs:537:35\n","nativeSavedFrame":{}},"formattedStack":"fetch/<@resource://services-settings/Utils.sys.mjs:273:15\nfetch@resource://services-settings/Utils.sys.mjs:224:12\n_fetchAttachment@resource://services-settings/Attachments.sys.mjs:560:35\ndownloadAsBytes@resource://services-settings/Attachments.sys.mjs:537:35\n","nativeSavedFrame":{}},"formattedStack":"open@resource://gre/modules/ServiceRequest.sys.mjs:126:11\nfetch/<@resource://services-settings/Utils.sys.mjs:273:15\nfetch@resource://services-settings/Utils.sys.mjs:224:12\n_fetchAttachment@resource://services-settings/Attachments.sys.mjs:560:35\ndownloadAsBytes@resource://services-settings/Attachments.sys.mjs:537:35\n","nativeSavedFrame":{}}
2026-06-19 01:13:46,380 - MainProcess[log-interceptor-2887116648]- selenium_firefox     - DEBUG   : BROWSER 2887116648: driver: - message =
2026-06-19 01:13:46,381 - MainProcess[log-interceptor-2887116648]- selenium_firefox     - DEBUG   : BROWSER 2887116648: driver: - name =
2026-06-19 01:13:46,382 - MainProcess[log-interceptor-2887116648]- selenium_firefox     - DEBUG   : BROWSER 2887116648: driver: - result = 2152071198
2026-06-19 01:13:46,382 - MainProcess[log-interceptor-2887116648]- selenium_firefox     - DEBUG   : BROWSER 2887116648: driver: - stack = open@resource://gre/modules/ServiceRequest.sys.mjs:126:11|fetch/<@resource://services-settings/Utils.sys.mjs:273:15|fetch@resource://services-settings/Utils.sys.mjs:224:12|_fetchAttachment@resource://services-settings/Attachments.sys.mjs:560:35|downloadAsBytes@resource://services-settings/Attachments.sys.mjs:537:35|
2026-06-19 01:13:46,382 - MainProcess[log-interceptor-2887116648]- selenium_firefox     - DEBUG   : BROWSER 2887116648: driver: - prototype Object
2026-06-19 01:13:46,383 - MainProcess[log-interceptor-2887116648]- selenium_firefox     - DEBUG   : BROWSER 2887116648: driver: console.error: RemoteSecuritySettings:
2026-06-19 01:13:46,384 - MainProcess[log-interceptor-2887116648]- selenium_firefox     - DEBUG   : BROWSER 2887116648: driver: failed to download CRLite filter
2026-06-19 01:13:46,385 - MainProcess[log-interceptor-2887116648]- selenium_firefox     - DEBUG   : BROWSER 2887116648: driver: Object
2026-06-19 01:13:46,386 - MainProcess[log-interceptor-2887116648]- selenium_firefox     - DEBUG   : BROWSER 2887116648: driver: - prototype Object
2026-06-19 01:13:46,387 - MainProcess[log-interceptor-2887116648]- selenium_firefox     - DEBUG   : BROWSER 2887116648: driver: - columnNumber = 11
2026-06-19 01:13:46,387 - MainProcess[log-interceptor-2887116648]- selenium_firefox     - DEBUG   : BROWSER 2887116648: driver: - data = null
2026-06-19 01:13:46,388 - MainProcess[log-interceptor-2887116648]- selenium_firefox     - DEBUG   : BROWSER 2887116648: driver: - filename = resource://gre/modules/ServiceRequest.sys.mjs
2026-06-19 01:13:46,388 - MainProcess[log-interceptor-2887116648]- selenium_firefox     - DEBUG   : BROWSER 2887116648: driver: - lineNumber = 126
2026-06-19 01:13:46,388 - MainProcess[log-interceptor-2887116648]- selenium_firefox     - DEBUG   : BROWSER 2887116648: driver: - location = {"name":"open","filename":"resource://gre/modules/ServiceRequest.sys.mjs","sourceId":25,"lineNumber":126,"columnNumber":11,"asyncCause":null,"asyncCaller":null,"caller":{"filename":"resource://services-settings/Utils.sys.mjs","name":"fetch/<","sourceId":24,"lineNumber":273,"columnNumber":15,"asyncCause":null,"asyncCaller":null,"caller":{"filename":"resource://services-settings/Utils.sys.mjs","name":"fetch","sourceId":24,"lineNumber":224,"columnNumber":12,"asyncCause":null,"asyncCaller":null,"caller":{"filename":"resource://services-settings/Attachments.sys.mjs","name":"_fetchAttachment","sourceId":23,"lineNumber":560,"columnNumber":35,"asyncCause":null,"asyncCaller":null,"caller":{"filename":"resource://services-settings/Attachments.sys.mjs","name":"downloadAsBytes","sourceId":23,"lineNumber":537,"columnNumber":35,"asyncCause":null,"asyncCaller":null,"caller":null,"formattedStack":"downloadAsBytes@resource://services-settings/Attachments.sys.mjs:537:35\n","nativeSavedFrame":{}},"formattedStack":"_fetchAttachment@resource://services-settings/Attachments.sys.mjs:560:35\ndownloadAsBytes@resource://services-settings/Attachments.sys.mjs:537:35\n","nativeSavedFrame":{}},"formattedStack":"fetch@resource://services-settings/Utils.sys.mjs:224:12\n_fetchAttachment@resource://services-settings/Attachments.sys.mjs:560:35\ndownloadAsBytes@resource://services-settings/Attachments.sys.mjs:537:35\n","nativeSavedFrame":{}},"formattedStack":"fetch/<@resource://services-settings/Utils.sys.mjs:273:15\nfetch@resource://services-settings/Utils.sys.mjs:224:12\n_fetchAttachment@resource://services-settings/Attachments.sys.mjs:560:35\ndownloadAsBytes@resource://services-settings/Attachments.sys.mjs:537:35\n","nativeSavedFrame":{}},"formattedStack":"open@resource://gre/modules/ServiceRequest.sys.mjs:126:11\nfetch/<@resource://services-settings/Utils.sys.mjs:273:15\nfetch@resource://services-settings/Utils.sys.mjs:224:12\n_fetchAttachment@resource://services-settings/Attachments.sys.mjs:560:35\ndownloadAsBytes@resource://services-settings/Attachments.sys.mjs:537:35\n","nativeSavedFrame":{}}
2026-06-19 01:13:46,389 - MainProcess[log-interceptor-2887116648]- selenium_firefox     - DEBUG   : BROWSER 2887116648: driver: - message =
2026-06-19 01:13:46,389 - MainProcess[log-interceptor-2887116648]- selenium_firefox     - DEBUG   : BROWSER 2887116648: driver: - name =
2026-06-19 01:13:46,389 - MainProcess[log-interceptor-2887116648]- selenium_firefox     - DEBUG   : BROWSER 2887116648: driver: - result = 2152071198
2026-06-19 01:13:46,390 - MainProcess[log-interceptor-2887116648]- selenium_firefox     - DEBUG   : BROWSER 2887116648: driver: - stack = open@resource://gre/modules/ServiceRequest.sys.mjs:126:11|fetch/<@resource://services-settings/Utils.sys.mjs:273:15|fetch@resource://services-settings/Utils.sys.mjs:224:12|_fetchAttachment@resource://services-settings/Attachments.sys.mjs:560:35|downloadAsBytes@resource://services-settings/Attachments.sys.mjs:537:35|
2026-06-19 01:13:46,390 - MainProcess[log-interceptor-2887116648]- selenium_firefox     - DEBUG   : BROWSER 2887116648: driver: - prototype Object
2026-06-19 01:13:46,392 - MainProcess[log-interceptor-2887116648]- selenium_firefox     - DEBUG   : BROWSER 2887116648: driver: console.error: RemoteSecuritySettings:
2026-06-19 01:13:46,393 - MainProcess[log-interceptor-2887116648]- selenium_firefox     - DEBUG   : BROWSER 2887116648: driver: failed to download CRLite filter
2026-06-19 01:13:46,393 - MainProcess[log-interceptor-2887116648]- selenium_firefox     - DEBUG   : BROWSER 2887116648: driver: Object
2026-06-19 01:13:46,394 - MainProcess[log-interceptor-2887116648]- selenium_firefox     - DEBUG   : BROWSER 2887116648: driver: - prototype Object
2026-06-19 01:13:46,394 - MainProcess[log-interceptor-2887116648]- selenium_firefox     - DEBUG   : BROWSER 2887116648: driver: - columnNumber = 11
2026-06-19 01:13:46,395 - MainProcess[log-interceptor-2887116648]- selenium_firefox     - DEBUG   : BROWSER 2887116648: driver: - data = null
2026-06-19 01:13:46,395 - MainProcess[log-interceptor-2887116648]- selenium_firefox     - DEBUG   : BROWSER 2887116648: driver: - filename = resource://gre/modules/ServiceRequest.sys.mjs
2026-06-19 01:13:46,395 - MainProcess[log-interceptor-2887116648]- selenium_firefox     - DEBUG   : BROWSER 2887116648: driver: - lineNumber = 126
2026-06-19 01:13:46,396 - MainProcess[log-interceptor-2887116648]- selenium_firefox     - DEBUG   : BROWSER 2887116648: driver: - location = {"name":"open","filename":"resource://gre/modules/ServiceRequest.sys.mjs","sourceId":25,"lineNumber":126,"columnNumber":11,"asyncCause":null,"asyncCaller":null,"caller":{"filename":"resource://services-settings/Utils.sys.mjs","name":"fetch/<","sourceId":24,"lineNumber":273,"columnNumber":15,"asyncCause":null,"asyncCaller":null,"caller":{"filename":"resource://services-settings/Utils.sys.mjs","name":"fetch","sourceId":24,"lineNumber":224,"columnNumber":12,"asyncCause":null,"asyncCaller":null,"caller":{"filename":"resource://services-settings/Attachments.sys.mjs","name":"_fetchAttachment","sourceId":23,"lineNumber":560,"columnNumber":35,"asyncCause":null,"asyncCaller":null,"caller":{"filename":"resource://services-settings/Attachments.sys.mjs","name":"downloadAsBytes","sourceId":23,"lineNumber":537,"columnNumber":35,"asyncCause":null,"asyncCaller":null,"caller":null,"formattedStack":"downloadAsBytes@resource://services-settings/Attachments.sys.mjs:537:35\n","nativeSavedFrame":{}},"formattedStack":"_fetchAttachment@resource://services-settings/Attachments.sys.mjs:560:35\ndownloadAsBytes@resource://services-settings/Attachments.sys.mjs:537:35\n","nativeSavedFrame":{}},"formattedStack":"fetch@resource://services-settings/Utils.sys.mjs:224:12\n_fetchAttachment@resource://services-settings/Attachments.sys.mjs:560:35\ndownloadAsBytes@resource://services-settings/Attachments.sys.mjs:537:35\n","nativeSavedFrame":{}},"formattedStack":"fetch/<@resource://services-settings/Utils.sys.mjs:273:15\nfetch@resource://services-settings/Utils.sys.mjs:224:12\n_fetchAttachment@resource://services-settings/Attachments.sys.mjs:560:35\ndownloadAsBytes@resource://services-settings/Attachments.sys.mjs:537:35\n","nativeSavedFrame":{}},"formattedStack":"open@resource://gre/modules/ServiceRequest.sys.mjs:126:11\nfetch/<@resource://services-settings/Utils.sys.mjs:273:15\nfetch@resource://services-settings/Utils.sys.mjs:224:12\n_fetchAttachment@resource://services-settings/Attachments.sys.mjs:560:35\ndownloadAsBytes@resource://services-settings/Attachments.sys.mjs:537:35\n","nativeSavedFrame":{}}
2026-06-19 01:13:46,396 - MainProcess[log-interceptor-2887116648]- selenium_firefox     - DEBUG   : BROWSER 2887116648: driver: - message =
2026-06-19 01:13:46,398 - MainProcess[log-interceptor-2887116648]- selenium_firefox     - DEBUG   : BROWSER 2887116648: driver: - name =
2026-06-19 01:13:46,398 - MainProcess[log-interceptor-2887116648]- selenium_firefox     - DEBUG   : BROWSER 2887116648: driver: - result = 2152071198
2026-06-19 01:13:46,399 - MainProcess[log-interceptor-2887116648]- selenium_firefox     - DEBUG   : BROWSER 2887116648: driver: - stack = open@resource://gre/modules/ServiceRequest.sys.mjs:126:11|fetch/<@resource://services-settings/Utils.sys.mjs:273:15|fetch@resource://services-settings/Utils.sys.mjs:224:12|_fetchAttachment@resource://services-settings/Attachments.sys.mjs:560:35|downloadAsBytes@resource://services-settings/Attachments.sys.mjs:537:35|
2026-06-19 01:13:46,399 - MainProcess[log-interceptor-2887116648]- selenium_firefox     - DEBUG   : BROWSER 2887116648: driver: - prototype Object
2026-06-19 01:13:46,399 - MainProcess[log-interceptor-2887116648]- selenium_firefox     - DEBUG   : BROWSER 2887116648: driver: console.error: RemoteSecuritySettings:
2026-06-19 01:13:46,400 - MainProcess[log-interceptor-2887116648]- selenium_firefox     - DEBUG   : BROWSER 2887116648: driver: failed to download CRLite filter
2026-06-19 01:13:46,400 - MainProcess[log-interceptor-2887116648]- selenium_firefox     - DEBUG   : BROWSER 2887116648: driver: Object
2026-06-19 01:13:46,400 - MainProcess[log-interceptor-2887116648]- selenium_firefox     - DEBUG   : BROWSER 2887116648: driver: - prototype Object
2026-06-19 01:13:46,401 - MainProcess[log-interceptor-2887116648]- selenium_firefox     - DEBUG   : BROWSER 2887116648: driver: - columnNumber = 11
2026-06-19 01:13:46,401 - MainProcess[log-interceptor-2887116648]- selenium_firefox     - DEBUG   : BROWSER 2887116648: driver: - data = null
2026-06-19 01:13:46,403 - MainProcess[log-interceptor-2887116648]- selenium_firefox     - DEBUG   : BROWSER 2887116648: driver: - filename = resource://gre/modules/ServiceRequest.sys.mjs
2026-06-19 01:13:46,413 - MainProcess[log-interceptor-2887116648]- selenium_firefox     - DEBUG   : BROWSER 2887116648: driver: - lineNumber = 126
2026-06-19 01:13:46,413 - MainProcess[log-interceptor-2887116648]- selenium_firefox     - DEBUG   : BROWSER 2887116648: driver: - location = {"name":"open","filename":"resource://gre/modules/ServiceRequest.sys.mjs","sourceId":25,"lineNumber":126,"columnNumber":11,"asyncCause":null,"asyncCaller":null,"caller":{"filename":"resource://services-settings/Utils.sys.mjs","name":"fetch/<","sourceId":24,"lineNumber":273,"columnNumber":15,"asyncCause":null,"asyncCaller":null,"caller":{"filename":"resource://services-settings/Utils.sys.mjs","name":"fetch","sourceId":24,"lineNumber":224,"columnNumber":12,"asyncCause":null,"asyncCaller":null,"caller":{"filename":"resource://services-settings/Attachments.sys.mjs","name":"_fetchAttachment","sourceId":23,"lineNumber":560,"columnNumber":35,"asyncCause":null,"asyncCaller":null,"caller":{"filename":"resource://services-settings/Attachments.sys.mjs","name":"downloadAsBytes","sourceId":23,"lineNumber":537,"columnNumber":35,"asyncCause":null,"asyncCaller":null,"caller":null,"formattedStack":"downloadAsBytes@resource://services-settings/Attachments.sys.mjs:537:35\n","nativeSavedFrame":{}},"formattedStack":"_fetchAttachment@resource://services-settings/Attachments.sys.mjs:560:35\ndownloadAsBytes@resource://services-settings/Attachments.sys.mjs:537:35\n","nativeSavedFrame":{}},"formattedStack":"fetch@resource://services-settings/Utils.sys.mjs:224:12\n_fetchAttachment@resource://services-settings/Attachments.sys.mjs:560:35\ndownloadAsBytes@resource://services-settings/Attachments.sys.mjs:537:35\n","nativeSavedFrame":{}},"formattedStack":"fetch/<@resource://services-settings/Utils.sys.mjs:273:15\nfetch@resource://services-settings/Utils.sys.mjs:224:12\n_fetchAttachment@resource://services-settings/Attachments.sys.mjs:560:35\ndownloadAsBytes@resource://services-settings/Attachments.sys.mjs:537:35\n","nativeSavedFrame":{}},"formattedStack":"open@resource://gre/modules/ServiceRequest.sys.mjs:126:11\nfetch/<@resource://services-settings/Utils.sys.mjs:273:15\nfetch@resource://services-settings/Utils.sys.mjs:224:12\n_fetchAttachment@resource://services-settings/Attachments.sys.mjs:560:35\ndownloadAsBytes@resource://services-settings/Attachments.sys.mjs:537:35\n","nativeSavedFrame":{}}
2026-06-19 01:13:46,413 - MainProcess[log-interceptor-2887116648]- selenium_firefox     - DEBUG   : BROWSER 2887116648: driver: - message =
2026-06-19 01:13:46,414 - MainProcess[log-interceptor-2887116648]- selenium_firefox     - DEBUG   : BROWSER 2887116648: driver: - name =
2026-06-19 01:13:46,414 - MainProcess[log-interceptor-2887116648]- selenium_firefox     - DEBUG   : BROWSER 2887116648: driver: - result = 2152071198
2026-06-19 01:13:46,414 - MainProcess[log-interceptor-2887116648]- selenium_firefox     - DEBUG   : BROWSER 2887116648: driver: - stack = open@resource://gre/modules/ServiceRequest.sys.mjs:126:11|fetch/<@resource://services-settings/Utils.sys.mjs:273:15|fetch@resource://services-settings/Utils.sys.mjs:224:12|_fetchAttachment@resource://services-settings/Attachments.sys.mjs:560:35|downloadAsBytes@resource://services-settings/Attachments.sys.mjs:537:35|
2026-06-19 01:13:46,415 - MainProcess[log-interceptor-2887116648]- selenium_firefox     - DEBUG   : BROWSER 2887116648: driver: - prototype Object
2026-06-19 01:13:46,415 - MainProcess[log-interceptor-2887116648]- selenium_firefox     - DEBUG   : BROWSER 2887116648: driver: console.error: RemoteSecuritySettings:
2026-06-19 01:13:46,423 - MainProcess[log-interceptor-2887116648]- selenium_firefox     - DEBUG   : BROWSER 2887116648: driver: failed to download CRLite filter
2026-06-19 01:13:46,424 - MainProcess[log-interceptor-2887116648]- selenium_firefox     - DEBUG   : BROWSER 2887116648: driver: Object
2026-06-19 01:13:46,424 - MainProcess[log-interceptor-2887116648]- selenium_firefox     - DEBUG   : BROWSER 2887116648: driver: - prototype Object
2026-06-19 01:13:46,424 - MainProcess[log-interceptor-2887116648]- selenium_firefox     - DEBUG   : BROWSER 2887116648: driver: - columnNumber = 11
2026-06-19 01:13:46,425 - MainProcess[log-interceptor-2887116648]- selenium_firefox     - DEBUG   : BROWSER 2887116648: driver: - data = null
2026-06-19 01:13:46,425 - MainProcess[log-interceptor-2887116648]- selenium_firefox     - DEBUG   : BROWSER 2887116648: driver: - filename = resource://gre/modules/ServiceRequest.sys.mjs
2026-06-19 01:13:46,425 - MainProcess[log-interceptor-2887116648]- selenium_firefox     - DEBUG   : BROWSER 2887116648: driver: - lineNumber = 126
2026-06-19 01:13:46,426 - MainProcess[log-interceptor-2887116648]- selenium_firefox     - DEBUG   : BROWSER 2887116648: driver: - location = {"name":"open","filename":"resource://gre/modules/ServiceRequest.sys.mjs","sourceId":25,"lineNumber":126,"columnNumber":11,"asyncCause":null,"asyncCaller":null,"caller":{"filename":"resource://services-settings/Utils.sys.mjs","name":"fetch/<","sourceId":24,"lineNumber":273,"columnNumber":15,"asyncCause":null,"asyncCaller":null,"caller":{"filename":"resource://services-settings/Utils.sys.mjs","name":"fetch","sourceId":24,"lineNumber":224,"columnNumber":12,"asyncCause":null,"asyncCaller":null,"caller":{"filename":"resource://services-settings/Attachments.sys.mjs","name":"_fetchAttachment","sourceId":23,"lineNumber":560,"columnNumber":35,"asyncCause":null,"asyncCaller":null,"caller":{"filename":"resource://services-settings/Attachments.sys.mjs","name":"downloadAsBytes","sourceId":23,"lineNumber":537,"columnNumber":35,"asyncCause":null,"asyncCaller":null,"caller":null,"formattedStack":"downloadAsBytes@resource://services-settings/Attachments.sys.mjs:537:35\n","nativeSavedFrame":{}},"formattedStack":"_fetchAttachment@resource://services-settings/Attachments.sys.mjs:560:35\ndownloadAsBytes@resource://services-settings/Attachments.sys.mjs:537:35\n","nativeSavedFrame":{}},"formattedStack":"fetch@resource://services-settings/Utils.sys.mjs:224:12\n_fetchAttachment@resource://services-settings/Attachments.sys.mjs:560:35\ndownloadAsBytes@resource://services-settings/Attachments.sys.mjs:537:35\n","nativeSavedFrame":{}},"formattedStack":"fetch/<@resource://services-settings/Utils.sys.mjs:273:15\nfetch@resource://services-settings/Utils.sys.mjs:224:12\n_fetchAttachment@resource://services-settings/Attachments.sys.mjs:560:35\ndownloadAsBytes@resource://services-settings/Attachments.sys.mjs:537:35\n","nativeSavedFrame":{}},"formattedStack":"open@resource://gre/modules/ServiceRequest.sys.mjs:126:11\nfetch/<@resource://services-settings/Utils.sys.mjs:273:15\nfetch@resource://services-settings/Utils.sys.mjs:224:12\n_fetchAttachment@resource://services-settings/Attachments.sys.mjs:560:35\ndownloadAsBytes@resource://services-settings/Attachments.sys.mjs:537:35\n","nativeSavedFrame":{}}
2026-06-19 01:13:46,426 - MainProcess[log-interceptor-2887116648]- selenium_firefox     - DEBUG   : BROWSER 2887116648: driver: - message =
2026-06-19 01:13:46,435 - MainProcess[log-interceptor-2887116648]- selenium_firefox     - DEBUG   : BROWSER 2887116648: driver: - name =
2026-06-19 01:13:46,435 - MainProcess[log-interceptor-2887116648]- selenium_firefox     - DEBUG   : BROWSER 2887116648: driver: - result = 2152071198
2026-06-19 01:13:46,436 - MainProcess[log-interceptor-2887116648]- selenium_firefox     - DEBUG   : BROWSER 2887116648: driver: - stack = open@resource://gre/modules/ServiceRequest.sys.mjs:126:11|fetch/<@resource://services-settings/Utils.sys.mjs:273:15|fetch@resource://services-settings/Utils.sys.mjs:224:12|_fetchAttachment@resource://services-settings/Attachments.sys.mjs:560:35|downloadAsBytes@resource://services-settings/Attachments.sys.mjs:537:35|
2026-06-19 01:13:46,436 - MainProcess[log-interceptor-2887116648]- selenium_firefox     - DEBUG   : BROWSER 2887116648: driver: - prototype Object
2026-06-19 01:13:46,436 - MainProcess[log-interceptor-2887116648]- selenium_firefox     - DEBUG   : BROWSER 2887116648: driver: console.error: RemoteSecuritySettings:
2026-06-19 01:13:46,437 - MainProcess[log-interceptor-2887116648]- selenium_firefox     - DEBUG   : BROWSER 2887116648: driver: failed to download CRLite filter
2026-06-19 01:13:46,437 - MainProcess[log-interceptor-2887116648]- selenium_firefox     - DEBUG   : BROWSER 2887116648: driver: Object
2026-06-19 01:13:46,437 - MainProcess[log-interceptor-2887116648]- selenium_firefox     - DEBUG   : BROWSER 2887116648: driver: - prototype Object
2026-06-19 01:13:46,437 - MainProcess[log-interceptor-2887116648]- selenium_firefox     - DEBUG   : BROWSER 2887116648: driver: - columnNumber = 11
2026-06-19 01:13:46,438 - MainProcess[log-interceptor-2887116648]- selenium_firefox     - DEBUG   : BROWSER 2887116648: driver: - data = null
2026-06-19 01:13:46,438 - MainProcess[log-interceptor-2887116648]- selenium_firefox     - DEBUG   : BROWSER 2887116648: driver: - filename = resource://gre/modules/ServiceRequest.sys.mjs
2026-06-19 01:13:46,447 - MainProcess[log-interceptor-2887116648]- selenium_firefox     - DEBUG   : BROWSER 2887116648: driver: - lineNumber = 126
2026-06-19 01:13:46,447 - MainProcess[log-interceptor-2887116648]- selenium_firefox     - DEBUG   : BROWSER 2887116648: driver: - location = {"name":"open","filename":"resource://gre/modules/ServiceRequest.sys.mjs","sourceId":25,"lineNumber":126,"columnNumber":11,"asyncCause":null,"asyncCaller":null,"caller":{"filename":"resource://services-settings/Utils.sys.mjs","name":"fetch/<","sourceId":24,"lineNumber":273,"columnNumber":15,"asyncCause":null,"asyncCaller":null,"caller":{"filename":"resource://services-settings/Utils.sys.mjs","name":"fetch","sourceId":24,"lineNumber":224,"columnNumber":12,"asyncCause":null,"asyncCaller":null,"caller":{"filename":"resource://services-settings/Attachments.sys.mjs","name":"_fetchAttachment","sourceId":23,"lineNumber":560,"columnNumber":35,"asyncCause":null,"asyncCaller":null,"caller":{"filename":"resource://services-settings/Attachments.sys.mjs","name":"downloadAsBytes","sourceId":23,"lineNumber":537,"columnNumber":35,"asyncCause":null,"asyncCaller":null,"caller":null,"formattedStack":"downloadAsBytes@resource://services-settings/Attachments.sys.mjs:537:35\n","nativeSavedFrame":{}},"formattedStack":"_fetchAttachment@resource://services-settings/Attachments.sys.mjs:560:35\ndownloadAsBytes@resource://services-settings/Attachments.sys.mjs:537:35\n","nativeSavedFrame":{}},"formattedStack":"fetch@resource://services-settings/Utils.sys.mjs:224:12\n_fetchAttachment@resource://services-settings/Attachments.sys.mjs:560:35\ndownloadAsBytes@resource://services-settings/Attachments.sys.mjs:537:35\n","nativeSavedFrame":{}},"formattedStack":"fetch/<@resource://services-settings/Utils.sys.mjs:273:15\nfetch@resource://services-settings/Utils.sys.mjs:224:12\n_fetchAttachment@resource://services-settings/Attachments.sys.mjs:560:35\ndownloadAsBytes@resource://services-settings/Attachments.sys.mjs:537:35\n","nativeSavedFrame":{}},"formattedStack":"open@resource://gre/modules/ServiceRequest.sys.mjs:126:11\nfetch/<@resource://services-settings/Utils.sys.mjs:273:15\nfetch@resource://services-settings/Utils.sys.mjs:224:12\n_fetchAttachment@resource://services-settings/Attachments.sys.mjs:560:35\ndownloadAsBytes@resource://services-settings/Attachments.sys.mjs:537:35\n","nativeSavedFrame":{}}
2026-06-19 01:13:46,447 - MainProcess[log-interceptor-2887116648]- selenium_firefox     - DEBUG   : BROWSER 2887116648: driver: - message =
2026-06-19 01:13:46,448 - MainProcess[log-interceptor-2887116648]- selenium_firefox     - DEBUG   : BROWSER 2887116648: driver: - name =
2026-06-19 01:13:46,448 - MainProcess[log-interceptor-2887116648]- selenium_firefox     - DEBUG   : BROWSER 2887116648: driver: - result = 2152071198
2026-06-19 01:13:46,448 - MainProcess[log-interceptor-2887116648]- selenium_firefox     - DEBUG   : BROWSER 2887116648: driver: - stack = open@resource://gre/modules/ServiceRequest.sys.mjs:126:11|fetch/<@resource://services-settings/Utils.sys.mjs:273:15|fetch@resource://services-settings/Utils.sys.mjs:224:12|_fetchAttachment@resource://services-settings/Attachments.sys.mjs:560:35|downloadAsBytes@resource://services-settings/Attachments.sys.mjs:537:35|
2026-06-19 01:13:46,448 - MainProcess[log-interceptor-2887116648]- selenium_firefox     - DEBUG   : BROWSER 2887116648: driver: - prototype Object
2026-06-19 01:13:46,449 - MainProcess[log-interceptor-2887116648]- selenium_firefox     - DEBUG   : BROWSER 2887116648: driver: console.error: WebExtensions:
2026-06-19 01:13:46,452 - MainProcess[log-interceptor-2887116648]- selenium_firefox     - DEBUG   : BROWSER 2887116648: driver: Message: [Exception... "Component returned failure code: 0x804b0010 (NS_ERROR_OFFLINE) [nsIInputStream.available]"  nsresult: "0x804b0010 (NS_ERROR_OFFLINE)"  location: "JS frame :: jar:file:///tmp/addon-235487bb-c1fd-4300-88a9-2d4bfe5a6c14.xpi!/privileged/sockets/api.js :: onInputStreamReady :: line 49"  data: no]
2026-06-19 01:13:46,453 - MainProcess[log-interceptor-2887116648]- selenium_firefox     - DEBUG   : BROWSER 2887116648: driver: Stack:
2026-06-19 01:13:46,456 - MainProcess[log-interceptor-2887116648]- selenium_firefox     - DEBUG   : BROWSER 2887116648: driver: onInputStreamReady@jar:file:///tmp/addon-235487bb-c1fd-4300-88a9-2d4bfe5a6c14.xpi!/privileged/sockets/api.js:49:33
2026-06-19 01:13:46,457 - MainProcess[log-interceptor-2887116648]- selenium_firefox     - DEBUG   : BROWSER 2887116648: driver: 
2026-06-19 01:13:46,949 - MainProcess[log-interceptor-2887116648]- selenium_firefox     - DEBUG   : BROWSER 2887116648: driver: console.error: URLBar - QuickSuggest.SuggestBackendRust: "Ingest error" ({type:"Wikipedia", error:(new Error("reason: Error from Remote Settings: Remote settings error: Error sending request: [no-sentry] Backend error: Request destroyed without completion (0x80004004)", "moz-src:///toolkit/components/uniffi-bindgen-gecko-js/components/generated/RustSuggest.sys.mjs", 3593)), reason:"Error from Remote Settings: Remote settings error: Error sending request: [no-sentry] Backend error: Request destroyed without completion (0x80004004)"})
2026-06-19 01:13:47,080 - MainProcess[MainThread]- browser_manager      - DEBUG   : BROWSER 2887116648: Browser manager closed successfully.
2026-06-19 01:13:47,081 - MainProcess[MainThread]- browser_manager      - DEBUG   : BROWSER 2887116648: during_init=False | profile_archive_dir=None
2026-06-19 01:13:47,154 - MainProcess[MainThread]- storage_controller   - DEBUG   : Sending the shutdown signal to the Storage Controller...
2026-06-19 01:13:47,158 - MainProcess[MainThread]- storage_controller   - INFO    : Terminating handler for TaskManager, because the underlying socket closed
2026-06-19 01:13:47,864 - MainProcess[MainThread]- storage_controller   - INFO    : Received shutdown signal!
2026-06-19 01:13:47,867 - MainProcess[MainThread]- storage_controller   - INFO    : Closing Server
2026-06-19 01:13:47,868 - MainProcess[MainThread]- storage_controller   - INFO    : Closed Server
2026-06-19 01:13:47,868 - MainProcess[MainThread]- storage_controller   - INFO    : Cancelling status_queue_update
2026-06-19 01:13:47,869 - MainProcess[MainThread]- storage_controller   - INFO    : Cancelled status_queue_update
2026-06-19 01:13:47,870 - MainProcess[MainThread]- storage_controller   - INFO    : Cancelling timeout_check
2026-06-19 01:13:47,871 - MainProcess[MainThread]- storage_controller   - INFO    : Cancelled timeout_check
2026-06-19 01:13:47,871 - MainProcess[MainThread]- storage_controller   - INFO    : Starting wait_closed
2026-06-19 01:13:47,872 - MainProcess[MainThread]- storage_controller   - INFO    : Completed wait_closed
2026-06-19 01:13:47,873 - MainProcess[MainThread]- storage_controller   - INFO    : Entering self.shutdown
2026-06-19 01:13:52,880 - MainProcess[MainThread]- storage_controller   - INFO    : structured_storage is shut down
2026-06-19 01:13:52,916 - MainProcess[MainThread]- storage_controller   - DEBUG   : StorageControllerHandle took 5.761182069778442 seconds to close.
