2026-06-19 01:37:50,025 - MainProcess[MainThread]- browser_manager      - INFO    : BROWSER 1106949591: Launching browser...
2026-06-19 01:37:50,027 - MainProcess[MainThread]- browser_manager      - DEBUG   : BROWSER 1106949591: Spawn attempt 0 
2026-06-19 01:37:50,031 - MainProcess[MainThread]- storage_controller   - INFO    : Initializing new handler for TaskManager
2026-06-19 01:37:50,045 - MainProcess[MainThread]- deploy_firefox       - DEBUG   : BROWSER 1106949591: Saved extension config file to: /tmp/firefox_profile_qio3zev3/browser_params.json
2026-06-19 01:37:50,056 - MainProcess[log-interceptor-1106949591]- selenium_firefox     - DEBUG   : BROWSER 1106949591: driver: 1781825870056	geckodriver	INFO	Listening on 127.0.0.1:15273
2026-06-19 01:37:50,091 - MainProcess[log-interceptor-1106949591]- selenium_firefox     - DEBUG   : BROWSER 1106949591: driver: 1781825870091	mozrunner::runner	INFO	Running command: MOZ_CRASHREPORTER="1" MOZ_CRASHREPORTER_NO_REPORT="1" MOZ_CRASHREPORTER_SHUTDOWN="1" "/home/pedro/Escritorio ...  "--headless" "--width=1366" "--height=768" "--remote-debugging-port" "27739" "--remote-allow-hosts" "localhost" "-no-remote"
2026-06-19 01:37:50,149 - MainProcess[log-interceptor-1106949591]- selenium_firefox     - DEBUG   : BROWSER 1106949591: driver: *** You are running in headless mode.
2026-06-19 01:37:50,304 - MainProcess[log-interceptor-1106949591]- selenium_firefox     - DEBUG   : BROWSER 1106949591: driver: console.warn: services.settings: Ignoring preference override of remote settings server
2026-06-19 01:37:50,305 - MainProcess[log-interceptor-1106949591]- selenium_firefox     - DEBUG   : BROWSER 1106949591: driver: console.warn: services.settings: Allow by setting MOZ_REMOTE_SETTINGS_DEVTOOLS=1 in the environment
2026-06-19 01:37:50,977 - MainProcess[log-interceptor-1106949591]- selenium_firefox     - DEBUG   : BROWSER 1106949591: driver: 1781825870977	Marionette	INFO	Marionette enabled
2026-06-19 01:37:51,258 - MainProcess[log-interceptor-1106949591]- selenium_firefox     - DEBUG   : BROWSER 1106949591: driver: console.error: "Warning: unrecognized command line flag" "-width"
2026-06-19 01:37:51,259 - MainProcess[log-interceptor-1106949591]- selenium_firefox     - DEBUG   : BROWSER 1106949591: driver: console.error: "Warning: unrecognized command line flag" "-height"
2026-06-19 01:37:51,296 - MainProcess[log-interceptor-1106949591]- selenium_firefox     - DEBUG   : BROWSER 1106949591: driver: 1781825871295	Marionette	INFO	Listening on port 36063
2026-06-19 01:37:51,324 - MainProcess[log-interceptor-1106949591]- selenium_firefox     - DEBUG   : BROWSER 1106949591: driver: WebDriver BiDi listening on ws://127.0.0.1:27739
2026-06-19 01:37:51,398 - MainProcess[log-interceptor-1106949591]- selenium_firefox     - DEBUG   : BROWSER 1106949591: driver: Read port: 36063
2026-06-19 01:37:51,595 - MainProcess[log-interceptor-1106949591]- selenium_firefox     - DEBUG   : BROWSER 1106949591: driver: 1781825871595	RemoteAgent	WARN	TLS certificate errors will be ignored for this session
2026-06-19 01:37:54,712 - MainProcess[MainThread]- deploy_firefox       - DEBUG   : BROWSER 1106949591: OpenWPM Firefox extension loaded
2026-06-19 01:37:54,718 - MainProcess[MainThread]- browser_manager      - DEBUG   : BROWSER 1106949591: Looking for extension port information in /tmp/firefox_profile_qio3zev3
2026-06-19 01:37:54,745 - MainProcess[MainThread]- storage_controller   - INFO    : Initializing new handler for Browser-1106949591
2026-06-19 01:37:54,747 - MainProcess[Thread-1 (_start_listener)]- FirefoxExtension     - DEBUG   : Navigation instrumentation enabled
2026-06-19 01:37:54,747 - MainProcess[Thread-1 (_start_listener)]- FirefoxExtension     - DEBUG   : Cookie instrumentation enabled
2026-06-19 01:37:54,749 - MainProcess[Thread-1 (_start_listener)]- FirefoxExtension     - DEBUG   : Javascript instrumentation enabled
2026-06-19 01:37:54,750 - MainProcess[log-interceptor-1106949591]- selenium_firefox     - DEBUG   : BROWSER 1106949591: driver: console.log: WebExtensions: Wrote to /tmp/firefox_profile_qio3zev3/extension_port.txt
2026-06-19 01:37:54,776 - MainProcess[Thread-1 (_start_listener)]- FirefoxExtension     - DEBUG   : HTTP Instrumentation enabled
2026-06-19 01:37:54,779 - MainProcess[Thread-1 (_start_listener)]- FirefoxExtension     - DEBUG   : DNS instrumentation enabled
2026-06-19 01:37:54,780 - MainProcess[log-interceptor-1106949591]- selenium_firefox     - DEBUG   : BROWSER 1106949591: driver: console.log: WebExtensions: Wrote to /tmp/firefox_profile_qio3zev3/OPENWPM_STARTUP_SUCCESS.txt
2026-06-19 01:37:54,822 - MainProcess[MainThread]- browser_manager      - DEBUG   : BROWSER 1106949591: Connecting to extension on port 27469
2026-06-19 01:37:54,827 - MainProcess[MainThread]- browser_manager      - DEBUG   : BROWSER 1106949591: BrowserManager ready.
2026-06-19 01:37:54,830 - MainProcess[MainThread]- browser_manager      - DEBUG   : BROWSER 1106949591: Browser spawn successful!
2026-06-19 01:37:54,937 - MainProcess[MainThread]- storage_controller   - INFO    : Initializing new handler for StorageControllerHandle
2026-06-19 01:37:54,954 - MainProcess[MainThread]- task_manager         - INFO    : 

OpenWPM Version: b'v0.32.0'
Firefox Version: b'148.0'

========== Manager Configuration ==========
{
  "_failure_limit": null,
  "data_directory": "/home/pedro/Escritorio/UNI/CUARTO/tfg/Herramienta_Priv/output/api_tasks/cabac63be946/elmundo.es_20260619_013746/openwpm",
  "log_path": "/home/pedro/Escritorio/UNI/CUARTO/tfg/Herramienta_Priv/output/api_tasks/cabac63be946/elmundo.es_20260619_013746/openwpm/openwpm.log",
  "logger_address": [
    "127.0.0.1",
    55047
  ],
  "memory_watchdog": false,
  "num_browsers": 1,
  "process_watchdog": false,
  "screenshot_path": "/home/pedro/Escritorio/UNI/CUARTO/tfg/Herramienta_Priv/output/api_tasks/cabac63be946/elmundo.es_20260619_013746/openwpm/screenshots",
  "source_dump_path": "/home/pedro/Escritorio/UNI/CUARTO/tfg/Herramienta_Priv/output/api_tasks/cabac63be946/elmundo.es_20260619_013746/openwpm/sources",
  "storage_controller_address": [
    "127.0.0.1",
    25635
  ],
  "testing": false
}

========== Browser Configuration ==========
Keys:
{
  "browser_id": 0,
  "bot_mitigation": 1,
  "browser": 2,
  "callstack_instrument": 3,
  "cookie_instrument": 4,
  "custom_params": 5,
  "display_mode": 6,
  "dns_instrument": 7,
  "donottrack": 8,
  "http_instrument": 9,
  "js_instrument": 10,
  "js_instrument_settings": 11,
  "maximum_profile_size": 12,
  "navigation_instrument": 13,
  "prefs": 14,
  "profile_path": 15,
  "recovery_tar": 16,
  "save_content": 17,
  "tmp_profile_dir": 18,
  "tp_cookies": 19,
  "tracking_protection": 20
}

         0  1      2        3      4     5    6         7     8      9     10    11                             12    13    14    15    16    17     18    19      20
----------  -----  -------  -----  ----  ---  --------  ----  -----  ----  ----  -----------------------------  ----  ----  ----  ----  ----  -----  ----  ------  -----
1106949591  False  firefox  False  True  {}   headless  True  False  True  True  ['collection_fingerprinting']        True  {}                False  /tmp  always  False

========== JS Instrument Settings ==========
{"1106949591":[{"object":"window['ScriptProcessorNode'].prototype","instrumentedName":"ScriptProcessorNode","logSettings":{"propertiesToInstrument":[],"nonExistingPropertiesToInstrument":[],"excludedProperties":[],"logCallStack":false,"logFunctionsAsStrings":false,"logFunctionGets":false,"preventSets":false,"recursive":false,"depth":5}},{"object":"window['GainNode'].prototype","instrumentedName":"GainNode","logSettings":{"propertiesToInstrument":[],"nonExistingPropertiesToInstrument":[],"excludedProperties":[],"logCallStack":false,"logFunctionsAsStrings":false,"logFunctionGets":false,"preventSets":false,"recursive":false,"depth":5}},{"object":"window['AnalyserNode'].prototype","instrumentedName":"AnalyserNode","logSettings":{"propertiesToInstrument":[],"nonExistingPropertiesToInstrument":[],"excludedProperties":[],"logCallStack":false,"logFunctionsAsStrings":false,"logFunctionGets":false,"preventSets":false,"recursive":false,"depth":5}},{"object":"window['OscillatorNode'].prototype","instrumentedName":"OscillatorNode","logSettings":{"propertiesToInstrument":[],"nonExistingPropertiesToInstrument":[],"excludedProperties":[],"logCallStack":false,"logFunctionsAsStrings":false,"logFunctionGets":false,"preventSets":false,"recursive":false,"depth":5}},{"object":"window['OfflineAudioContext'].prototype","instrumentedName":"OfflineAudioContext","logSettings":{"propertiesToInstrument":[],"nonExistingPropertiesToInstrument":[],"excludedProperties":[],"logCallStack":false,"logFunctionsAsStrings":false,"logFunctionGets":false,"preventSets":false,"recursive":false,"depth":5}},{"object":"window['AudioContext'].prototype","instrumentedName":"AudioContext","logSettings":{"propertiesToInstrument":[],"nonExistingPropertiesToInstrument":[],"excludedProperties":[],"logCallStack":false,"logFunctionsAsStrings":false,"logFunctionGets":false,"preventSets":false,"recursive":false,"depth":5}},{"object":"window['RTCPeerConnection'].prototype","instrumentedName":"RTCPeerConnection","logSettings":{"propertiesToInstrument":[],"nonExistingPropertiesToInstrument":[],"excludedProperties":[],"logCallStack":false,"logFunctionsAsStrings":false,"logFunctionGets":false,"preventSets":false,"recursive":false,"depth":5}},{"object":"window['HTMLCanvasElement'].prototype","instrumentedName":"HTMLCanvasElement","logSettings":{"propertiesToInstrument":[],"nonExistingPropertiesToInstrument":[],"excludedProperties":[],"logCallStack":false,"logFunctionsAsStrings":false,"logFunctionGets":false,"preventSets":false,"recursive":false,"depth":5}},{"object":"window['Storage'].prototype","instrumentedName":"Storage","logSettings":{"propertiesToInstrument":[],"nonExistingPropertiesToInstrument":[],"excludedProperties":[],"logCallStack":false,"logFunctionsAsStrings":false,"logFunctionGets":false,"preventSets":false,"recursive":false,"depth":5}},{"object":"window.navigator","instrumentedName":"window.navigator","logSettings":{"propertiesToInstrument":[],"nonExistingPropertiesToInstrument":[],"excludedProperties":[],"logCallStack":false,"logFunctionsAsStrings":false,"logFunctionGets":false,"preventSets":false,"recursive":false,"depth":5}},{"object":"window['CanvasRenderingContext2D'].prototype","instrumentedName":"CanvasRenderingContext2D","logSettings":{"propertiesToInstrument":[],"nonExistingPropertiesToInstrument":[],"excludedProperties":["moveTo","quadraticCurveTo","translate","transform","clearRect","drawImage","canvas","beginPath","lineTo","globalAlpha","closePath","setTransform"],"logCallStack":false,"logFunctionsAsStrings":false,"logFunctionGets":false,"preventSets":false,"recursive":false,"depth":5}},{"object":"window","instrumentedName":"window","logSettings":{"propertiesToInstrument":["name","sessionStorage","localStorage"],"nonExistingPropertiesToInstrument":[],"excludedProperties":[],"logCallStack":false,"logFunctionsAsStrings":false,"logFunctionGets":false,"preventSets":false,"recursive":false,"depth":5}},{"object":"window.document","instrumentedName":"window.document","logSettings":{"propertiesToInstrument":["referrer","cookie"],"nonExistingPropertiesToInstrument":[],"excludedProperties":[],"logCallStack":true,"logFunctionsAsStrings":false,"logFunctionGets":false,"preventSets":false,"recursive":false,"depth":5}},{"object":"window.screen","instrumentedName":"window.screen","logSettings":{"propertiesToInstrument":["colorDepth","pixelDepth"],"nonExistingPropertiesToInstrument":[],"excludedProperties":[],"logCallStack":false,"logFunctionsAsStrings":false,"logFunctionGets":false,"preventSets":false,"recursive":false,"depth":5}}]}

========== Input profile tar files ==========
  No profile tar files specified

========== Output (archive) profile dirs ==========
  No profile archive directories specified


2026-06-19 01:37:54,955 - MainProcess[MainThread]- storage_controller   - INFO    : Awaiting all tasks for visit_id -1
2026-06-19 01:37:54,957 - MainProcess[MainThread]- storage_controller   - DEBUG   : Awaited all tasks for visit_id -1 while finalizing
2026-06-19 01:37:54,969 - MainProcess[MainThread]- storage_controller   - INFO    : Terminating handler for StorageControllerHandle, because the underlying socket closed
2026-06-19 01:37:55,029 - MainProcess[MainThread]- storage_controller   - DEBUG   : StorageController status: There are currently 0 scheduled tasks for 0 visit_ids
2026-06-19 01:37:55,031 - MainProcess[MainThread]- task_manager         - DEBUG   : Checking command failure status indicator...
2026-06-19 01:37:55,035 - MainProcess[BrowserManagerHandle-1106949591]- browser_manager      - INFO    : Starting to work on CommandSequence with visit_id 2720515628372188 on browser with id 1106949591
2026-06-19 01:37:55,047 - MainProcess[MainThread]- browser_manager      - INFO    : BROWSER 1106949591: EXECUTING COMMAND: InitializeCommand()
2026-06-19 01:37:55,051 - MainProcess[MainThread]- browser_manager      - INFO    : BROWSER 1106949591: EXECUTING COMMAND: GetCommand(https://www.elmundo.es/,15)
2026-06-19 01:37:55,095 - MainProcess[Thread-1 (_start_listener)]- FirefoxExtension     - DEBUG   : Setting visit_id the legacy way
2026-06-19 01:37:58,688 - MainProcess[log-interceptor-1106949591]- selenium_firefox     - DEBUG   : BROWSER 1106949591: driver: JavaScript warning: https://adtcdn.unidadeditorial.es/gexp/_gam_kv_.js, line 1: unreachable code after return statement
2026-06-19 01:37:58,689 - MainProcess[log-interceptor-1106949591]- selenium_firefox     - DEBUG   : BROWSER 1106949591: driver: JavaScript warning: https://adtcdn.unidadeditorial.es/gexp/_gam_kv_.js, line 1: unreachable code after return statement
2026-06-19 01:37:58,768 - MainProcess[log-interceptor-1106949591]- selenium_firefox     - DEBUG   : BROWSER 1106949591: driver: JavaScript warning: https://www.elmundo.es/, line 949: unreachable code after return statement
2026-06-19 01:37:59,701 - MainProcess[log-interceptor-1106949591]- selenium_firefox     - DEBUG   : BROWSER 1106949591: driver: JavaScript error: https://www.elmundo.es/, line 2226: TypeError: can't access property "mobile", navigator.userAgentData is undefined
2026-06-19 01:38:00,039 - MainProcess[MainThread]- storage_controller   - DEBUG   : StorageController status: There are currently 0 scheduled tasks for 1 visit_ids
2026-06-19 01:38:02,756 - MainProcess[log-interceptor-1106949591]- selenium_firefox     - DEBUG   : BROWSER 1106949591: driver: JavaScript warning: https://tags.tiqcdn.com/utag/unidadeditorial/elmundo/prod/utag.js, line 455: unreachable code after return statement
2026-06-19 01:38:05,055 - MainProcess[MainThread]- storage_controller   - DEBUG   : StorageController status: There are currently 0 scheduled tasks for 1 visit_ids
2026-06-19 01:38:10,064 - MainProcess[MainThread]- storage_controller   - DEBUG   : StorageController status: There are currently 3 scheduled tasks for 1 visit_ids
2026-06-19 01:38:10,728 - MainProcess[log-interceptor-1106949591]- selenium_firefox     - DEBUG   : BROWSER 1106949591: driver: JavaScript warning: https://tags.tiqcdn.com/utag/unidadeditorial/elmundo/prod/utag.js, line 455: unreachable code after return statement
2026-06-19 01:38:15,086 - MainProcess[MainThread]- storage_controller   - DEBUG   : StorageController status: There are currently 0 scheduled tasks for 1 visit_ids
2026-06-19 01:38:20,089 - MainProcess[MainThread]- storage_controller   - DEBUG   : StorageController status: There are currently 0 scheduled tasks for 1 visit_ids
2026-06-19 01:38:25,095 - MainProcess[MainThread]- storage_controller   - DEBUG   : StorageController status: There are currently 0 scheduled tasks for 1 visit_ids
2026-06-19 01:38:30,099 - MainProcess[MainThread]- storage_controller   - DEBUG   : StorageController status: There are currently 0 scheduled tasks for 1 visit_ids
2026-06-19 01:38:35,105 - MainProcess[MainThread]- storage_controller   - DEBUG   : StorageController status: There are currently 0 scheduled tasks for 1 visit_ids
2026-06-19 01:38:36,123 - MainProcess[MainThread]- browser_manager      - INFO    : BROWSER 1106949591: EXECUTING COMMAND: FinalizeCommand(5)
2026-06-19 01:38:36,376 - MainProcess[log-interceptor-1106949591]- selenium_firefox     - DEBUG   : BROWSER 1106949591: driver: JavaScript warning: https://sdk.mrf.io/statics/marfeel-sdk.js?id=2298, line 2: Script terminated by timeout at:
2026-06-19 01:38:36,377 - MainProcess[log-interceptor-1106949591]- selenium_firefox     - DEBUG   : BROWSER 1106949591: driver: getTotalEngagedTime@https://sdk.mrf.io/statics/marfeel-sdk.js?id=2298:2:77918
2026-06-19 01:38:36,377 - MainProcess[log-interceptor-1106949591]- selenium_firefox     - DEBUG   : BROWSER 1106949591: driver: getEngagedTime@https://sdk.mrf.io/statics/marfeel-sdk.js?id=2298:2:100413
2026-06-19 01:38:36,378 - MainProcess[log-interceptor-1106949591]- selenium_firefox     - DEBUG   : BROWSER 1106949591: driver: trackPageInternal@https://sdk.mrf.io/statics/marfeel-sdk.js?id=2298:2:109124
2026-06-19 01:38:36,378 - MainProcess[log-interceptor-1106949591]- selenium_firefox     - DEBUG   : BROWSER 1106949591: driver: collectAndTrackPage@https://sdk.mrf.io/statics/marfeel-sdk.js?id=2298:2:112024
2026-06-19 01:38:36,379 - MainProcess[log-interceptor-1106949591]- selenium_firefox     - DEBUG   : BROWSER 1106949591: driver: 960/postSetup/</<@https://sdk.mrf.io/statics/marfeel-sdk.js?id=2298:2:86501
2026-06-19 01:38:36,379 - MainProcess[log-interceptor-1106949591]- selenium_firefox     - DEBUG   : BROWSER 1106949591: driver: 960/P/<@https://sdk.mrf.io/statics/marfeel-sdk.js?id=2298:2:9348
2026-06-19 01:38:36,383 - MainProcess[log-interceptor-1106949591]- selenium_firefox     - DEBUG   : BROWSER 1106949591: driver: 
2026-06-19 01:38:36,421 - MainProcess[log-interceptor-1106949591]- selenium_firefox     - DEBUG   : BROWSER 1106949591: driver: JavaScript error: moz-extension://00d27f7d-9ce8-49fa-8253-659ed9597d45/feature.js, line 737: TypeError: can't access property "windowId", sender.tab is undefined
2026-06-19 01:38:36,423 - MainProcess[log-interceptor-1106949591]- selenium_firefox     - DEBUG   : BROWSER 1106949591: driver: JavaScript error: moz-extension://00d27f7d-9ce8-49fa-8253-659ed9597d45/feature.js, line 737: TypeError: can't access property "windowId", sender.tab is undefined
2026-06-19 01:38:36,434 - MainProcess[log-interceptor-1106949591]- selenium_firefox     - DEBUG   : BROWSER 1106949591: driver: JavaScript error: undefined, line 0: Error: can't access property "windowId", sender.tab is undefined
2026-06-19 01:38:36,457 - MainProcess[log-interceptor-1106949591]- selenium_firefox     - DEBUG   : BROWSER 1106949591: driver: JavaScript error: undefined, line 0: Error: can't access property "windowId", sender.tab is undefined
2026-06-19 01:38:36,498 - MainProcess[log-interceptor-1106949591]- selenium_firefox     - DEBUG   : BROWSER 1106949591: driver: JavaScript error: undefined, line 0: Error: Invalid tab ID: 1
2026-06-19 01:38:36,502 - MainProcess[log-interceptor-1106949591]- selenium_firefox     - DEBUG   : BROWSER 1106949591: driver: JavaScript error: undefined, line 0: Error: Invalid tab ID: 1
2026-06-19 01:38:36,554 - MainProcess[log-interceptor-1106949591]- selenium_firefox     - DEBUG   : BROWSER 1106949591: driver: JavaScript error: undefined, line 0: Error: Invalid tab ID: 1
2026-06-19 01:38:40,109 - MainProcess[MainThread]- storage_controller   - DEBUG   : StorageController status: There are currently 0 scheduled tasks for 1 visit_ids
2026-06-19 01:38:41,229 - MainProcess[log-interceptor-1106949591]- selenium_firefox     - DEBUG   : BROWSER 1106949591: driver: JavaScript error: moz-src:///browser/components/search/SearchOneOffs.sys.mjs, line 392: TypeError: aEngine.getIconURL is not a function
2026-06-19 01:38:41,493 - MainProcess[BrowserManagerHandle-1106949591]- browser_manager      - INFO    : Finished working on CommandSequence with visit_id 2720515628372188 on browser with id 1106949591
2026-06-19 01:38:41,497 - MainProcess[MainThread]- storage_controller   - INFO    : Awaiting all tasks for visit_id 2720515628372188
2026-06-19 01:38:41,499 - MainProcess[MainThread]- storage_controller   - DEBUG   : Awaited all tasks for visit_id 2720515628372188 while finalizing
2026-06-19 01:38:43,494 - MainProcess[MainThread]- browser_manager      - DEBUG   : BROWSER 1106949591: Closing browser manager...
2026-06-19 01:38:43,495 - MainProcess[MainThread]- browser_manager      - DEBUG   : BROWSER 1106949591: Closing browser...
2026-06-19 01:38:43,495 - MainProcess[MainThread]- browser_manager      - DEBUG   : BROWSER 1106949591: Joining command thread
2026-06-19 01:38:43,496 - MainProcess[MainThread]- browser_manager      - DEBUG   : BROWSER 1106949591: 0.000017 seconds to join command thread
2026-06-19 01:38:43,503 - MainProcess[log-interceptor-1106949591]- selenium_firefox     - DEBUG   : BROWSER 1106949591: driver: 1781825923501	Marionette	INFO	Stopped listening on port 36063
2026-06-19 01:38:44,404 - MainProcess[log-interceptor-1106949591]- selenium_firefox     - DEBUG   : BROWSER 1106949591: driver: console.error: RemoteSecuritySettings:
2026-06-19 01:38:44,405 - MainProcess[log-interceptor-1106949591]- selenium_firefox     - DEBUG   : BROWSER 1106949591: driver: failed to download CRLite filter
2026-06-19 01:38:44,405 - MainProcess[log-interceptor-1106949591]- selenium_firefox     - DEBUG   : BROWSER 1106949591: driver: Object
2026-06-19 01:38:44,406 - MainProcess[log-interceptor-1106949591]- selenium_firefox     - DEBUG   : BROWSER 1106949591: driver: - prototype Object
2026-06-19 01:38:44,406 - MainProcess[log-interceptor-1106949591]- selenium_firefox     - DEBUG   : BROWSER 1106949591: driver: - columnNumber = 11
2026-06-19 01:38:44,407 - MainProcess[log-interceptor-1106949591]- selenium_firefox     - DEBUG   : BROWSER 1106949591: driver: - data = null
2026-06-19 01:38:44,407 - MainProcess[log-interceptor-1106949591]- selenium_firefox     - DEBUG   : BROWSER 1106949591: driver: - filename = resource://gre/modules/ServiceRequest.sys.mjs
2026-06-19 01:38:44,407 - MainProcess[log-interceptor-1106949591]- selenium_firefox     - DEBUG   : BROWSER 1106949591: driver: - lineNumber = 126
2026-06-19 01:38:44,408 - MainProcess[log-interceptor-1106949591]- selenium_firefox     - DEBUG   : BROWSER 1106949591: driver: - location = {"name":"open","filename":"resource://gre/modules/ServiceRequest.sys.mjs","sourceId":25,"lineNumber":126,"columnNumber":11,"asyncCause":null,"asyncCaller":null,"caller":{"filename":"resource://services-settings/Utils.sys.mjs","name":"fetch/<","sourceId":24,"lineNumber":273,"columnNumber":15,"asyncCause":null,"asyncCaller":null,"caller":{"filename":"resource://services-settings/Utils.sys.mjs","name":"fetch","sourceId":24,"lineNumber":224,"columnNumber":12,"asyncCause":null,"asyncCaller":null,"caller":{"filename":"resource://services-settings/Attachments.sys.mjs","name":"_fetchAttachment","sourceId":23,"lineNumber":560,"columnNumber":35,"asyncCause":null,"asyncCaller":null,"caller":{"filename":"resource://services-settings/Attachments.sys.mjs","name":"downloadAsBytes","sourceId":23,"lineNumber":537,"columnNumber":35,"asyncCause":null,"asyncCaller":null,"caller":{"filename":"resource://gre/modules/AsyncShutdown.sys.mjs","name":"observe","sourceId":15,"lineNumber":570,"columnNumber":17,"asyncCause":null,"asyncCaller":null,"caller":{"filename":"chrome://remote/content/shared/Browser.sys.mjs","name":"quit","sourceId":733,"lineNumber":94,"columnNumber":22,"asyncCause":null,"asyncCaller":null,"caller":{"filename":"chrome://remote/content/marionette/driver.sys.mjs","name":"GeckoDriver.prototype.quit","sourceId":209,"lineNumber":3463,"columnNumber":42,"asyncCause":null,"asyncCaller":null,"caller":{"filename":"chrome://remote/content/marionette/server.sys.mjs","name":"dispatch","sourceId":97,"lineNumber":318,"columnNumber":40,"asyncCause":null,"asyncCaller":null,"caller":{"filename":"chrome://remote/content/marionette/server.sys.mjs","name":"execute","sourceId":97,"lineNumber":289,"columnNumber":16,"asyncCause":null,"asyncCaller":null,"caller":{"filename":"chrome://remote/content/marionette/server.sys.mjs","name":"onPacket/<","sourceId":97,"lineNumber":262,"columnNumber":20,"asyncCause":null,"asyncCaller":null,"caller":{"filename":"chrome://remote/content/marionette/server.sys.mjs","name":"onPacket","sourceId":97,"lineNumber":263,"columnNumber":9,"asyncCause":null,"asyncCaller":null,"caller":{"filename":"chrome://remote/content/marionette/transport.sys.mjs","name":"_onJSONObjectReady/<","sourceId":208,"lineNumber":494,"columnNumber":20,"asyncCause":null,"asyncCaller":null,"caller":null,"formattedStack":"_onJSONObjectReady/<@chrome://remote/content/marionette/transport.sys.mjs:494:20\n","nativeSavedFrame":{}},"formattedStack":"onPacket@chrome://remote/content/marionette/server.sys.mjs:263:9\n_onJSONObjectReady/<@chrome://remote/content/marionette/transport.sys.mjs:494:20\n","nativeSavedFrame":{}},"formattedStack":"onPacket/<@chrome://remote/content/marionette/server.sys.mjs:262:20\nonPacket@chrome://remote/content/marionette/server.sys.mjs:263:9\n_onJSONObjectReady/<@chrome://remote/content/marionette/transport.sys.mjs:494:20\n","nativeSavedFrame":{}},"formattedStack":"execute@chrome://remote/content/marionette/server.sys.mjs:289:16\nonPacket/<@chrome://remote/content/marionette/server.sys.mjs:262:20\nonPacket@chrome://remote/content/marionette/server.sys.mjs:263:9\n_onJSONObjectReady/<@chrome://remote/content/marionette/transport.sys.mjs:494:20\n","nativeSavedFrame":{}},"formattedStack":"dispatch@chrome://remote/content/marionette/server.sys.mjs:318:40\nexecute@chrome://remote/content/marionette/server.sys.mjs:289:16\nonPacket/<@chrome://remote/content/marionette/server.sys.mjs:262:20\nonPacket@chrome://remote/content/marionette/server.sys.mjs:263:9\n_onJSONObjectReady/<@chrome://remote/content/marionette/transport.sys.mjs:494:20\n","nativeSavedFrame":{}},"formattedStack":"GeckoDriver.prototype.quit@chrome://remote/content/marionette/driver.sys.mjs:3463:42\ndispatch@chrome://remote/content/marionette/server.sys.mjs:318:40\nexecute@chrome://remote/content/marionette/server.sys.mjs:289:16\nonPacket/<@chrome://remote/content/marionette/server.sys.mjs:262:20\nonPacket@chrome://remote/content/marionette/server.sys.mjs:263:9\n_onJSONObjectReady/<@chrome://remote/content/marionette/transport.sys.mjs:494:20\n","nativeSavedFrame":{}},"formattedStack":"quit@chrome://remote/content/shared/Browser.sys.mjs:94:22\nGeckoDriver.prototype.quit@chrome://remote/content/marionette/driver.sys.mjs:3463:42\ndispatch@chrome://remote/content/marionette/server.sys.mjs:318:40\nexecute@chrome://remote/content/marionette/server.sys.mjs:289:16\nonPacket/<@chrome://remote/content/marionette/server.sys.mjs:262:20\nonPacket@chrome://remote/content/marionette/server.sys.mjs:263:9\n_onJSONObjectReady/<@chrome://remote/content/marionette/transport.sys.mjs:494:20\n","nativeSavedFrame":{}},"formattedStack":"observe@resource://gre/modules/AsyncShutdown.sys.mjs:570:17\nquit@chrome://remote/content/shared/Browser.sys.mjs:94:22\nGeckoDriver.prototype.quit@chrome://remote/content/marionette/driver.sys.mjs:3463:42\ndispatch@chrome://remote/content/marionette/server.sys.mjs:318:40\nexecute@chrome://remote/content/marionette/server.sys.mjs:289:16\nonPacket/<@chrome://remote/content/marionette/server.sys.mjs:262:20\nonPacket@chrome://remote/content/marionette/server.sys.mjs:263:9\n_onJSONObjectReady/<@chrome://remote/content/marionette/transport.sys.mjs:494:20\n","nativeSavedFrame":{}},"formattedStack":"downloadAsBytes@resource://services-settings/Attachments.sys.mjs:537:35\nobserve@resource://gre/modules/AsyncShutdown.sys.mjs:570:17\nquit@chrome://remote/content/shared/Browser.sys.mjs:94:22\nGeckoDriver.prototype.quit@chrome://remote/content/marionette/driver.sys.mjs:3463:42\ndispatch@chrome://remote/content/marionette/server.sys.mjs:318:40\nexecute@chrome://remote/content/marionette/server.sys.mjs:289:16\nonPacket/<@chrome://remote/content/marionette/server.sys.mjs:262:20\nonPacket@chrome://remote/content/marionette/server.sys.mjs:263:9\n_onJSONObjectReady/<@chrome://remote/content/marionette/transport.sys.mjs:494:20\n","nativeSavedFrame":{}},"formattedStack":"_fetchAttachment@resource://services-settings/Attachments.sys.mjs:560:35\ndownloadAsBytes@resource://services-settings/Attachments.sys.mjs:537:35\nobserve@resource://gre/modules/AsyncShutdown.sys.mjs:570:17\nquit@chrome://remote/content/shared/Browser.sys.mjs:94:22\nGeckoDriver.prototype.quit@chrome://remote/content/marionette/driver.sys.mjs:3463:42\ndispatch@chrome://remote/content/marionette/server.sys.mjs:318:40\nexecute@chrome://remote/content/marionette/server.sys.mjs:289:16\nonPacket/<@chrome://remote/content/marionette/server.sys.mjs:262:20\nonPacket@chrome://remote/content/marionette/server.sys.mjs:263:9\n_onJSONObjectReady/<@chrome://remote/content/marionette/transport.sys.mjs:494:20\n","nativeSavedFrame":{}},"formattedStack":"fetch@resource://services-settings/Utils.sys.mjs:224:12\n_fetchAttachment@resource://services-settings/Attachments.sys.mjs:560:35\ndownloadAsBytes@resource://services-settings/Attachments.sys.mjs:537:35\nobserve@resource://gre/modules/AsyncShutdown.sys.mjs:570:17\nquit@chrome://remote/content/shared/Browser.sys.mjs:94:22\nGeckoDriver.prototype.quit@chrome://remote/content/marionette/driver.sys.mjs:3463:42\ndispatch@chrome://remote/content/marionette/server.sys.mjs:318:40\nexecute@chrome://remote/content/marionette/server.sys.mjs:289:16\nonPacket/<@chrome://remote/content/marionette/server.sys.mjs:262:20\nonPacket@chrome://remote/content/marionette/server.sys.mjs:263:9\n_onJSONObjectReady/<@chrome://remote/content/marionette/transport.sys.mjs:494:20\n","nativeSavedFrame":{}},"formattedStack":"fetch/<@resource://services-settings/Utils.sys.mjs:273:15\nfetch@resource://services-settings/Utils.sys.mjs:224:12\n_fetchAttachment@resource://services-settings/Attachments.sys.mjs:560:35\ndownloadAsBytes@resource://services-settings/Attachments.sys.mjs:537:35\nobserve@resource://gre/modules/AsyncShutdown.sys.mjs:570:17\nquit@chrome://remote/content/shared/Browser.sys.mjs:94:22\nGeckoDriver.prototype.quit@chrome://remote/content/marionette/driver.sys.mjs:3463:42\ndispatch@chrome://remote/content/marionette/server.sys.mjs:318:40\nexecute@chrome://remote/content/marionette/server.sys.mjs:289:16\nonPacket/<@chrome://remote/content/marionette/server.sys.mjs:262:20\nonPacket@chrome://remote/content/marionette/server.sys.mjs:263:9\n_onJSONObjectReady/<@chrome://remote/content/marionette/transport.sys.mjs:494:20\n","nativeSavedFrame":{}},"formattedStack":"open@resource://gre/modules/ServiceRequest.sys.mjs:126:11\nfetch/<@resource://services-settings/Utils.sys.mjs:273:15\nfetch@resource://services-settings/Utils.sys.mjs:224:12\n_fetchAttachment@resource://services-settings/Attachments.sys.mjs:560:35\ndownloadAsBytes@resource://services-settings/Attachments.sys.mjs:537:35\nobserve@resource://gre/modules/AsyncShutdown.sys.mjs:570:17\nquit@chrome://remote/content/shared/Browser.sys.mjs:94:22\nGeckoDriver.prototype.quit@chrome://remote/content/marionette/driver.sys.mjs:3463:42\ndispatch@chrome://remote/content/marionette/server.sys.mjs:318:40\nexecute@chrome://remote/content/marionette/server.sys.mjs:289:16\nonPacket/<@chrome://remote/content/marionette/server.sys.mjs:262:20\nonPacket@chrome://remote/content/marionette/server.sys.mjs:263:9\n_onJSONObjectReady/<@chrome://remote/content/marionette/transport.sys.mjs:494:20\n","nativeSavedFrame":{}}
2026-06-19 01:38:44,408 - MainProcess[log-interceptor-1106949591]- selenium_firefox     - DEBUG   : BROWSER 1106949591: driver: - message =
2026-06-19 01:38:44,409 - MainProcess[log-interceptor-1106949591]- selenium_firefox     - DEBUG   : BROWSER 1106949591: driver: - name =
2026-06-19 01:38:44,409 - MainProcess[log-interceptor-1106949591]- selenium_firefox     - DEBUG   : BROWSER 1106949591: driver: - result = 2152071198
2026-06-19 01:38:44,409 - MainProcess[log-interceptor-1106949591]- selenium_firefox     - DEBUG   : BROWSER 1106949591: driver: - stack = open@resource://gre/modules/ServiceRequest.sys.mjs:126:11|fetch/<@resource://services-settings/Utils.sys.mjs:273:15|fetch@resource://services-settings/Utils.sys.mjs:224:12|_fetchAttachment@resource://services-settings/Attachments.sys.mjs:560:35|downloadAsBytes@resource://services-settings/Attachments.sys.mjs:537:35|observe@resource://gre/modules/AsyncShutdown.sys.mjs:570:17|quit@chrome://remote/content/shared/Browser.sys.mjs:94:22|GeckoDriver.prototype.quit@chrome://remote/content/marionette/driver.sys.mjs:3463:42|dispatch@chrome://remote/content/marionette/server.sys.mjs:318:40|execute@chrome://remote/content/marionette/server.sys.mjs:289:16|onPacket/<@chrome://remote/content/marionette/server.sys.mjs:262:20|onPacket@chrome://remote/content/marionette/server.sys.mjs:263:9|_onJSONObjectReady/<@chrome://remote/content/marionette/transport.sys.mjs:494:20|
2026-06-19 01:38:44,410 - MainProcess[log-interceptor-1106949591]- selenium_firefox     - DEBUG   : BROWSER 1106949591: driver: - prototype Object
2026-06-19 01:38:44,410 - MainProcess[log-interceptor-1106949591]- selenium_firefox     - DEBUG   : BROWSER 1106949591: driver: console.error: RemoteSecuritySettings:
2026-06-19 01:38:44,410 - MainProcess[log-interceptor-1106949591]- selenium_firefox     - DEBUG   : BROWSER 1106949591: driver: failed to download CRLite filter
2026-06-19 01:38:44,411 - MainProcess[log-interceptor-1106949591]- selenium_firefox     - DEBUG   : BROWSER 1106949591: driver: Object
2026-06-19 01:38:44,411 - MainProcess[log-interceptor-1106949591]- selenium_firefox     - DEBUG   : BROWSER 1106949591: driver: - prototype Object
2026-06-19 01:38:44,411 - MainProcess[log-interceptor-1106949591]- selenium_firefox     - DEBUG   : BROWSER 1106949591: driver: - columnNumber = 11
2026-06-19 01:38:44,412 - MainProcess[log-interceptor-1106949591]- selenium_firefox     - DEBUG   : BROWSER 1106949591: driver: - data = null
2026-06-19 01:38:44,412 - MainProcess[log-interceptor-1106949591]- selenium_firefox     - DEBUG   : BROWSER 1106949591: driver: - filename = resource://gre/modules/ServiceRequest.sys.mjs
2026-06-19 01:38:44,412 - MainProcess[log-interceptor-1106949591]- selenium_firefox     - DEBUG   : BROWSER 1106949591: driver: - lineNumber = 126
2026-06-19 01:38:44,413 - MainProcess[log-interceptor-1106949591]- selenium_firefox     - DEBUG   : BROWSER 1106949591: driver: - location = {"name":"open","filename":"resource://gre/modules/ServiceRequest.sys.mjs","sourceId":25,"lineNumber":126,"columnNumber":11,"asyncCause":null,"asyncCaller":null,"caller":{"filename":"resource://services-settings/Utils.sys.mjs","name":"fetch/<","sourceId":24,"lineNumber":273,"columnNumber":15,"asyncCause":null,"asyncCaller":null,"caller":{"filename":"resource://services-settings/Utils.sys.mjs","name":"fetch","sourceId":24,"lineNumber":224,"columnNumber":12,"asyncCause":null,"asyncCaller":null,"caller":{"filename":"resource://services-settings/Attachments.sys.mjs","name":"_fetchAttachment","sourceId":23,"lineNumber":560,"columnNumber":35,"asyncCause":null,"asyncCaller":null,"caller":{"filename":"resource://services-settings/Attachments.sys.mjs","name":"downloadAsBytes","sourceId":23,"lineNumber":537,"columnNumber":35,"asyncCause":null,"asyncCaller":null,"caller":{"filename":"resource://gre/modules/AsyncShutdown.sys.mjs","name":"observe","sourceId":15,"lineNumber":570,"columnNumber":17,"asyncCause":null,"asyncCaller":null,"caller":{"filename":"chrome://remote/content/shared/Browser.sys.mjs","name":"quit","sourceId":733,"lineNumber":94,"columnNumber":22,"asyncCause":null,"asyncCaller":null,"caller":{"filename":"chrome://remote/content/marionette/driver.sys.mjs","name":"GeckoDriver.prototype.quit","sourceId":209,"lineNumber":3463,"columnNumber":42,"asyncCause":null,"asyncCaller":null,"caller":{"filename":"chrome://remote/content/marionette/server.sys.mjs","name":"dispatch","sourceId":97,"lineNumber":318,"columnNumber":40,"asyncCause":null,"asyncCaller":null,"caller":{"filename":"chrome://remote/content/marionette/server.sys.mjs","name":"execute","sourceId":97,"lineNumber":289,"columnNumber":16,"asyncCause":null,"asyncCaller":null,"caller":{"filename":"chrome://remote/content/marionette/server.sys.mjs","name":"onPacket/<","sourceId":97,"lineNumber":262,"columnNumber":20,"asyncCause":null,"asyncCaller":null,"caller":{"filename":"chrome://remote/content/marionette/server.sys.mjs","name":"onPacket","sourceId":97,"lineNumber":263,"columnNumber":9,"asyncCause":null,"asyncCaller":null,"caller":{"filename":"chrome://remote/content/marionette/transport.sys.mjs","name":"_onJSONObjectReady/<","sourceId":208,"lineNumber":494,"columnNumber":20,"asyncCause":null,"asyncCaller":null,"caller":null,"formattedStack":"_onJSONObjectReady/<@chrome://remote/content/marionette/transport.sys.mjs:494:20\n","nativeSavedFrame":{}},"formattedStack":"onPacket@chrome://remote/content/marionette/server.sys.mjs:263:9\n_onJSONObjectReady/<@chrome://remote/content/marionette/transport.sys.mjs:494:20\n","nativeSavedFrame":{}},"formattedStack":"onPacket/<@chrome://remote/content/marionette/server.sys.mjs:262:20\nonPacket@chrome://remote/content/marionette/server.sys.mjs:263:9\n_onJSONObjectReady/<@chrome://remote/content/marionette/transport.sys.mjs:494:20\n","nativeSavedFrame":{}},"formattedStack":"execute@chrome://remote/content/marionette/server.sys.mjs:289:16\nonPacket/<@chrome://remote/content/marionette/server.sys.mjs:262:20\nonPacket@chrome://remote/content/marionette/server.sys.mjs:263:9\n_onJSONObjectReady/<@chrome://remote/content/marionette/transport.sys.mjs:494:20\n","nativeSavedFrame":{}},"formattedStack":"dispatch@chrome://remote/content/marionette/server.sys.mjs:318:40\nexecute@chrome://remote/content/marionette/server.sys.mjs:289:16\nonPacket/<@chrome://remote/content/marionette/server.sys.mjs:262:20\nonPacket@chrome://remote/content/marionette/server.sys.mjs:263:9\n_onJSONObjectReady/<@chrome://remote/content/marionette/transport.sys.mjs:494:20\n","nativeSavedFrame":{}},"formattedStack":"GeckoDriver.prototype.quit@chrome://remote/content/marionette/driver.sys.mjs:3463:42\ndispatch@chrome://remote/content/marionette/server.sys.mjs:318:40\nexecute@chrome://remote/content/marionette/server.sys.mjs:289:16\nonPacket/<@chrome://remote/content/marionette/server.sys.mjs:262:20\nonPacket@chrome://remote/content/marionette/server.sys.mjs:263:9\n_onJSONObjectReady/<@chrome://remote/content/marionette/transport.sys.mjs:494:20\n","nativeSavedFrame":{}},"formattedStack":"quit@chrome://remote/content/shared/Browser.sys.mjs:94:22\nGeckoDriver.prototype.quit@chrome://remote/content/marionette/driver.sys.mjs:3463:42\ndispatch@chrome://remote/content/marionette/server.sys.mjs:318:40\nexecute@chrome://remote/content/marionette/server.sys.mjs:289:16\nonPacket/<@chrome://remote/content/marionette/server.sys.mjs:262:20\nonPacket@chrome://remote/content/marionette/server.sys.mjs:263:9\n_onJSONObjectReady/<@chrome://remote/content/marionette/transport.sys.mjs:494:20\n","nativeSavedFrame":{}},"formattedStack":"observe@resource://gre/modules/AsyncShutdown.sys.mjs:570:17\nquit@chrome://remote/content/shared/Browser.sys.mjs:94:22\nGeckoDriver.prototype.quit@chrome://remote/content/marionette/driver.sys.mjs:3463:42\ndispatch@chrome://remote/content/marionette/server.sys.mjs:318:40\nexecute@chrome://remote/content/marionette/server.sys.mjs:289:16\nonPacket/<@chrome://remote/content/marionette/server.sys.mjs:262:20\nonPacket@chrome://remote/content/marionette/server.sys.mjs:263:9\n_onJSONObjectReady/<@chrome://remote/content/marionette/transport.sys.mjs:494:20\n","nativeSavedFrame":{}},"formattedStack":"downloadAsBytes@resource://services-settings/Attachments.sys.mjs:537:35\nobserve@resource://gre/modules/AsyncShutdown.sys.mjs:570:17\nquit@chrome://remote/content/shared/Browser.sys.mjs:94:22\nGeckoDriver.prototype.quit@chrome://remote/content/marionette/driver.sys.mjs:3463:42\ndispatch@chrome://remote/content/marionette/server.sys.mjs:318:40\nexecute@chrome://remote/content/marionette/server.sys.mjs:289:16\nonPacket/<@chrome://remote/content/marionette/server.sys.mjs:262:20\nonPacket@chrome://remote/content/marionette/server.sys.mjs:263:9\n_onJSONObjectReady/<@chrome://remote/content/marionette/transport.sys.mjs:494:20\n","nativeSavedFrame":{}},"formattedStack":"_fetchAttachment@resource://services-settings/Attachments.sys.mjs:560:35\ndownloadAsBytes@resource://services-settings/Attachments.sys.mjs:537:35\nobserve@resource://gre/modules/AsyncShutdown.sys.mjs:570:17\nquit@chrome://remote/content/shared/Browser.sys.mjs:94:22\nGeckoDriver.prototype.quit@chrome://remote/content/marionette/driver.sys.mjs:3463:42\ndispatch@chrome://remote/content/marionette/server.sys.mjs:318:40\nexecute@chrome://remote/content/marionette/server.sys.mjs:289:16\nonPacket/<@chrome://remote/content/marionette/server.sys.mjs:262:20\nonPacket@chrome://remote/content/marionette/server.sys.mjs:263:9\n_onJSONObjectReady/<@chrome://remote/content/marionette/transport.sys.mjs:494:20\n","nativeSavedFrame":{}},"formattedStack":"fetch@resource://services-settings/Utils.sys.mjs:224:12\n_fetchAttachment@resource://services-settings/Attachments.sys.mjs:560:35\ndownloadAsBytes@resource://services-settings/Attachments.sys.mjs:537:35\nobserve@resource://gre/modules/AsyncShutdown.sys.mjs:570:17\nquit@chrome://remote/content/shared/Browser.sys.mjs:94:22\nGeckoDriver.prototype.quit@chrome://remote/content/marionette/driver.sys.mjs:3463:42\ndispatch@chrome://remote/content/marionette/server.sys.mjs:318:40\nexecute@chrome://remote/content/marionette/server.sys.mjs:289:16\nonPacket/<@chrome://remote/content/marionette/server.sys.mjs:262:20\nonPacket@chrome://remote/content/marionette/server.sys.mjs:263:9\n_onJSONObjectReady/<@chrome://remote/content/marionette/transport.sys.mjs:494:20\n","nativeSavedFrame":{}},"formattedStack":"fetch/<@resource://services-settings/Utils.sys.mjs:273:15\nfetch@resource://services-settings/Utils.sys.mjs:224:12\n_fetchAttachment@resource://services-settings/Attachments.sys.mjs:560:35\ndownloadAsBytes@resource://services-settings/Attachments.sys.mjs:537:35\nobserve@resource://gre/modules/AsyncShutdown.sys.mjs:570:17\nquit@chrome://remote/content/shared/Browser.sys.mjs:94:22\nGeckoDriver.prototype.quit@chrome://remote/content/marionette/driver.sys.mjs:3463:42\ndispatch@chrome://remote/content/marionette/server.sys.mjs:318:40\nexecute@chrome://remote/content/marionette/server.sys.mjs:289:16\nonPacket/<@chrome://remote/content/marionette/server.sys.mjs:262:20\nonPacket@chrome://remote/content/marionette/server.sys.mjs:263:9\n_onJSONObjectReady/<@chrome://remote/content/marionette/transport.sys.mjs:494:20\n","nativeSavedFrame":{}},"formattedStack":"open@resource://gre/modules/ServiceRequest.sys.mjs:126:11\nfetch/<@resource://services-settings/Utils.sys.mjs:273:15\nfetch@resource://services-settings/Utils.sys.mjs:224:12\n_fetchAttachment@resource://services-settings/Attachments.sys.mjs:560:35\ndownloadAsBytes@resource://services-settings/Attachments.sys.mjs:537:35\nobserve@resource://gre/modules/AsyncShutdown.sys.mjs:570:17\nquit@chrome://remote/content/shared/Browser.sys.mjs:94:22\nGeckoDriver.prototype.quit@chrome://remote/content/marionette/driver.sys.mjs:3463:42\ndispatch@chrome://remote/content/marionette/server.sys.mjs:318:40\nexecute@chrome://remote/content/marionette/server.sys.mjs:289:16\nonPacket/<@chrome://remote/content/marionette/server.sys.mjs:262:20\nonPacket@chrome://remote/content/marionette/server.sys.mjs:263:9\n_onJSONObjectReady/<@chrome://remote/content/marionette/transport.sys.mjs:494:20\n","nativeSavedFrame":{}}
2026-06-19 01:38:44,413 - MainProcess[log-interceptor-1106949591]- selenium_firefox     - DEBUG   : BROWSER 1106949591: driver: - message =
2026-06-19 01:38:44,414 - MainProcess[log-interceptor-1106949591]- selenium_firefox     - DEBUG   : BROWSER 1106949591: driver: - name =
2026-06-19 01:38:44,414 - MainProcess[log-interceptor-1106949591]- selenium_firefox     - DEBUG   : BROWSER 1106949591: driver: - result = 2152071198
2026-06-19 01:38:44,414 - MainProcess[log-interceptor-1106949591]- selenium_firefox     - DEBUG   : BROWSER 1106949591: driver: - stack = open@resource://gre/modules/ServiceRequest.sys.mjs:126:11|fetch/<@resource://services-settings/Utils.sys.mjs:273:15|fetch@resource://services-settings/Utils.sys.mjs:224:12|_fetchAttachment@resource://services-settings/Attachments.sys.mjs:560:35|downloadAsBytes@resource://services-settings/Attachments.sys.mjs:537:35|observe@resource://gre/modules/AsyncShutdown.sys.mjs:570:17|quit@chrome://remote/content/shared/Browser.sys.mjs:94:22|GeckoDriver.prototype.quit@chrome://remote/content/marionette/driver.sys.mjs:3463:42|dispatch@chrome://remote/content/marionette/server.sys.mjs:318:40|execute@chrome://remote/content/marionette/server.sys.mjs:289:16|onPacket/<@chrome://remote/content/marionette/server.sys.mjs:262:20|onPacket@chrome://remote/content/marionette/server.sys.mjs:263:9|_onJSONObjectReady/<@chrome://remote/content/marionette/transport.sys.mjs:494:20|
2026-06-19 01:38:44,415 - MainProcess[log-interceptor-1106949591]- selenium_firefox     - DEBUG   : BROWSER 1106949591: driver: - prototype Object
2026-06-19 01:38:44,415 - MainProcess[log-interceptor-1106949591]- selenium_firefox     - DEBUG   : BROWSER 1106949591: driver: console.error: RemoteSecuritySettings:
2026-06-19 01:38:44,415 - MainProcess[log-interceptor-1106949591]- selenium_firefox     - DEBUG   : BROWSER 1106949591: driver: failed to download CRLite filter
2026-06-19 01:38:44,416 - MainProcess[log-interceptor-1106949591]- selenium_firefox     - DEBUG   : BROWSER 1106949591: driver: Object
2026-06-19 01:38:44,416 - MainProcess[log-interceptor-1106949591]- selenium_firefox     - DEBUG   : BROWSER 1106949591: driver: - prototype Object
2026-06-19 01:38:44,416 - MainProcess[log-interceptor-1106949591]- selenium_firefox     - DEBUG   : BROWSER 1106949591: driver: - columnNumber = 11
2026-06-19 01:38:44,416 - MainProcess[log-interceptor-1106949591]- selenium_firefox     - DEBUG   : BROWSER 1106949591: driver: - data = null
2026-06-19 01:38:44,417 - MainProcess[log-interceptor-1106949591]- selenium_firefox     - DEBUG   : BROWSER 1106949591: driver: - filename = resource://gre/modules/ServiceRequest.sys.mjs
2026-06-19 01:38:44,417 - MainProcess[log-interceptor-1106949591]- selenium_firefox     - DEBUG   : BROWSER 1106949591: driver: - lineNumber = 126
2026-06-19 01:38:44,417 - MainProcess[log-interceptor-1106949591]- selenium_firefox     - DEBUG   : BROWSER 1106949591: driver: - location = {"name":"open","filename":"resource://gre/modules/ServiceRequest.sys.mjs","sourceId":25,"lineNumber":126,"columnNumber":11,"asyncCause":null,"asyncCaller":null,"caller":{"filename":"resource://services-settings/Utils.sys.mjs","name":"fetch/<","sourceId":24,"lineNumber":273,"columnNumber":15,"asyncCause":null,"asyncCaller":null,"caller":{"filename":"resource://services-settings/Utils.sys.mjs","name":"fetch","sourceId":24,"lineNumber":224,"columnNumber":12,"asyncCause":null,"asyncCaller":null,"caller":{"filename":"resource://services-settings/Attachments.sys.mjs","name":"_fetchAttachment","sourceId":23,"lineNumber":560,"columnNumber":35,"asyncCause":null,"asyncCaller":null,"caller":{"filename":"resource://services-settings/Attachments.sys.mjs","name":"downloadAsBytes","sourceId":23,"lineNumber":537,"columnNumber":35,"asyncCause":null,"asyncCaller":null,"caller":{"filename":"resource://gre/modules/AsyncShutdown.sys.mjs","name":"observe","sourceId":15,"lineNumber":570,"columnNumber":17,"asyncCause":null,"asyncCaller":null,"caller":{"filename":"chrome://remote/content/shared/Browser.sys.mjs","name":"quit","sourceId":733,"lineNumber":94,"columnNumber":22,"asyncCause":null,"asyncCaller":null,"caller":{"filename":"chrome://remote/content/marionette/driver.sys.mjs","name":"GeckoDriver.prototype.quit","sourceId":209,"lineNumber":3463,"columnNumber":42,"asyncCause":null,"asyncCaller":null,"caller":{"filename":"chrome://remote/content/marionette/server.sys.mjs","name":"dispatch","sourceId":97,"lineNumber":318,"columnNumber":40,"asyncCause":null,"asyncCaller":null,"caller":{"filename":"chrome://remote/content/marionette/server.sys.mjs","name":"execute","sourceId":97,"lineNumber":289,"columnNumber":16,"asyncCause":null,"asyncCaller":null,"caller":{"filename":"chrome://remote/content/marionette/server.sys.mjs","name":"onPacket/<","sourceId":97,"lineNumber":262,"columnNumber":20,"asyncCause":null,"asyncCaller":null,"caller":{"filename":"chrome://remote/content/marionette/server.sys.mjs","name":"onPacket","sourceId":97,"lineNumber":263,"columnNumber":9,"asyncCause":null,"asyncCaller":null,"caller":{"filename":"chrome://remote/content/marionette/transport.sys.mjs","name":"_onJSONObjectReady/<","sourceId":208,"lineNumber":494,"columnNumber":20,"asyncCause":null,"asyncCaller":null,"caller":null,"formattedStack":"_onJSONObjectReady/<@chrome://remote/content/marionette/transport.sys.mjs:494:20\n","nativeSavedFrame":{}},"formattedStack":"onPacket@chrome://remote/content/marionette/server.sys.mjs:263:9\n_onJSONObjectReady/<@chrome://remote/content/marionette/transport.sys.mjs:494:20\n","nativeSavedFrame":{}},"formattedStack":"onPacket/<@chrome://remote/content/marionette/server.sys.mjs:262:20\nonPacket@chrome://remote/content/marionette/server.sys.mjs:263:9\n_onJSONObjectReady/<@chrome://remote/content/marionette/transport.sys.mjs:494:20\n","nativeSavedFrame":{}},"formattedStack":"execute@chrome://remote/content/marionette/server.sys.mjs:289:16\nonPacket/<@chrome://remote/content/marionette/server.sys.mjs:262:20\nonPacket@chrome://remote/content/marionette/server.sys.mjs:263:9\n_onJSONObjectReady/<@chrome://remote/content/marionette/transport.sys.mjs:494:20\n","nativeSavedFrame":{}},"formattedStack":"dispatch@chrome://remote/content/marionette/server.sys.mjs:318:40\nexecute@chrome://remote/content/marionette/server.sys.mjs:289:16\nonPacket/<@chrome://remote/content/marionette/server.sys.mjs:262:20\nonPacket@chrome://remote/content/marionette/server.sys.mjs:263:9\n_onJSONObjectReady/<@chrome://remote/content/marionette/transport.sys.mjs:494:20\n","nativeSavedFrame":{}},"formattedStack":"GeckoDriver.prototype.quit@chrome://remote/content/marionette/driver.sys.mjs:3463:42\ndispatch@chrome://remote/content/marionette/server.sys.mjs:318:40\nexecute@chrome://remote/content/marionette/server.sys.mjs:289:16\nonPacket/<@chrome://remote/content/marionette/server.sys.mjs:262:20\nonPacket@chrome://remote/content/marionette/server.sys.mjs:263:9\n_onJSONObjectReady/<@chrome://remote/content/marionette/transport.sys.mjs:494:20\n","nativeSavedFrame":{}},"formattedStack":"quit@chrome://remote/content/shared/Browser.sys.mjs:94:22\nGeckoDriver.prototype.quit@chrome://remote/content/marionette/driver.sys.mjs:3463:42\ndispatch@chrome://remote/content/marionette/server.sys.mjs:318:40\nexecute@chrome://remote/content/marionette/server.sys.mjs:289:16\nonPacket/<@chrome://remote/content/marionette/server.sys.mjs:262:20\nonPacket@chrome://remote/content/marionette/server.sys.mjs:263:9\n_onJSONObjectReady/<@chrome://remote/content/marionette/transport.sys.mjs:494:20\n","nativeSavedFrame":{}},"formattedStack":"observe@resource://gre/modules/AsyncShutdown.sys.mjs:570:17\nquit@chrome://remote/content/shared/Browser.sys.mjs:94:22\nGeckoDriver.prototype.quit@chrome://remote/content/marionette/driver.sys.mjs:3463:42\ndispatch@chrome://remote/content/marionette/server.sys.mjs:318:40\nexecute@chrome://remote/content/marionette/server.sys.mjs:289:16\nonPacket/<@chrome://remote/content/marionette/server.sys.mjs:262:20\nonPacket@chrome://remote/content/marionette/server.sys.mjs:263:9\n_onJSONObjectReady/<@chrome://remote/content/marionette/transport.sys.mjs:494:20\n","nativeSavedFrame":{}},"formattedStack":"downloadAsBytes@resource://services-settings/Attachments.sys.mjs:537:35\nobserve@resource://gre/modules/AsyncShutdown.sys.mjs:570:17\nquit@chrome://remote/content/shared/Browser.sys.mjs:94:22\nGeckoDriver.prototype.quit@chrome://remote/content/marionette/driver.sys.mjs:3463:42\ndispatch@chrome://remote/content/marionette/server.sys.mjs:318:40\nexecute@chrome://remote/content/marionette/server.sys.mjs:289:16\nonPacket/<@chrome://remote/content/marionette/server.sys.mjs:262:20\nonPacket@chrome://remote/content/marionette/server.sys.mjs:263:9\n_onJSONObjectReady/<@chrome://remote/content/marionette/transport.sys.mjs:494:20\n","nativeSavedFrame":{}},"formattedStack":"_fetchAttachment@resource://services-settings/Attachments.sys.mjs:560:35\ndownloadAsBytes@resource://services-settings/Attachments.sys.mjs:537:35\nobserve@resource://gre/modules/AsyncShutdown.sys.mjs:570:17\nquit@chrome://remote/content/shared/Browser.sys.mjs:94:22\nGeckoDriver.prototype.quit@chrome://remote/content/marionette/driver.sys.mjs:3463:42\ndispatch@chrome://remote/content/marionette/server.sys.mjs:318:40\nexecute@chrome://remote/content/marionette/server.sys.mjs:289:16\nonPacket/<@chrome://remote/content/marionette/server.sys.mjs:262:20\nonPacket@chrome://remote/content/marionette/server.sys.mjs:263:9\n_onJSONObjectReady/<@chrome://remote/content/marionette/transport.sys.mjs:494:20\n","nativeSavedFrame":{}},"formattedStack":"fetch@resource://services-settings/Utils.sys.mjs:224:12\n_fetchAttachment@resource://services-settings/Attachments.sys.mjs:560:35\ndownloadAsBytes@resource://services-settings/Attachments.sys.mjs:537:35\nobserve@resource://gre/modules/AsyncShutdown.sys.mjs:570:17\nquit@chrome://remote/content/shared/Browser.sys.mjs:94:22\nGeckoDriver.prototype.quit@chrome://remote/content/marionette/driver.sys.mjs:3463:42\ndispatch@chrome://remote/content/marionette/server.sys.mjs:318:40\nexecute@chrome://remote/content/marionette/server.sys.mjs:289:16\nonPacket/<@chrome://remote/content/marionette/server.sys.mjs:262:20\nonPacket@chrome://remote/content/marionette/server.sys.mjs:263:9\n_onJSONObjectReady/<@chrome://remote/content/marionette/transport.sys.mjs:494:20\n","nativeSavedFrame":{}},"formattedStack":"fetch/<@resource://services-settings/Utils.sys.mjs:273:15\nfetch@resource://services-settings/Utils.sys.mjs:224:12\n_fetchAttachment@resource://services-settings/Attachments.sys.mjs:560:35\ndownloadAsBytes@resource://services-settings/Attachments.sys.mjs:537:35\nobserve@resource://gre/modules/AsyncShutdown.sys.mjs:570:17\nquit@chrome://remote/content/shared/Browser.sys.mjs:94:22\nGeckoDriver.prototype.quit@chrome://remote/content/marionette/driver.sys.mjs:3463:42\ndispatch@chrome://remote/content/marionette/server.sys.mjs:318:40\nexecute@chrome://remote/content/marionette/server.sys.mjs:289:16\nonPacket/<@chrome://remote/content/marionette/server.sys.mjs:262:20\nonPacket@chrome://remote/content/marionette/server.sys.mjs:263:9\n_onJSONObjectReady/<@chrome://remote/content/marionette/transport.sys.mjs:494:20\n","nativeSavedFrame":{}},"formattedStack":"open@resource://gre/modules/ServiceRequest.sys.mjs:126:11\nfetch/<@resource://services-settings/Utils.sys.mjs:273:15\nfetch@resource://services-settings/Utils.sys.mjs:224:12\n_fetchAttachment@resource://services-settings/Attachments.sys.mjs:560:35\ndownloadAsBytes@resource://services-settings/Attachments.sys.mjs:537:35\nobserve@resource://gre/modules/AsyncShutdown.sys.mjs:570:17\nquit@chrome://remote/content/shared/Browser.sys.mjs:94:22\nGeckoDriver.prototype.quit@chrome://remote/content/marionette/driver.sys.mjs:3463:42\ndispatch@chrome://remote/content/marionette/server.sys.mjs:318:40\nexecute@chrome://remote/content/marionette/server.sys.mjs:289:16\nonPacket/<@chrome://remote/content/marionette/server.sys.mjs:262:20\nonPacket@chrome://remote/content/marionette/server.sys.mjs:263:9\n_onJSONObjectReady/<@chrome://remote/content/marionette/transport.sys.mjs:494:20\n","nativeSavedFrame":{}}
2026-06-19 01:38:44,418 - MainProcess[log-interceptor-1106949591]- selenium_firefox     - DEBUG   : BROWSER 1106949591: driver: - message =
2026-06-19 01:38:44,418 - MainProcess[log-interceptor-1106949591]- selenium_firefox     - DEBUG   : BROWSER 1106949591: driver: - name =
2026-06-19 01:38:44,418 - MainProcess[log-interceptor-1106949591]- selenium_firefox     - DEBUG   : BROWSER 1106949591: driver: - result = 2152071198
2026-06-19 01:38:44,419 - MainProcess[log-interceptor-1106949591]- selenium_firefox     - DEBUG   : BROWSER 1106949591: driver: - stack = open@resource://gre/modules/ServiceRequest.sys.mjs:126:11|fetch/<@resource://services-settings/Utils.sys.mjs:273:15|fetch@resource://services-settings/Utils.sys.mjs:224:12|_fetchAttachment@resource://services-settings/Attachments.sys.mjs:560:35|downloadAsBytes@resource://services-settings/Attachments.sys.mjs:537:35|observe@resource://gre/modules/AsyncShutdown.sys.mjs:570:17|quit@chrome://remote/content/shared/Browser.sys.mjs:94:22|GeckoDriver.prototype.quit@chrome://remote/content/marionette/driver.sys.mjs:3463:42|dispatch@chrome://remote/content/marionette/server.sys.mjs:318:40|execute@chrome://remote/content/marionette/server.sys.mjs:289:16|onPacket/<@chrome://remote/content/marionette/server.sys.mjs:262:20|onPacket@chrome://remote/content/marionette/server.sys.mjs:263:9|_onJSONObjectReady/<@chrome://remote/content/marionette/transport.sys.mjs:494:20|
2026-06-19 01:38:44,419 - MainProcess[log-interceptor-1106949591]- selenium_firefox     - DEBUG   : BROWSER 1106949591: driver: - prototype Object
2026-06-19 01:38:44,419 - MainProcess[log-interceptor-1106949591]- selenium_firefox     - DEBUG   : BROWSER 1106949591: driver: console.error: RemoteSecuritySettings:
2026-06-19 01:38:44,420 - MainProcess[log-interceptor-1106949591]- selenium_firefox     - DEBUG   : BROWSER 1106949591: driver: failed to download CRLite filter
2026-06-19 01:38:44,420 - MainProcess[log-interceptor-1106949591]- selenium_firefox     - DEBUG   : BROWSER 1106949591: driver: Object
2026-06-19 01:38:44,420 - MainProcess[log-interceptor-1106949591]- selenium_firefox     - DEBUG   : BROWSER 1106949591: driver: - prototype Object
2026-06-19 01:38:44,421 - MainProcess[log-interceptor-1106949591]- selenium_firefox     - DEBUG   : BROWSER 1106949591: driver: - columnNumber = 11
2026-06-19 01:38:44,421 - MainProcess[log-interceptor-1106949591]- selenium_firefox     - DEBUG   : BROWSER 1106949591: driver: - data = null
2026-06-19 01:38:44,421 - MainProcess[log-interceptor-1106949591]- selenium_firefox     - DEBUG   : BROWSER 1106949591: driver: - filename = resource://gre/modules/ServiceRequest.sys.mjs
2026-06-19 01:38:44,422 - MainProcess[log-interceptor-1106949591]- selenium_firefox     - DEBUG   : BROWSER 1106949591: driver: - lineNumber = 126
2026-06-19 01:38:44,422 - MainProcess[log-interceptor-1106949591]- selenium_firefox     - DEBUG   : BROWSER 1106949591: driver: - location = {"name":"open","filename":"resource://gre/modules/ServiceRequest.sys.mjs","sourceId":25,"lineNumber":126,"columnNumber":11,"asyncCause":null,"asyncCaller":null,"caller":{"filename":"resource://services-settings/Utils.sys.mjs","name":"fetch/<","sourceId":24,"lineNumber":273,"columnNumber":15,"asyncCause":null,"asyncCaller":null,"caller":{"filename":"resource://services-settings/Utils.sys.mjs","name":"fetch","sourceId":24,"lineNumber":224,"columnNumber":12,"asyncCause":null,"asyncCaller":null,"caller":{"filename":"resource://services-settings/Attachments.sys.mjs","name":"_fetchAttachment","sourceId":23,"lineNumber":560,"columnNumber":35,"asyncCause":null,"asyncCaller":null,"caller":{"filename":"resource://services-settings/Attachments.sys.mjs","name":"downloadAsBytes","sourceId":23,"lineNumber":537,"columnNumber":35,"asyncCause":null,"asyncCaller":null,"caller":{"filename":"resource://gre/modules/AsyncShutdown.sys.mjs","name":"observe","sourceId":15,"lineNumber":570,"columnNumber":17,"asyncCause":null,"asyncCaller":null,"caller":{"filename":"chrome://remote/content/shared/Browser.sys.mjs","name":"quit","sourceId":733,"lineNumber":94,"columnNumber":22,"asyncCause":null,"asyncCaller":null,"caller":{"filename":"chrome://remote/content/marionette/driver.sys.mjs","name":"GeckoDriver.prototype.quit","sourceId":209,"lineNumber":3463,"columnNumber":42,"asyncCause":null,"asyncCaller":null,"caller":{"filename":"chrome://remote/content/marionette/server.sys.mjs","name":"dispatch","sourceId":97,"lineNumber":318,"columnNumber":40,"asyncCause":null,"asyncCaller":null,"caller":{"filename":"chrome://remote/content/marionette/server.sys.mjs","name":"execute","sourceId":97,"lineNumber":289,"columnNumber":16,"asyncCause":null,"asyncCaller":null,"caller":{"filename":"chrome://remote/content/marionette/server.sys.mjs","name":"onPacket/<","sourceId":97,"lineNumber":262,"columnNumber":20,"asyncCause":null,"asyncCaller":null,"caller":{"filename":"chrome://remote/content/marionette/server.sys.mjs","name":"onPacket","sourceId":97,"lineNumber":263,"columnNumber":9,"asyncCause":null,"asyncCaller":null,"caller":{"filename":"chrome://remote/content/marionette/transport.sys.mjs","name":"_onJSONObjectReady/<","sourceId":208,"lineNumber":494,"columnNumber":20,"asyncCause":null,"asyncCaller":null,"caller":null,"formattedStack":"_onJSONObjectReady/<@chrome://remote/content/marionette/transport.sys.mjs:494:20\n","nativeSavedFrame":{}},"formattedStack":"onPacket@chrome://remote/content/marionette/server.sys.mjs:263:9\n_onJSONObjectReady/<@chrome://remote/content/marionette/transport.sys.mjs:494:20\n","nativeSavedFrame":{}},"formattedStack":"onPacket/<@chrome://remote/content/marionette/server.sys.mjs:262:20\nonPacket@chrome://remote/content/marionette/server.sys.mjs:263:9\n_onJSONObjectReady/<@chrome://remote/content/marionette/transport.sys.mjs:494:20\n","nativeSavedFrame":{}},"formattedStack":"execute@chrome://remote/content/marionette/server.sys.mjs:289:16\nonPacket/<@chrome://remote/content/marionette/server.sys.mjs:262:20\nonPacket@chrome://remote/content/marionette/server.sys.mjs:263:9\n_onJSONObjectReady/<@chrome://remote/content/marionette/transport.sys.mjs:494:20\n","nativeSavedFrame":{}},"formattedStack":"dispatch@chrome://remote/content/marionette/server.sys.mjs:318:40\nexecute@chrome://remote/content/marionette/server.sys.mjs:289:16\nonPacket/<@chrome://remote/content/marionette/server.sys.mjs:262:20\nonPacket@chrome://remote/content/marionette/server.sys.mjs:263:9\n_onJSONObjectReady/<@chrome://remote/content/marionette/transport.sys.mjs:494:20\n","nativeSavedFrame":{}},"formattedStack":"GeckoDriver.prototype.quit@chrome://remote/content/marionette/driver.sys.mjs:3463:42\ndispatch@chrome://remote/content/marionette/server.sys.mjs:318:40\nexecute@chrome://remote/content/marionette/server.sys.mjs:289:16\nonPacket/<@chrome://remote/content/marionette/server.sys.mjs:262:20\nonPacket@chrome://remote/content/marionette/server.sys.mjs:263:9\n_onJSONObjectReady/<@chrome://remote/content/marionette/transport.sys.mjs:494:20\n","nativeSavedFrame":{}},"formattedStack":"quit@chrome://remote/content/shared/Browser.sys.mjs:94:22\nGeckoDriver.prototype.quit@chrome://remote/content/marionette/driver.sys.mjs:3463:42\ndispatch@chrome://remote/content/marionette/server.sys.mjs:318:40\nexecute@chrome://remote/content/marionette/server.sys.mjs:289:16\nonPacket/<@chrome://remote/content/marionette/server.sys.mjs:262:20\nonPacket@chrome://remote/content/marionette/server.sys.mjs:263:9\n_onJSONObjectReady/<@chrome://remote/content/marionette/transport.sys.mjs:494:20\n","nativeSavedFrame":{}},"formattedStack":"observe@resource://gre/modules/AsyncShutdown.sys.mjs:570:17\nquit@chrome://remote/content/shared/Browser.sys.mjs:94:22\nGeckoDriver.prototype.quit@chrome://remote/content/marionette/driver.sys.mjs:3463:42\ndispatch@chrome://remote/content/marionette/server.sys.mjs:318:40\nexecute@chrome://remote/content/marionette/server.sys.mjs:289:16\nonPacket/<@chrome://remote/content/marionette/server.sys.mjs:262:20\nonPacket@chrome://remote/content/marionette/server.sys.mjs:263:9\n_onJSONObjectReady/<@chrome://remote/content/marionette/transport.sys.mjs:494:20\n","nativeSavedFrame":{}},"formattedStack":"downloadAsBytes@resource://services-settings/Attachments.sys.mjs:537:35\nobserve@resource://gre/modules/AsyncShutdown.sys.mjs:570:17\nquit@chrome://remote/content/shared/Browser.sys.mjs:94:22\nGeckoDriver.prototype.quit@chrome://remote/content/marionette/driver.sys.mjs:3463:42\ndispatch@chrome://remote/content/marionette/server.sys.mjs:318:40\nexecute@chrome://remote/content/marionette/server.sys.mjs:289:16\nonPacket/<@chrome://remote/content/marionette/server.sys.mjs:262:20\nonPacket@chrome://remote/content/marionette/server.sys.mjs:263:9\n_onJSONObjectReady/<@chrome://remote/content/marionette/transport.sys.mjs:494:20\n","nativeSavedFrame":{}},"formattedStack":"_fetchAttachment@resource://services-settings/Attachments.sys.mjs:560:35\ndownloadAsBytes@resource://services-settings/Attachments.sys.mjs:537:35\nobserve@resource://gre/modules/AsyncShutdown.sys.mjs:570:17\nquit@chrome://remote/content/shared/Browser.sys.mjs:94:22\nGeckoDriver.prototype.quit@chrome://remote/content/marionette/driver.sys.mjs:3463:42\ndispatch@chrome://remote/content/marionette/server.sys.mjs:318:40\nexecute@chrome://remote/content/marionette/server.sys.mjs:289:16\nonPacket/<@chrome://remote/content/marionette/server.sys.mjs:262:20\nonPacket@chrome://remote/content/marionette/server.sys.mjs:263:9\n_onJSONObjectReady/<@chrome://remote/content/marionette/transport.sys.mjs:494:20\n","nativeSavedFrame":{}},"formattedStack":"fetch@resource://services-settings/Utils.sys.mjs:224:12\n_fetchAttachment@resource://services-settings/Attachments.sys.mjs:560:35\ndownloadAsBytes@resource://services-settings/Attachments.sys.mjs:537:35\nobserve@resource://gre/modules/AsyncShutdown.sys.mjs:570:17\nquit@chrome://remote/content/shared/Browser.sys.mjs:94:22\nGeckoDriver.prototype.quit@chrome://remote/content/marionette/driver.sys.mjs:3463:42\ndispatch@chrome://remote/content/marionette/server.sys.mjs:318:40\nexecute@chrome://remote/content/marionette/server.sys.mjs:289:16\nonPacket/<@chrome://remote/content/marionette/server.sys.mjs:262:20\nonPacket@chrome://remote/content/marionette/server.sys.mjs:263:9\n_onJSONObjectReady/<@chrome://remote/content/marionette/transport.sys.mjs:494:20\n","nativeSavedFrame":{}},"formattedStack":"fetch/<@resource://services-settings/Utils.sys.mjs:273:15\nfetch@resource://services-settings/Utils.sys.mjs:224:12\n_fetchAttachment@resource://services-settings/Attachments.sys.mjs:560:35\ndownloadAsBytes@resource://services-settings/Attachments.sys.mjs:537:35\nobserve@resource://gre/modules/AsyncShutdown.sys.mjs:570:17\nquit@chrome://remote/content/shared/Browser.sys.mjs:94:22\nGeckoDriver.prototype.quit@chrome://remote/content/marionette/driver.sys.mjs:3463:42\ndispatch@chrome://remote/content/marionette/server.sys.mjs:318:40\nexecute@chrome://remote/content/marionette/server.sys.mjs:289:16\nonPacket/<@chrome://remote/content/marionette/server.sys.mjs:262:20\nonPacket@chrome://remote/content/marionette/server.sys.mjs:263:9\n_onJSONObjectReady/<@chrome://remote/content/marionette/transport.sys.mjs:494:20\n","nativeSavedFrame":{}},"formattedStack":"open@resource://gre/modules/ServiceRequest.sys.mjs:126:11\nfetch/<@resource://services-settings/Utils.sys.mjs:273:15\nfetch@resource://services-settings/Utils.sys.mjs:224:12\n_fetchAttachment@resource://services-settings/Attachments.sys.mjs:560:35\ndownloadAsBytes@resource://services-settings/Attachments.sys.mjs:537:35\nobserve@resource://gre/modules/AsyncShutdown.sys.mjs:570:17\nquit@chrome://remote/content/shared/Browser.sys.mjs:94:22\nGeckoDriver.prototype.quit@chrome://remote/content/marionette/driver.sys.mjs:3463:42\ndispatch@chrome://remote/content/marionette/server.sys.mjs:318:40\nexecute@chrome://remote/content/marionette/server.sys.mjs:289:16\nonPacket/<@chrome://remote/content/marionette/server.sys.mjs:262:20\nonPacket@chrome://remote/content/marionette/server.sys.mjs:263:9\n_onJSONObjectReady/<@chrome://remote/content/marionette/transport.sys.mjs:494:20\n","nativeSavedFrame":{}}
2026-06-19 01:38:44,422 - MainProcess[log-interceptor-1106949591]- selenium_firefox     - DEBUG   : BROWSER 1106949591: driver: - message =
2026-06-19 01:38:44,423 - MainProcess[log-interceptor-1106949591]- selenium_firefox     - DEBUG   : BROWSER 1106949591: driver: - name =
2026-06-19 01:38:44,423 - MainProcess[log-interceptor-1106949591]- selenium_firefox     - DEBUG   : BROWSER 1106949591: driver: - result = 2152071198
2026-06-19 01:38:44,423 - MainProcess[log-interceptor-1106949591]- selenium_firefox     - DEBUG   : BROWSER 1106949591: driver: - stack = open@resource://gre/modules/ServiceRequest.sys.mjs:126:11|fetch/<@resource://services-settings/Utils.sys.mjs:273:15|fetch@resource://services-settings/Utils.sys.mjs:224:12|_fetchAttachment@resource://services-settings/Attachments.sys.mjs:560:35|downloadAsBytes@resource://services-settings/Attachments.sys.mjs:537:35|observe@resource://gre/modules/AsyncShutdown.sys.mjs:570:17|quit@chrome://remote/content/shared/Browser.sys.mjs:94:22|GeckoDriver.prototype.quit@chrome://remote/content/marionette/driver.sys.mjs:3463:42|dispatch@chrome://remote/content/marionette/server.sys.mjs:318:40|execute@chrome://remote/content/marionette/server.sys.mjs:289:16|onPacket/<@chrome://remote/content/marionette/server.sys.mjs:262:20|onPacket@chrome://remote/content/marionette/server.sys.mjs:263:9|_onJSONObjectReady/<@chrome://remote/content/marionette/transport.sys.mjs:494:20|
2026-06-19 01:38:44,424 - MainProcess[log-interceptor-1106949591]- selenium_firefox     - DEBUG   : BROWSER 1106949591: driver: - prototype Object
2026-06-19 01:38:44,424 - MainProcess[log-interceptor-1106949591]- selenium_firefox     - DEBUG   : BROWSER 1106949591: driver: console.error: RemoteSecuritySettings:
2026-06-19 01:38:44,424 - MainProcess[log-interceptor-1106949591]- selenium_firefox     - DEBUG   : BROWSER 1106949591: driver: failed to download CRLite filter
2026-06-19 01:38:44,425 - MainProcess[log-interceptor-1106949591]- selenium_firefox     - DEBUG   : BROWSER 1106949591: driver: Object
2026-06-19 01:38:44,425 - MainProcess[log-interceptor-1106949591]- selenium_firefox     - DEBUG   : BROWSER 1106949591: driver: - prototype Object
2026-06-19 01:38:44,425 - MainProcess[log-interceptor-1106949591]- selenium_firefox     - DEBUG   : BROWSER 1106949591: driver: - columnNumber = 11
2026-06-19 01:38:44,426 - MainProcess[log-interceptor-1106949591]- selenium_firefox     - DEBUG   : BROWSER 1106949591: driver: - data = null
2026-06-19 01:38:44,426 - MainProcess[log-interceptor-1106949591]- selenium_firefox     - DEBUG   : BROWSER 1106949591: driver: - filename = resource://gre/modules/ServiceRequest.sys.mjs
2026-06-19 01:38:44,426 - MainProcess[log-interceptor-1106949591]- selenium_firefox     - DEBUG   : BROWSER 1106949591: driver: - lineNumber = 126
2026-06-19 01:38:44,427 - MainProcess[log-interceptor-1106949591]- selenium_firefox     - DEBUG   : BROWSER 1106949591: driver: - location = {"name":"open","filename":"resource://gre/modules/ServiceRequest.sys.mjs","sourceId":25,"lineNumber":126,"columnNumber":11,"asyncCause":null,"asyncCaller":null,"caller":{"filename":"resource://services-settings/Utils.sys.mjs","name":"fetch/<","sourceId":24,"lineNumber":273,"columnNumber":15,"asyncCause":null,"asyncCaller":null,"caller":{"filename":"resource://services-settings/Utils.sys.mjs","name":"fetch","sourceId":24,"lineNumber":224,"columnNumber":12,"asyncCause":null,"asyncCaller":null,"caller":{"filename":"resource://services-settings/Attachments.sys.mjs","name":"_fetchAttachment","sourceId":23,"lineNumber":560,"columnNumber":35,"asyncCause":null,"asyncCaller":null,"caller":{"filename":"resource://services-settings/Attachments.sys.mjs","name":"downloadAsBytes","sourceId":23,"lineNumber":537,"columnNumber":35,"asyncCause":null,"asyncCaller":null,"caller":{"filename":"resource://gre/modules/AsyncShutdown.sys.mjs","name":"observe","sourceId":15,"lineNumber":570,"columnNumber":17,"asyncCause":null,"asyncCaller":null,"caller":{"filename":"chrome://remote/content/shared/Browser.sys.mjs","name":"quit","sourceId":733,"lineNumber":94,"columnNumber":22,"asyncCause":null,"asyncCaller":null,"caller":{"filename":"chrome://remote/content/marionette/driver.sys.mjs","name":"GeckoDriver.prototype.quit","sourceId":209,"lineNumber":3463,"columnNumber":42,"asyncCause":null,"asyncCaller":null,"caller":{"filename":"chrome://remote/content/marionette/server.sys.mjs","name":"dispatch","sourceId":97,"lineNumber":318,"columnNumber":40,"asyncCause":null,"asyncCaller":null,"caller":{"filename":"chrome://remote/content/marionette/server.sys.mjs","name":"execute","sourceId":97,"lineNumber":289,"columnNumber":16,"asyncCause":null,"asyncCaller":null,"caller":{"filename":"chrome://remote/content/marionette/server.sys.mjs","name":"onPacket/<","sourceId":97,"lineNumber":262,"columnNumber":20,"asyncCause":null,"asyncCaller":null,"caller":{"filename":"chrome://remote/content/marionette/server.sys.mjs","name":"onPacket","sourceId":97,"lineNumber":263,"columnNumber":9,"asyncCause":null,"asyncCaller":null,"caller":{"filename":"chrome://remote/content/marionette/transport.sys.mjs","name":"_onJSONObjectReady/<","sourceId":208,"lineNumber":494,"columnNumber":20,"asyncCause":null,"asyncCaller":null,"caller":null,"formattedStack":"_onJSONObjectReady/<@chrome://remote/content/marionette/transport.sys.mjs:494:20\n","nativeSavedFrame":{}},"formattedStack":"onPacket@chrome://remote/content/marionette/server.sys.mjs:263:9\n_onJSONObjectReady/<@chrome://remote/content/marionette/transport.sys.mjs:494:20\n","nativeSavedFrame":{}},"formattedStack":"onPacket/<@chrome://remote/content/marionette/server.sys.mjs:262:20\nonPacket@chrome://remote/content/marionette/server.sys.mjs:263:9\n_onJSONObjectReady/<@chrome://remote/content/marionette/transport.sys.mjs:494:20\n","nativeSavedFrame":{}},"formattedStack":"execute@chrome://remote/content/marionette/server.sys.mjs:289:16\nonPacket/<@chrome://remote/content/marionette/server.sys.mjs:262:20\nonPacket@chrome://remote/content/marionette/server.sys.mjs:263:9\n_onJSONObjectReady/<@chrome://remote/content/marionette/transport.sys.mjs:494:20\n","nativeSavedFrame":{}},"formattedStack":"dispatch@chrome://remote/content/marionette/server.sys.mjs:318:40\nexecute@chrome://remote/content/marionette/server.sys.mjs:289:16\nonPacket/<@chrome://remote/content/marionette/server.sys.mjs:262:20\nonPacket@chrome://remote/content/marionette/server.sys.mjs:263:9\n_onJSONObjectReady/<@chrome://remote/content/marionette/transport.sys.mjs:494:20\n","nativeSavedFrame":{}},"formattedStack":"GeckoDriver.prototype.quit@chrome://remote/content/marionette/driver.sys.mjs:3463:42\ndispatch@chrome://remote/content/marionette/server.sys.mjs:318:40\nexecute@chrome://remote/content/marionette/server.sys.mjs:289:16\nonPacket/<@chrome://remote/content/marionette/server.sys.mjs:262:20\nonPacket@chrome://remote/content/marionette/server.sys.mjs:263:9\n_onJSONObjectReady/<@chrome://remote/content/marionette/transport.sys.mjs:494:20\n","nativeSavedFrame":{}},"formattedStack":"quit@chrome://remote/content/shared/Browser.sys.mjs:94:22\nGeckoDriver.prototype.quit@chrome://remote/content/marionette/driver.sys.mjs:3463:42\ndispatch@chrome://remote/content/marionette/server.sys.mjs:318:40\nexecute@chrome://remote/content/marionette/server.sys.mjs:289:16\nonPacket/<@chrome://remote/content/marionette/server.sys.mjs:262:20\nonPacket@chrome://remote/content/marionette/server.sys.mjs:263:9\n_onJSONObjectReady/<@chrome://remote/content/marionette/transport.sys.mjs:494:20\n","nativeSavedFrame":{}},"formattedStack":"observe@resource://gre/modules/AsyncShutdown.sys.mjs:570:17\nquit@chrome://remote/content/shared/Browser.sys.mjs:94:22\nGeckoDriver.prototype.quit@chrome://remote/content/marionette/driver.sys.mjs:3463:42\ndispatch@chrome://remote/content/marionette/server.sys.mjs:318:40\nexecute@chrome://remote/content/marionette/server.sys.mjs:289:16\nonPacket/<@chrome://remote/content/marionette/server.sys.mjs:262:20\nonPacket@chrome://remote/content/marionette/server.sys.mjs:263:9\n_onJSONObjectReady/<@chrome://remote/content/marionette/transport.sys.mjs:494:20\n","nativeSavedFrame":{}},"formattedStack":"downloadAsBytes@resource://services-settings/Attachments.sys.mjs:537:35\nobserve@resource://gre/modules/AsyncShutdown.sys.mjs:570:17\nquit@chrome://remote/content/shared/Browser.sys.mjs:94:22\nGeckoDriver.prototype.quit@chrome://remote/content/marionette/driver.sys.mjs:3463:42\ndispatch@chrome://remote/content/marionette/server.sys.mjs:318:40\nexecute@chrome://remote/content/marionette/server.sys.mjs:289:16\nonPacket/<@chrome://remote/content/marionette/server.sys.mjs:262:20\nonPacket@chrome://remote/content/marionette/server.sys.mjs:263:9\n_onJSONObjectReady/<@chrome://remote/content/marionette/transport.sys.mjs:494:20\n","nativeSavedFrame":{}},"formattedStack":"_fetchAttachment@resource://services-settings/Attachments.sys.mjs:560:35\ndownloadAsBytes@resource://services-settings/Attachments.sys.mjs:537:35\nobserve@resource://gre/modules/AsyncShutdown.sys.mjs:570:17\nquit@chrome://remote/content/shared/Browser.sys.mjs:94:22\nGeckoDriver.prototype.quit@chrome://remote/content/marionette/driver.sys.mjs:3463:42\ndispatch@chrome://remote/content/marionette/server.sys.mjs:318:40\nexecute@chrome://remote/content/marionette/server.sys.mjs:289:16\nonPacket/<@chrome://remote/content/marionette/server.sys.mjs:262:20\nonPacket@chrome://remote/content/marionette/server.sys.mjs:263:9\n_onJSONObjectReady/<@chrome://remote/content/marionette/transport.sys.mjs:494:20\n","nativeSavedFrame":{}},"formattedStack":"fetch@resource://services-settings/Utils.sys.mjs:224:12\n_fetchAttachment@resource://services-settings/Attachments.sys.mjs:560:35\ndownloadAsBytes@resource://services-settings/Attachments.sys.mjs:537:35\nobserve@resource://gre/modules/AsyncShutdown.sys.mjs:570:17\nquit@chrome://remote/content/shared/Browser.sys.mjs:94:22\nGeckoDriver.prototype.quit@chrome://remote/content/marionette/driver.sys.mjs:3463:42\ndispatch@chrome://remote/content/marionette/server.sys.mjs:318:40\nexecute@chrome://remote/content/marionette/server.sys.mjs:289:16\nonPacket/<@chrome://remote/content/marionette/server.sys.mjs:262:20\nonPacket@chrome://remote/content/marionette/server.sys.mjs:263:9\n_onJSONObjectReady/<@chrome://remote/content/marionette/transport.sys.mjs:494:20\n","nativeSavedFrame":{}},"formattedStack":"fetch/<@resource://services-settings/Utils.sys.mjs:273:15\nfetch@resource://services-settings/Utils.sys.mjs:224:12\n_fetchAttachment@resource://services-settings/Attachments.sys.mjs:560:35\ndownloadAsBytes@resource://services-settings/Attachments.sys.mjs:537:35\nobserve@resource://gre/modules/AsyncShutdown.sys.mjs:570:17\nquit@chrome://remote/content/shared/Browser.sys.mjs:94:22\nGeckoDriver.prototype.quit@chrome://remote/content/marionette/driver.sys.mjs:3463:42\ndispatch@chrome://remote/content/marionette/server.sys.mjs:318:40\nexecute@chrome://remote/content/marionette/server.sys.mjs:289:16\nonPacket/<@chrome://remote/content/marionette/server.sys.mjs:262:20\nonPacket@chrome://remote/content/marionette/server.sys.mjs:263:9\n_onJSONObjectReady/<@chrome://remote/content/marionette/transport.sys.mjs:494:20\n","nativeSavedFrame":{}},"formattedStack":"open@resource://gre/modules/ServiceRequest.sys.mjs:126:11\nfetch/<@resource://services-settings/Utils.sys.mjs:273:15\nfetch@resource://services-settings/Utils.sys.mjs:224:12\n_fetchAttachment@resource://services-settings/Attachments.sys.mjs:560:35\ndownloadAsBytes@resource://services-settings/Attachments.sys.mjs:537:35\nobserve@resource://gre/modules/AsyncShutdown.sys.mjs:570:17\nquit@chrome://remote/content/shared/Browser.sys.mjs:94:22\nGeckoDriver.prototype.quit@chrome://remote/content/marionette/driver.sys.mjs:3463:42\ndispatch@chrome://remote/content/marionette/server.sys.mjs:318:40\nexecute@chrome://remote/content/marionette/server.sys.mjs:289:16\nonPacket/<@chrome://remote/content/marionette/server.sys.mjs:262:20\nonPacket@chrome://remote/content/marionette/server.sys.mjs:263:9\n_onJSONObjectReady/<@chrome://remote/content/marionette/transport.sys.mjs:494:20\n","nativeSavedFrame":{}}
2026-06-19 01:38:44,427 - MainProcess[log-interceptor-1106949591]- selenium_firefox     - DEBUG   : BROWSER 1106949591: driver: - message =
2026-06-19 01:38:44,427 - MainProcess[log-interceptor-1106949591]- selenium_firefox     - DEBUG   : BROWSER 1106949591: driver: - name =
2026-06-19 01:38:44,428 - MainProcess[log-interceptor-1106949591]- selenium_firefox     - DEBUG   : BROWSER 1106949591: driver: - result = 2152071198
2026-06-19 01:38:44,428 - MainProcess[log-interceptor-1106949591]- selenium_firefox     - DEBUG   : BROWSER 1106949591: driver: - stack = open@resource://gre/modules/ServiceRequest.sys.mjs:126:11|fetch/<@resource://services-settings/Utils.sys.mjs:273:15|fetch@resource://services-settings/Utils.sys.mjs:224:12|_fetchAttachment@resource://services-settings/Attachments.sys.mjs:560:35|downloadAsBytes@resource://services-settings/Attachments.sys.mjs:537:35|observe@resource://gre/modules/AsyncShutdown.sys.mjs:570:17|quit@chrome://remote/content/shared/Browser.sys.mjs:94:22|GeckoDriver.prototype.quit@chrome://remote/content/marionette/driver.sys.mjs:3463:42|dispatch@chrome://remote/content/marionette/server.sys.mjs:318:40|execute@chrome://remote/content/marionette/server.sys.mjs:289:16|onPacket/<@chrome://remote/content/marionette/server.sys.mjs:262:20|onPacket@chrome://remote/content/marionette/server.sys.mjs:263:9|_onJSONObjectReady/<@chrome://remote/content/marionette/transport.sys.mjs:494:20|
2026-06-19 01:38:44,428 - MainProcess[log-interceptor-1106949591]- selenium_firefox     - DEBUG   : BROWSER 1106949591: driver: - prototype Object
2026-06-19 01:38:44,429 - MainProcess[log-interceptor-1106949591]- selenium_firefox     - DEBUG   : BROWSER 1106949591: driver: console.error: RemoteSecuritySettings:
2026-06-19 01:38:44,429 - MainProcess[log-interceptor-1106949591]- selenium_firefox     - DEBUG   : BROWSER 1106949591: driver: failed to download CRLite filter
2026-06-19 01:38:44,429 - MainProcess[log-interceptor-1106949591]- selenium_firefox     - DEBUG   : BROWSER 1106949591: driver: Object
2026-06-19 01:38:44,429 - MainProcess[log-interceptor-1106949591]- selenium_firefox     - DEBUG   : BROWSER 1106949591: driver: - prototype Object
2026-06-19 01:38:44,430 - MainProcess[log-interceptor-1106949591]- selenium_firefox     - DEBUG   : BROWSER 1106949591: driver: - columnNumber = 11
2026-06-19 01:38:44,430 - MainProcess[log-interceptor-1106949591]- selenium_firefox     - DEBUG   : BROWSER 1106949591: driver: - data = null
2026-06-19 01:38:44,430 - MainProcess[log-interceptor-1106949591]- selenium_firefox     - DEBUG   : BROWSER 1106949591: driver: - filename = resource://gre/modules/ServiceRequest.sys.mjs
2026-06-19 01:38:44,431 - MainProcess[log-interceptor-1106949591]- selenium_firefox     - DEBUG   : BROWSER 1106949591: driver: - lineNumber = 126
2026-06-19 01:38:44,431 - MainProcess[log-interceptor-1106949591]- selenium_firefox     - DEBUG   : BROWSER 1106949591: driver: - location = {"name":"open","filename":"resource://gre/modules/ServiceRequest.sys.mjs","sourceId":25,"lineNumber":126,"columnNumber":11,"asyncCause":null,"asyncCaller":null,"caller":{"filename":"resource://services-settings/Utils.sys.mjs","name":"fetch/<","sourceId":24,"lineNumber":273,"columnNumber":15,"asyncCause":null,"asyncCaller":null,"caller":{"filename":"resource://services-settings/Utils.sys.mjs","name":"fetch","sourceId":24,"lineNumber":224,"columnNumber":12,"asyncCause":null,"asyncCaller":null,"caller":{"filename":"resource://services-settings/Attachments.sys.mjs","name":"_fetchAttachment","sourceId":23,"lineNumber":560,"columnNumber":35,"asyncCause":null,"asyncCaller":null,"caller":{"filename":"resource://services-settings/Attachments.sys.mjs","name":"downloadAsBytes","sourceId":23,"lineNumber":537,"columnNumber":35,"asyncCause":null,"asyncCaller":null,"caller":{"filename":"resource://gre/modules/AsyncShutdown.sys.mjs","name":"observe","sourceId":15,"lineNumber":570,"columnNumber":17,"asyncCause":null,"asyncCaller":null,"caller":{"filename":"chrome://remote/content/shared/Browser.sys.mjs","name":"quit","sourceId":733,"lineNumber":94,"columnNumber":22,"asyncCause":null,"asyncCaller":null,"caller":{"filename":"chrome://remote/content/marionette/driver.sys.mjs","name":"GeckoDriver.prototype.quit","sourceId":209,"lineNumber":3463,"columnNumber":42,"asyncCause":null,"asyncCaller":null,"caller":{"filename":"chrome://remote/content/marionette/server.sys.mjs","name":"dispatch","sourceId":97,"lineNumber":318,"columnNumber":40,"asyncCause":null,"asyncCaller":null,"caller":{"filename":"chrome://remote/content/marionette/server.sys.mjs","name":"execute","sourceId":97,"lineNumber":289,"columnNumber":16,"asyncCause":null,"asyncCaller":null,"caller":{"filename":"chrome://remote/content/marionette/server.sys.mjs","name":"onPacket/<","sourceId":97,"lineNumber":262,"columnNumber":20,"asyncCause":null,"asyncCaller":null,"caller":{"filename":"chrome://remote/content/marionette/server.sys.mjs","name":"onPacket","sourceId":97,"lineNumber":263,"columnNumber":9,"asyncCause":null,"asyncCaller":null,"caller":{"filename":"chrome://remote/content/marionette/transport.sys.mjs","name":"_onJSONObjectReady/<","sourceId":208,"lineNumber":494,"columnNumber":20,"asyncCause":null,"asyncCaller":null,"caller":null,"formattedStack":"_onJSONObjectReady/<@chrome://remote/content/marionette/transport.sys.mjs:494:20\n","nativeSavedFrame":{}},"formattedStack":"onPacket@chrome://remote/content/marionette/server.sys.mjs:263:9\n_onJSONObjectReady/<@chrome://remote/content/marionette/transport.sys.mjs:494:20\n","nativeSavedFrame":{}},"formattedStack":"onPacket/<@chrome://remote/content/marionette/server.sys.mjs:262:20\nonPacket@chrome://remote/content/marionette/server.sys.mjs:263:9\n_onJSONObjectReady/<@chrome://remote/content/marionette/transport.sys.mjs:494:20\n","nativeSavedFrame":{}},"formattedStack":"execute@chrome://remote/content/marionette/server.sys.mjs:289:16\nonPacket/<@chrome://remote/content/marionette/server.sys.mjs:262:20\nonPacket@chrome://remote/content/marionette/server.sys.mjs:263:9\n_onJSONObjectReady/<@chrome://remote/content/marionette/transport.sys.mjs:494:20\n","nativeSavedFrame":{}},"formattedStack":"dispatch@chrome://remote/content/marionette/server.sys.mjs:318:40\nexecute@chrome://remote/content/marionette/server.sys.mjs:289:16\nonPacket/<@chrome://remote/content/marionette/server.sys.mjs:262:20\nonPacket@chrome://remote/content/marionette/server.sys.mjs:263:9\n_onJSONObjectReady/<@chrome://remote/content/marionette/transport.sys.mjs:494:20\n","nativeSavedFrame":{}},"formattedStack":"GeckoDriver.prototype.quit@chrome://remote/content/marionette/driver.sys.mjs:3463:42\ndispatch@chrome://remote/content/marionette/server.sys.mjs:318:40\nexecute@chrome://remote/content/marionette/server.sys.mjs:289:16\nonPacket/<@chrome://remote/content/marionette/server.sys.mjs:262:20\nonPacket@chrome://remote/content/marionette/server.sys.mjs:263:9\n_onJSONObjectReady/<@chrome://remote/content/marionette/transport.sys.mjs:494:20\n","nativeSavedFrame":{}},"formattedStack":"quit@chrome://remote/content/shared/Browser.sys.mjs:94:22\nGeckoDriver.prototype.quit@chrome://remote/content/marionette/driver.sys.mjs:3463:42\ndispatch@chrome://remote/content/marionette/server.sys.mjs:318:40\nexecute@chrome://remote/content/marionette/server.sys.mjs:289:16\nonPacket/<@chrome://remote/content/marionette/server.sys.mjs:262:20\nonPacket@chrome://remote/content/marionette/server.sys.mjs:263:9\n_onJSONObjectReady/<@chrome://remote/content/marionette/transport.sys.mjs:494:20\n","nativeSavedFrame":{}},"formattedStack":"observe@resource://gre/modules/AsyncShutdown.sys.mjs:570:17\nquit@chrome://remote/content/shared/Browser.sys.mjs:94:22\nGeckoDriver.prototype.quit@chrome://remote/content/marionette/driver.sys.mjs:3463:42\ndispatch@chrome://remote/content/marionette/server.sys.mjs:318:40\nexecute@chrome://remote/content/marionette/server.sys.mjs:289:16\nonPacket/<@chrome://remote/content/marionette/server.sys.mjs:262:20\nonPacket@chrome://remote/content/marionette/server.sys.mjs:263:9\n_onJSONObjectReady/<@chrome://remote/content/marionette/transport.sys.mjs:494:20\n","nativeSavedFrame":{}},"formattedStack":"downloadAsBytes@resource://services-settings/Attachments.sys.mjs:537:35\nobserve@resource://gre/modules/AsyncShutdown.sys.mjs:570:17\nquit@chrome://remote/content/shared/Browser.sys.mjs:94:22\nGeckoDriver.prototype.quit@chrome://remote/content/marionette/driver.sys.mjs:3463:42\ndispatch@chrome://remote/content/marionette/server.sys.mjs:318:40\nexecute@chrome://remote/content/marionette/server.sys.mjs:289:16\nonPacket/<@chrome://remote/content/marionette/server.sys.mjs:262:20\nonPacket@chrome://remote/content/marionette/server.sys.mjs:263:9\n_onJSONObjectReady/<@chrome://remote/content/marionette/transport.sys.mjs:494:20\n","nativeSavedFrame":{}},"formattedStack":"_fetchAttachment@resource://services-settings/Attachments.sys.mjs:560:35\ndownloadAsBytes@resource://services-settings/Attachments.sys.mjs:537:35\nobserve@resource://gre/modules/AsyncShutdown.sys.mjs:570:17\nquit@chrome://remote/content/shared/Browser.sys.mjs:94:22\nGeckoDriver.prototype.quit@chrome://remote/content/marionette/driver.sys.mjs:3463:42\ndispatch@chrome://remote/content/marionette/server.sys.mjs:318:40\nexecute@chrome://remote/content/marionette/server.sys.mjs:289:16\nonPacket/<@chrome://remote/content/marionette/server.sys.mjs:262:20\nonPacket@chrome://remote/content/marionette/server.sys.mjs:263:9\n_onJSONObjectReady/<@chrome://remote/content/marionette/transport.sys.mjs:494:20\n","nativeSavedFrame":{}},"formattedStack":"fetch@resource://services-settings/Utils.sys.mjs:224:12\n_fetchAttachment@resource://services-settings/Attachments.sys.mjs:560:35\ndownloadAsBytes@resource://services-settings/Attachments.sys.mjs:537:35\nobserve@resource://gre/modules/AsyncShutdown.sys.mjs:570:17\nquit@chrome://remote/content/shared/Browser.sys.mjs:94:22\nGeckoDriver.prototype.quit@chrome://remote/content/marionette/driver.sys.mjs:3463:42\ndispatch@chrome://remote/content/marionette/server.sys.mjs:318:40\nexecute@chrome://remote/content/marionette/server.sys.mjs:289:16\nonPacket/<@chrome://remote/content/marionette/server.sys.mjs:262:20\nonPacket@chrome://remote/content/marionette/server.sys.mjs:263:9\n_onJSONObjectReady/<@chrome://remote/content/marionette/transport.sys.mjs:494:20\n","nativeSavedFrame":{}},"formattedStack":"fetch/<@resource://services-settings/Utils.sys.mjs:273:15\nfetch@resource://services-settings/Utils.sys.mjs:224:12\n_fetchAttachment@resource://services-settings/Attachments.sys.mjs:560:35\ndownloadAsBytes@resource://services-settings/Attachments.sys.mjs:537:35\nobserve@resource://gre/modules/AsyncShutdown.sys.mjs:570:17\nquit@chrome://remote/content/shared/Browser.sys.mjs:94:22\nGeckoDriver.prototype.quit@chrome://remote/content/marionette/driver.sys.mjs:3463:42\ndispatch@chrome://remote/content/marionette/server.sys.mjs:318:40\nexecute@chrome://remote/content/marionette/server.sys.mjs:289:16\nonPacket/<@chrome://remote/content/marionette/server.sys.mjs:262:20\nonPacket@chrome://remote/content/marionette/server.sys.mjs:263:9\n_onJSONObjectReady/<@chrome://remote/content/marionette/transport.sys.mjs:494:20\n","nativeSavedFrame":{}},"formattedStack":"open@resource://gre/modules/ServiceRequest.sys.mjs:126:11\nfetch/<@resource://services-settings/Utils.sys.mjs:273:15\nfetch@resource://services-settings/Utils.sys.mjs:224:12\n_fetchAttachment@resource://services-settings/Attachments.sys.mjs:560:35\ndownloadAsBytes@resource://services-settings/Attachments.sys.mjs:537:35\nobserve@resource://gre/modules/AsyncShutdown.sys.mjs:570:17\nquit@chrome://remote/content/shared/Browser.sys.mjs:94:22\nGeckoDriver.prototype.quit@chrome://remote/content/marionette/driver.sys.mjs:3463:42\ndispatch@chrome://remote/content/marionette/server.sys.mjs:318:40\nexecute@chrome://remote/content/marionette/server.sys.mjs:289:16\nonPacket/<@chrome://remote/content/marionette/server.sys.mjs:262:20\nonPacket@chrome://remote/content/marionette/server.sys.mjs:263:9\n_onJSONObjectReady/<@chrome://remote/content/marionette/transport.sys.mjs:494:20\n","nativeSavedFrame":{}}
2026-06-19 01:38:44,431 - MainProcess[log-interceptor-1106949591]- selenium_firefox     - DEBUG   : BROWSER 1106949591: driver: - message =
2026-06-19 01:38:44,431 - MainProcess[log-interceptor-1106949591]- selenium_firefox     - DEBUG   : BROWSER 1106949591: driver: - name =
2026-06-19 01:38:44,432 - MainProcess[log-interceptor-1106949591]- selenium_firefox     - DEBUG   : BROWSER 1106949591: driver: - result = 2152071198
2026-06-19 01:38:44,432 - MainProcess[log-interceptor-1106949591]- selenium_firefox     - DEBUG   : BROWSER 1106949591: driver: - stack = open@resource://gre/modules/ServiceRequest.sys.mjs:126:11|fetch/<@resource://services-settings/Utils.sys.mjs:273:15|fetch@resource://services-settings/Utils.sys.mjs:224:12|_fetchAttachment@resource://services-settings/Attachments.sys.mjs:560:35|downloadAsBytes@resource://services-settings/Attachments.sys.mjs:537:35|observe@resource://gre/modules/AsyncShutdown.sys.mjs:570:17|quit@chrome://remote/content/shared/Browser.sys.mjs:94:22|GeckoDriver.prototype.quit@chrome://remote/content/marionette/driver.sys.mjs:3463:42|dispatch@chrome://remote/content/marionette/server.sys.mjs:318:40|execute@chrome://remote/content/marionette/server.sys.mjs:289:16|onPacket/<@chrome://remote/content/marionette/server.sys.mjs:262:20|onPacket@chrome://remote/content/marionette/server.sys.mjs:263:9|_onJSONObjectReady/<@chrome://remote/content/marionette/transport.sys.mjs:494:20|
2026-06-19 01:38:44,432 - MainProcess[log-interceptor-1106949591]- selenium_firefox     - DEBUG   : BROWSER 1106949591: driver: - prototype Object
2026-06-19 01:38:44,433 - MainProcess[log-interceptor-1106949591]- selenium_firefox     - DEBUG   : BROWSER 1106949591: driver: console.error: RemoteSecuritySettings:
2026-06-19 01:38:44,433 - MainProcess[log-interceptor-1106949591]- selenium_firefox     - DEBUG   : BROWSER 1106949591: driver: failed to download CRLite filter
2026-06-19 01:38:44,433 - MainProcess[log-interceptor-1106949591]- selenium_firefox     - DEBUG   : BROWSER 1106949591: driver: Object
2026-06-19 01:38:44,434 - MainProcess[log-interceptor-1106949591]- selenium_firefox     - DEBUG   : BROWSER 1106949591: driver: - prototype Object
2026-06-19 01:38:44,434 - MainProcess[log-interceptor-1106949591]- selenium_firefox     - DEBUG   : BROWSER 1106949591: driver: - columnNumber = 11
2026-06-19 01:38:44,434 - MainProcess[log-interceptor-1106949591]- selenium_firefox     - DEBUG   : BROWSER 1106949591: driver: - data = null
2026-06-19 01:38:44,435 - MainProcess[log-interceptor-1106949591]- selenium_firefox     - DEBUG   : BROWSER 1106949591: driver: - filename = resource://gre/modules/ServiceRequest.sys.mjs
2026-06-19 01:38:44,435 - MainProcess[log-interceptor-1106949591]- selenium_firefox     - DEBUG   : BROWSER 1106949591: driver: - lineNumber = 126
2026-06-19 01:38:44,435 - MainProcess[log-interceptor-1106949591]- selenium_firefox     - DEBUG   : BROWSER 1106949591: driver: - location = {"name":"open","filename":"resource://gre/modules/ServiceRequest.sys.mjs","sourceId":25,"lineNumber":126,"columnNumber":11,"asyncCause":null,"asyncCaller":null,"caller":{"filename":"resource://services-settings/Utils.sys.mjs","name":"fetch/<","sourceId":24,"lineNumber":273,"columnNumber":15,"asyncCause":null,"asyncCaller":null,"caller":{"filename":"resource://services-settings/Utils.sys.mjs","name":"fetch","sourceId":24,"lineNumber":224,"columnNumber":12,"asyncCause":null,"asyncCaller":null,"caller":{"filename":"resource://services-settings/Attachments.sys.mjs","name":"_fetchAttachment","sourceId":23,"lineNumber":560,"columnNumber":35,"asyncCause":null,"asyncCaller":null,"caller":{"filename":"resource://services-settings/Attachments.sys.mjs","name":"downloadAsBytes","sourceId":23,"lineNumber":537,"columnNumber":35,"asyncCause":null,"asyncCaller":null,"caller":{"filename":"resource://gre/modules/AsyncShutdown.sys.mjs","name":"observe","sourceId":15,"lineNumber":570,"columnNumber":17,"asyncCause":null,"asyncCaller":null,"caller":{"filename":"chrome://remote/content/shared/Browser.sys.mjs","name":"quit","sourceId":733,"lineNumber":94,"columnNumber":22,"asyncCause":null,"asyncCaller":null,"caller":{"filename":"chrome://remote/content/marionette/driver.sys.mjs","name":"GeckoDriver.prototype.quit","sourceId":209,"lineNumber":3463,"columnNumber":42,"asyncCause":null,"asyncCaller":null,"caller":{"filename":"chrome://remote/content/marionette/server.sys.mjs","name":"dispatch","sourceId":97,"lineNumber":318,"columnNumber":40,"asyncCause":null,"asyncCaller":null,"caller":{"filename":"chrome://remote/content/marionette/server.sys.mjs","name":"execute","sourceId":97,"lineNumber":289,"columnNumber":16,"asyncCause":null,"asyncCaller":null,"caller":{"filename":"chrome://remote/content/marionette/server.sys.mjs","name":"onPacket/<","sourceId":97,"lineNumber":262,"columnNumber":20,"asyncCause":null,"asyncCaller":null,"caller":{"filename":"chrome://remote/content/marionette/server.sys.mjs","name":"onPacket","sourceId":97,"lineNumber":263,"columnNumber":9,"asyncCause":null,"asyncCaller":null,"caller":{"filename":"chrome://remote/content/marionette/transport.sys.mjs","name":"_onJSONObjectReady/<","sourceId":208,"lineNumber":494,"columnNumber":20,"asyncCause":null,"asyncCaller":null,"caller":null,"formattedStack":"_onJSONObjectReady/<@chrome://remote/content/marionette/transport.sys.mjs:494:20\n","nativeSavedFrame":{}},"formattedStack":"onPacket@chrome://remote/content/marionette/server.sys.mjs:263:9\n_onJSONObjectReady/<@chrome://remote/content/marionette/transport.sys.mjs:494:20\n","nativeSavedFrame":{}},"formattedStack":"onPacket/<@chrome://remote/content/marionette/server.sys.mjs:262:20\nonPacket@chrome://remote/content/marionette/server.sys.mjs:263:9\n_onJSONObjectReady/<@chrome://remote/content/marionette/transport.sys.mjs:494:20\n","nativeSavedFrame":{}},"formattedStack":"execute@chrome://remote/content/marionette/server.sys.mjs:289:16\nonPacket/<@chrome://remote/content/marionette/server.sys.mjs:262:20\nonPacket@chrome://remote/content/marionette/server.sys.mjs:263:9\n_onJSONObjectReady/<@chrome://remote/content/marionette/transport.sys.mjs:494:20\n","nativeSavedFrame":{}},"formattedStack":"dispatch@chrome://remote/content/marionette/server.sys.mjs:318:40\nexecute@chrome://remote/content/marionette/server.sys.mjs:289:16\nonPacket/<@chrome://remote/content/marionette/server.sys.mjs:262:20\nonPacket@chrome://remote/content/marionette/server.sys.mjs:263:9\n_onJSONObjectReady/<@chrome://remote/content/marionette/transport.sys.mjs:494:20\n","nativeSavedFrame":{}},"formattedStack":"GeckoDriver.prototype.quit@chrome://remote/content/marionette/driver.sys.mjs:3463:42\ndispatch@chrome://remote/content/marionette/server.sys.mjs:318:40\nexecute@chrome://remote/content/marionette/server.sys.mjs:289:16\nonPacket/<@chrome://remote/content/marionette/server.sys.mjs:262:20\nonPacket@chrome://remote/content/marionette/server.sys.mjs:263:9\n_onJSONObjectReady/<@chrome://remote/content/marionette/transport.sys.mjs:494:20\n","nativeSavedFrame":{}},"formattedStack":"quit@chrome://remote/content/shared/Browser.sys.mjs:94:22\nGeckoDriver.prototype.quit@chrome://remote/content/marionette/driver.sys.mjs:3463:42\ndispatch@chrome://remote/content/marionette/server.sys.mjs:318:40\nexecute@chrome://remote/content/marionette/server.sys.mjs:289:16\nonPacket/<@chrome://remote/content/marionette/server.sys.mjs:262:20\nonPacket@chrome://remote/content/marionette/server.sys.mjs:263:9\n_onJSONObjectReady/<@chrome://remote/content/marionette/transport.sys.mjs:494:20\n","nativeSavedFrame":{}},"formattedStack":"observe@resource://gre/modules/AsyncShutdown.sys.mjs:570:17\nquit@chrome://remote/content/shared/Browser.sys.mjs:94:22\nGeckoDriver.prototype.quit@chrome://remote/content/marionette/driver.sys.mjs:3463:42\ndispatch@chrome://remote/content/marionette/server.sys.mjs:318:40\nexecute@chrome://remote/content/marionette/server.sys.mjs:289:16\nonPacket/<@chrome://remote/content/marionette/server.sys.mjs:262:20\nonPacket@chrome://remote/content/marionette/server.sys.mjs:263:9\n_onJSONObjectReady/<@chrome://remote/content/marionette/transport.sys.mjs:494:20\n","nativeSavedFrame":{}},"formattedStack":"downloadAsBytes@resource://services-settings/Attachments.sys.mjs:537:35\nobserve@resource://gre/modules/AsyncShutdown.sys.mjs:570:17\nquit@chrome://remote/content/shared/Browser.sys.mjs:94:22\nGeckoDriver.prototype.quit@chrome://remote/content/marionette/driver.sys.mjs:3463:42\ndispatch@chrome://remote/content/marionette/server.sys.mjs:318:40\nexecute@chrome://remote/content/marionette/server.sys.mjs:289:16\nonPacket/<@chrome://remote/content/marionette/server.sys.mjs:262:20\nonPacket@chrome://remote/content/marionette/server.sys.mjs:263:9\n_onJSONObjectReady/<@chrome://remote/content/marionette/transport.sys.mjs:494:20\n","nativeSavedFrame":{}},"formattedStack":"_fetchAttachment@resource://services-settings/Attachments.sys.mjs:560:35\ndownloadAsBytes@resource://services-settings/Attachments.sys.mjs:537:35\nobserve@resource://gre/modules/AsyncShutdown.sys.mjs:570:17\nquit@chrome://remote/content/shared/Browser.sys.mjs:94:22\nGeckoDriver.prototype.quit@chrome://remote/content/marionette/driver.sys.mjs:3463:42\ndispatch@chrome://remote/content/marionette/server.sys.mjs:318:40\nexecute@chrome://remote/content/marionette/server.sys.mjs:289:16\nonPacket/<@chrome://remote/content/marionette/server.sys.mjs:262:20\nonPacket@chrome://remote/content/marionette/server.sys.mjs:263:9\n_onJSONObjectReady/<@chrome://remote/content/marionette/transport.sys.mjs:494:20\n","nativeSavedFrame":{}},"formattedStack":"fetch@resource://services-settings/Utils.sys.mjs:224:12\n_fetchAttachment@resource://services-settings/Attachments.sys.mjs:560:35\ndownloadAsBytes@resource://services-settings/Attachments.sys.mjs:537:35\nobserve@resource://gre/modules/AsyncShutdown.sys.mjs:570:17\nquit@chrome://remote/content/shared/Browser.sys.mjs:94:22\nGeckoDriver.prototype.quit@chrome://remote/content/marionette/driver.sys.mjs:3463:42\ndispatch@chrome://remote/content/marionette/server.sys.mjs:318:40\nexecute@chrome://remote/content/marionette/server.sys.mjs:289:16\nonPacket/<@chrome://remote/content/marionette/server.sys.mjs:262:20\nonPacket@chrome://remote/content/marionette/server.sys.mjs:263:9\n_onJSONObjectReady/<@chrome://remote/content/marionette/transport.sys.mjs:494:20\n","nativeSavedFrame":{}},"formattedStack":"fetch/<@resource://services-settings/Utils.sys.mjs:273:15\nfetch@resource://services-settings/Utils.sys.mjs:224:12\n_fetchAttachment@resource://services-settings/Attachments.sys.mjs:560:35\ndownloadAsBytes@resource://services-settings/Attachments.sys.mjs:537:35\nobserve@resource://gre/modules/AsyncShutdown.sys.mjs:570:17\nquit@chrome://remote/content/shared/Browser.sys.mjs:94:22\nGeckoDriver.prototype.quit@chrome://remote/content/marionette/driver.sys.mjs:3463:42\ndispatch@chrome://remote/content/marionette/server.sys.mjs:318:40\nexecute@chrome://remote/content/marionette/server.sys.mjs:289:16\nonPacket/<@chrome://remote/content/marionette/server.sys.mjs:262:20\nonPacket@chrome://remote/content/marionette/server.sys.mjs:263:9\n_onJSONObjectReady/<@chrome://remote/content/marionette/transport.sys.mjs:494:20\n","nativeSavedFrame":{}},"formattedStack":"open@resource://gre/modules/ServiceRequest.sys.mjs:126:11\nfetch/<@resource://services-settings/Utils.sys.mjs:273:15\nfetch@resource://services-settings/Utils.sys.mjs:224:12\n_fetchAttachment@resource://services-settings/Attachments.sys.mjs:560:35\ndownloadAsBytes@resource://services-settings/Attachments.sys.mjs:537:35\nobserve@resource://gre/modules/AsyncShutdown.sys.mjs:570:17\nquit@chrome://remote/content/shared/Browser.sys.mjs:94:22\nGeckoDriver.prototype.quit@chrome://remote/content/marionette/driver.sys.mjs:3463:42\ndispatch@chrome://remote/content/marionette/server.sys.mjs:318:40\nexecute@chrome://remote/content/marionette/server.sys.mjs:289:16\nonPacket/<@chrome://remote/content/marionette/server.sys.mjs:262:20\nonPacket@chrome://remote/content/marionette/server.sys.mjs:263:9\n_onJSONObjectReady/<@chrome://remote/content/marionette/transport.sys.mjs:494:20\n","nativeSavedFrame":{}}
2026-06-19 01:38:44,436 - MainProcess[log-interceptor-1106949591]- selenium_firefox     - DEBUG   : BROWSER 1106949591: driver: - message =
2026-06-19 01:38:44,436 - MainProcess[log-interceptor-1106949591]- selenium_firefox     - DEBUG   : BROWSER 1106949591: driver: - name =
2026-06-19 01:38:44,436 - MainProcess[log-interceptor-1106949591]- selenium_firefox     - DEBUG   : BROWSER 1106949591: driver: - result = 2152071198
2026-06-19 01:38:44,437 - MainProcess[log-interceptor-1106949591]- selenium_firefox     - DEBUG   : BROWSER 1106949591: driver: - stack = open@resource://gre/modules/ServiceRequest.sys.mjs:126:11|fetch/<@resource://services-settings/Utils.sys.mjs:273:15|fetch@resource://services-settings/Utils.sys.mjs:224:12|_fetchAttachment@resource://services-settings/Attachments.sys.mjs:560:35|downloadAsBytes@resource://services-settings/Attachments.sys.mjs:537:35|observe@resource://gre/modules/AsyncShutdown.sys.mjs:570:17|quit@chrome://remote/content/shared/Browser.sys.mjs:94:22|GeckoDriver.prototype.quit@chrome://remote/content/marionette/driver.sys.mjs:3463:42|dispatch@chrome://remote/content/marionette/server.sys.mjs:318:40|execute@chrome://remote/content/marionette/server.sys.mjs:289:16|onPacket/<@chrome://remote/content/marionette/server.sys.mjs:262:20|onPacket@chrome://remote/content/marionette/server.sys.mjs:263:9|_onJSONObjectReady/<@chrome://remote/content/marionette/transport.sys.mjs:494:20|
2026-06-19 01:38:44,437 - MainProcess[log-interceptor-1106949591]- selenium_firefox     - DEBUG   : BROWSER 1106949591: driver: - prototype Object
2026-06-19 01:38:44,437 - MainProcess[log-interceptor-1106949591]- selenium_firefox     - DEBUG   : BROWSER 1106949591: driver: console.error: RemoteSecuritySettings:
2026-06-19 01:38:44,438 - MainProcess[log-interceptor-1106949591]- selenium_firefox     - DEBUG   : BROWSER 1106949591: driver: failed to download CRLite filter
2026-06-19 01:38:44,438 - MainProcess[log-interceptor-1106949591]- selenium_firefox     - DEBUG   : BROWSER 1106949591: driver: Object
2026-06-19 01:38:44,438 - MainProcess[log-interceptor-1106949591]- selenium_firefox     - DEBUG   : BROWSER 1106949591: driver: - prototype Object
2026-06-19 01:38:44,439 - MainProcess[log-interceptor-1106949591]- selenium_firefox     - DEBUG   : BROWSER 1106949591: driver: - columnNumber = 11
2026-06-19 01:38:44,439 - MainProcess[log-interceptor-1106949591]- selenium_firefox     - DEBUG   : BROWSER 1106949591: driver: - data = null
2026-06-19 01:38:44,439 - MainProcess[log-interceptor-1106949591]- selenium_firefox     - DEBUG   : BROWSER 1106949591: driver: - filename = resource://gre/modules/ServiceRequest.sys.mjs
2026-06-19 01:38:44,440 - MainProcess[log-interceptor-1106949591]- selenium_firefox     - DEBUG   : BROWSER 1106949591: driver: - lineNumber = 126
2026-06-19 01:38:44,440 - MainProcess[log-interceptor-1106949591]- selenium_firefox     - DEBUG   : BROWSER 1106949591: driver: - location = {"name":"open","filename":"resource://gre/modules/ServiceRequest.sys.mjs","sourceId":25,"lineNumber":126,"columnNumber":11,"asyncCause":null,"asyncCaller":null,"caller":{"filename":"resource://services-settings/Utils.sys.mjs","name":"fetch/<","sourceId":24,"lineNumber":273,"columnNumber":15,"asyncCause":null,"asyncCaller":null,"caller":{"filename":"resource://services-settings/Utils.sys.mjs","name":"fetch","sourceId":24,"lineNumber":224,"columnNumber":12,"asyncCause":null,"asyncCaller":null,"caller":{"filename":"resource://services-settings/Attachments.sys.mjs","name":"_fetchAttachment","sourceId":23,"lineNumber":560,"columnNumber":35,"asyncCause":null,"asyncCaller":null,"caller":{"filename":"resource://services-settings/Attachments.sys.mjs","name":"downloadAsBytes","sourceId":23,"lineNumber":537,"columnNumber":35,"asyncCause":null,"asyncCaller":null,"caller":{"filename":"resource://gre/modules/AsyncShutdown.sys.mjs","name":"observe","sourceId":15,"lineNumber":570,"columnNumber":17,"asyncCause":null,"asyncCaller":null,"caller":{"filename":"chrome://remote/content/shared/Browser.sys.mjs","name":"quit","sourceId":733,"lineNumber":94,"columnNumber":22,"asyncCause":null,"asyncCaller":null,"caller":{"filename":"chrome://remote/content/marionette/driver.sys.mjs","name":"GeckoDriver.prototype.quit","sourceId":209,"lineNumber":3463,"columnNumber":42,"asyncCause":null,"asyncCaller":null,"caller":{"filename":"chrome://remote/content/marionette/server.sys.mjs","name":"dispatch","sourceId":97,"lineNumber":318,"columnNumber":40,"asyncCause":null,"asyncCaller":null,"caller":{"filename":"chrome://remote/content/marionette/server.sys.mjs","name":"execute","sourceId":97,"lineNumber":289,"columnNumber":16,"asyncCause":null,"asyncCaller":null,"caller":{"filename":"chrome://remote/content/marionette/server.sys.mjs","name":"onPacket/<","sourceId":97,"lineNumber":262,"columnNumber":20,"asyncCause":null,"asyncCaller":null,"caller":{"filename":"chrome://remote/content/marionette/server.sys.mjs","name":"onPacket","sourceId":97,"lineNumber":263,"columnNumber":9,"asyncCause":null,"asyncCaller":null,"caller":{"filename":"chrome://remote/content/marionette/transport.sys.mjs","name":"_onJSONObjectReady/<","sourceId":208,"lineNumber":494,"columnNumber":20,"asyncCause":null,"asyncCaller":null,"caller":null,"formattedStack":"_onJSONObjectReady/<@chrome://remote/content/marionette/transport.sys.mjs:494:20\n","nativeSavedFrame":{}},"formattedStack":"onPacket@chrome://remote/content/marionette/server.sys.mjs:263:9\n_onJSONObjectReady/<@chrome://remote/content/marionette/transport.sys.mjs:494:20\n","nativeSavedFrame":{}},"formattedStack":"onPacket/<@chrome://remote/content/marionette/server.sys.mjs:262:20\nonPacket@chrome://remote/content/marionette/server.sys.mjs:263:9\n_onJSONObjectReady/<@chrome://remote/content/marionette/transport.sys.mjs:494:20\n","nativeSavedFrame":{}},"formattedStack":"execute@chrome://remote/content/marionette/server.sys.mjs:289:16\nonPacket/<@chrome://remote/content/marionette/server.sys.mjs:262:20\nonPacket@chrome://remote/content/marionette/server.sys.mjs:263:9\n_onJSONObjectReady/<@chrome://remote/content/marionette/transport.sys.mjs:494:20\n","nativeSavedFrame":{}},"formattedStack":"dispatch@chrome://remote/content/marionette/server.sys.mjs:318:40\nexecute@chrome://remote/content/marionette/server.sys.mjs:289:16\nonPacket/<@chrome://remote/content/marionette/server.sys.mjs:262:20\nonPacket@chrome://remote/content/marionette/server.sys.mjs:263:9\n_onJSONObjectReady/<@chrome://remote/content/marionette/transport.sys.mjs:494:20\n","nativeSavedFrame":{}},"formattedStack":"GeckoDriver.prototype.quit@chrome://remote/content/marionette/driver.sys.mjs:3463:42\ndispatch@chrome://remote/content/marionette/server.sys.mjs:318:40\nexecute@chrome://remote/content/marionette/server.sys.mjs:289:16\nonPacket/<@chrome://remote/content/marionette/server.sys.mjs:262:20\nonPacket@chrome://remote/content/marionette/server.sys.mjs:263:9\n_onJSONObjectReady/<@chrome://remote/content/marionette/transport.sys.mjs:494:20\n","nativeSavedFrame":{}},"formattedStack":"quit@chrome://remote/content/shared/Browser.sys.mjs:94:22\nGeckoDriver.prototype.quit@chrome://remote/content/marionette/driver.sys.mjs:3463:42\ndispatch@chrome://remote/content/marionette/server.sys.mjs:318:40\nexecute@chrome://remote/content/marionette/server.sys.mjs:289:16\nonPacket/<@chrome://remote/content/marionette/server.sys.mjs:262:20\nonPacket@chrome://remote/content/marionette/server.sys.mjs:263:9\n_onJSONObjectReady/<@chrome://remote/content/marionette/transport.sys.mjs:494:20\n","nativeSavedFrame":{}},"formattedStack":"observe@resource://gre/modules/AsyncShutdown.sys.mjs:570:17\nquit@chrome://remote/content/shared/Browser.sys.mjs:94:22\nGeckoDriver.prototype.quit@chrome://remote/content/marionette/driver.sys.mjs:3463:42\ndispatch@chrome://remote/content/marionette/server.sys.mjs:318:40\nexecute@chrome://remote/content/marionette/server.sys.mjs:289:16\nonPacket/<@chrome://remote/content/marionette/server.sys.mjs:262:20\nonPacket@chrome://remote/content/marionette/server.sys.mjs:263:9\n_onJSONObjectReady/<@chrome://remote/content/marionette/transport.sys.mjs:494:20\n","nativeSavedFrame":{}},"formattedStack":"downloadAsBytes@resource://services-settings/Attachments.sys.mjs:537:35\nobserve@resource://gre/modules/AsyncShutdown.sys.mjs:570:17\nquit@chrome://remote/content/shared/Browser.sys.mjs:94:22\nGeckoDriver.prototype.quit@chrome://remote/content/marionette/driver.sys.mjs:3463:42\ndispatch@chrome://remote/content/marionette/server.sys.mjs:318:40\nexecute@chrome://remote/content/marionette/server.sys.mjs:289:16\nonPacket/<@chrome://remote/content/marionette/server.sys.mjs:262:20\nonPacket@chrome://remote/content/marionette/server.sys.mjs:263:9\n_onJSONObjectReady/<@chrome://remote/content/marionette/transport.sys.mjs:494:20\n","nativeSavedFrame":{}},"formattedStack":"_fetchAttachment@resource://services-settings/Attachments.sys.mjs:560:35\ndownloadAsBytes@resource://services-settings/Attachments.sys.mjs:537:35\nobserve@resource://gre/modules/AsyncShutdown.sys.mjs:570:17\nquit@chrome://remote/content/shared/Browser.sys.mjs:94:22\nGeckoDriver.prototype.quit@chrome://remote/content/marionette/driver.sys.mjs:3463:42\ndispatch@chrome://remote/content/marionette/server.sys.mjs:318:40\nexecute@chrome://remote/content/marionette/server.sys.mjs:289:16\nonPacket/<@chrome://remote/content/marionette/server.sys.mjs:262:20\nonPacket@chrome://remote/content/marionette/server.sys.mjs:263:9\n_onJSONObjectReady/<@chrome://remote/content/marionette/transport.sys.mjs:494:20\n","nativeSavedFrame":{}},"formattedStack":"fetch@resource://services-settings/Utils.sys.mjs:224:12\n_fetchAttachment@resource://services-settings/Attachments.sys.mjs:560:35\ndownloadAsBytes@resource://services-settings/Attachments.sys.mjs:537:35\nobserve@resource://gre/modules/AsyncShutdown.sys.mjs:570:17\nquit@chrome://remote/content/shared/Browser.sys.mjs:94:22\nGeckoDriver.prototype.quit@chrome://remote/content/marionette/driver.sys.mjs:3463:42\ndispatch@chrome://remote/content/marionette/server.sys.mjs:318:40\nexecute@chrome://remote/content/marionette/server.sys.mjs:289:16\nonPacket/<@chrome://remote/content/marionette/server.sys.mjs:262:20\nonPacket@chrome://remote/content/marionette/server.sys.mjs:263:9\n_onJSONObjectReady/<@chrome://remote/content/marionette/transport.sys.mjs:494:20\n","nativeSavedFrame":{}},"formattedStack":"fetch/<@resource://services-settings/Utils.sys.mjs:273:15\nfetch@resource://services-settings/Utils.sys.mjs:224:12\n_fetchAttachment@resource://services-settings/Attachments.sys.mjs:560:35\ndownloadAsBytes@resource://services-settings/Attachments.sys.mjs:537:35\nobserve@resource://gre/modules/AsyncShutdown.sys.mjs:570:17\nquit@chrome://remote/content/shared/Browser.sys.mjs:94:22\nGeckoDriver.prototype.quit@chrome://remote/content/marionette/driver.sys.mjs:3463:42\ndispatch@chrome://remote/content/marionette/server.sys.mjs:318:40\nexecute@chrome://remote/content/marionette/server.sys.mjs:289:16\nonPacket/<@chrome://remote/content/marionette/server.sys.mjs:262:20\nonPacket@chrome://remote/content/marionette/server.sys.mjs:263:9\n_onJSONObjectReady/<@chrome://remote/content/marionette/transport.sys.mjs:494:20\n","nativeSavedFrame":{}},"formattedStack":"open@resource://gre/modules/ServiceRequest.sys.mjs:126:11\nfetch/<@resource://services-settings/Utils.sys.mjs:273:15\nfetch@resource://services-settings/Utils.sys.mjs:224:12\n_fetchAttachment@resource://services-settings/Attachments.sys.mjs:560:35\ndownloadAsBytes@resource://services-settings/Attachments.sys.mjs:537:35\nobserve@resource://gre/modules/AsyncShutdown.sys.mjs:570:17\nquit@chrome://remote/content/shared/Browser.sys.mjs:94:22\nGeckoDriver.prototype.quit@chrome://remote/content/marionette/driver.sys.mjs:3463:42\ndispatch@chrome://remote/content/marionette/server.sys.mjs:318:40\nexecute@chrome://remote/content/marionette/server.sys.mjs:289:16\nonPacket/<@chrome://remote/content/marionette/server.sys.mjs:262:20\nonPacket@chrome://remote/content/marionette/server.sys.mjs:263:9\n_onJSONObjectReady/<@chrome://remote/content/marionette/transport.sys.mjs:494:20\n","nativeSavedFrame":{}}
2026-06-19 01:38:44,440 - MainProcess[log-interceptor-1106949591]- selenium_firefox     - DEBUG   : BROWSER 1106949591: driver: - message =
2026-06-19 01:38:44,441 - MainProcess[log-interceptor-1106949591]- selenium_firefox     - DEBUG   : BROWSER 1106949591: driver: - name =
2026-06-19 01:38:44,441 - MainProcess[log-interceptor-1106949591]- selenium_firefox     - DEBUG   : BROWSER 1106949591: driver: - result = 2152071198
2026-06-19 01:38:44,441 - MainProcess[log-interceptor-1106949591]- selenium_firefox     - DEBUG   : BROWSER 1106949591: driver: - stack = open@resource://gre/modules/ServiceRequest.sys.mjs:126:11|fetch/<@resource://services-settings/Utils.sys.mjs:273:15|fetch@resource://services-settings/Utils.sys.mjs:224:12|_fetchAttachment@resource://services-settings/Attachments.sys.mjs:560:35|downloadAsBytes@resource://services-settings/Attachments.sys.mjs:537:35|observe@resource://gre/modules/AsyncShutdown.sys.mjs:570:17|quit@chrome://remote/content/shared/Browser.sys.mjs:94:22|GeckoDriver.prototype.quit@chrome://remote/content/marionette/driver.sys.mjs:3463:42|dispatch@chrome://remote/content/marionette/server.sys.mjs:318:40|execute@chrome://remote/content/marionette/server.sys.mjs:289:16|onPacket/<@chrome://remote/content/marionette/server.sys.mjs:262:20|onPacket@chrome://remote/content/marionette/server.sys.mjs:263:9|_onJSONObjectReady/<@chrome://remote/content/marionette/transport.sys.mjs:494:20|
2026-06-19 01:38:44,442 - MainProcess[log-interceptor-1106949591]- selenium_firefox     - DEBUG   : BROWSER 1106949591: driver: - prototype Object
2026-06-19 01:38:44,442 - MainProcess[log-interceptor-1106949591]- selenium_firefox     - DEBUG   : BROWSER 1106949591: driver: console.error: RemoteSecuritySettings:
2026-06-19 01:38:44,442 - MainProcess[log-interceptor-1106949591]- selenium_firefox     - DEBUG   : BROWSER 1106949591: driver: failed to download CRLite filter
2026-06-19 01:38:44,443 - MainProcess[log-interceptor-1106949591]- selenium_firefox     - DEBUG   : BROWSER 1106949591: driver: Object
2026-06-19 01:38:44,443 - MainProcess[log-interceptor-1106949591]- selenium_firefox     - DEBUG   : BROWSER 1106949591: driver: - prototype Object
2026-06-19 01:38:44,443 - MainProcess[log-interceptor-1106949591]- selenium_firefox     - DEBUG   : BROWSER 1106949591: driver: - columnNumber = 11
2026-06-19 01:38:44,443 - MainProcess[log-interceptor-1106949591]- selenium_firefox     - DEBUG   : BROWSER 1106949591: driver: - data = null
2026-06-19 01:38:44,444 - MainProcess[log-interceptor-1106949591]- selenium_firefox     - DEBUG   : BROWSER 1106949591: driver: - filename = resource://gre/modules/ServiceRequest.sys.mjs
2026-06-19 01:38:44,444 - MainProcess[log-interceptor-1106949591]- selenium_firefox     - DEBUG   : BROWSER 1106949591: driver: - lineNumber = 126
2026-06-19 01:38:44,444 - MainProcess[log-interceptor-1106949591]- selenium_firefox     - DEBUG   : BROWSER 1106949591: driver: - location = {"name":"open","filename":"resource://gre/modules/ServiceRequest.sys.mjs","sourceId":25,"lineNumber":126,"columnNumber":11,"asyncCause":null,"asyncCaller":null,"caller":{"filename":"resource://services-settings/Utils.sys.mjs","name":"fetch/<","sourceId":24,"lineNumber":273,"columnNumber":15,"asyncCause":null,"asyncCaller":null,"caller":{"filename":"resource://services-settings/Utils.sys.mjs","name":"fetch","sourceId":24,"lineNumber":224,"columnNumber":12,"asyncCause":null,"asyncCaller":null,"caller":{"filename":"resource://services-settings/Attachments.sys.mjs","name":"_fetchAttachment","sourceId":23,"lineNumber":560,"columnNumber":35,"asyncCause":null,"asyncCaller":null,"caller":{"filename":"resource://services-settings/Attachments.sys.mjs","name":"downloadAsBytes","sourceId":23,"lineNumber":537,"columnNumber":35,"asyncCause":null,"asyncCaller":null,"caller":{"filename":"resource://gre/modules/AsyncShutdown.sys.mjs","name":"observe","sourceId":15,"lineNumber":570,"columnNumber":17,"asyncCause":null,"asyncCaller":null,"caller":{"filename":"chrome://remote/content/shared/Browser.sys.mjs","name":"quit","sourceId":733,"lineNumber":94,"columnNumber":22,"asyncCause":null,"asyncCaller":null,"caller":{"filename":"chrome://remote/content/marionette/driver.sys.mjs","name":"GeckoDriver.prototype.quit","sourceId":209,"lineNumber":3463,"columnNumber":42,"asyncCause":null,"asyncCaller":null,"caller":{"filename":"chrome://remote/content/marionette/server.sys.mjs","name":"dispatch","sourceId":97,"lineNumber":318,"columnNumber":40,"asyncCause":null,"asyncCaller":null,"caller":{"filename":"chrome://remote/content/marionette/server.sys.mjs","name":"execute","sourceId":97,"lineNumber":289,"columnNumber":16,"asyncCause":null,"asyncCaller":null,"caller":{"filename":"chrome://remote/content/marionette/server.sys.mjs","name":"onPacket/<","sourceId":97,"lineNumber":262,"columnNumber":20,"asyncCause":null,"asyncCaller":null,"caller":{"filename":"chrome://remote/content/marionette/server.sys.mjs","name":"onPacket","sourceId":97,"lineNumber":263,"columnNumber":9,"asyncCause":null,"asyncCaller":null,"caller":{"filename":"chrome://remote/content/marionette/transport.sys.mjs","name":"_onJSONObjectReady/<","sourceId":208,"lineNumber":494,"columnNumber":20,"asyncCause":null,"asyncCaller":null,"caller":null,"formattedStack":"_onJSONObjectReady/<@chrome://remote/content/marionette/transport.sys.mjs:494:20\n","nativeSavedFrame":{}},"formattedStack":"onPacket@chrome://remote/content/marionette/server.sys.mjs:263:9\n_onJSONObjectReady/<@chrome://remote/content/marionette/transport.sys.mjs:494:20\n","nativeSavedFrame":{}},"formattedStack":"onPacket/<@chrome://remote/content/marionette/server.sys.mjs:262:20\nonPacket@chrome://remote/content/marionette/server.sys.mjs:263:9\n_onJSONObjectReady/<@chrome://remote/content/marionette/transport.sys.mjs:494:20\n","nativeSavedFrame":{}},"formattedStack":"execute@chrome://remote/content/marionette/server.sys.mjs:289:16\nonPacket/<@chrome://remote/content/marionette/server.sys.mjs:262:20\nonPacket@chrome://remote/content/marionette/server.sys.mjs:263:9\n_onJSONObjectReady/<@chrome://remote/content/marionette/transport.sys.mjs:494:20\n","nativeSavedFrame":{}},"formattedStack":"dispatch@chrome://remote/content/marionette/server.sys.mjs:318:40\nexecute@chrome://remote/content/marionette/server.sys.mjs:289:16\nonPacket/<@chrome://remote/content/marionette/server.sys.mjs:262:20\nonPacket@chrome://remote/content/marionette/server.sys.mjs:263:9\n_onJSONObjectReady/<@chrome://remote/content/marionette/transport.sys.mjs:494:20\n","nativeSavedFrame":{}},"formattedStack":"GeckoDriver.prototype.quit@chrome://remote/content/marionette/driver.sys.mjs:3463:42\ndispatch@chrome://remote/content/marionette/server.sys.mjs:318:40\nexecute@chrome://remote/content/marionette/server.sys.mjs:289:16\nonPacket/<@chrome://remote/content/marionette/server.sys.mjs:262:20\nonPacket@chrome://remote/content/marionette/server.sys.mjs:263:9\n_onJSONObjectReady/<@chrome://remote/content/marionette/transport.sys.mjs:494:20\n","nativeSavedFrame":{}},"formattedStack":"quit@chrome://remote/content/shared/Browser.sys.mjs:94:22\nGeckoDriver.prototype.quit@chrome://remote/content/marionette/driver.sys.mjs:3463:42\ndispatch@chrome://remote/content/marionette/server.sys.mjs:318:40\nexecute@chrome://remote/content/marionette/server.sys.mjs:289:16\nonPacket/<@chrome://remote/content/marionette/server.sys.mjs:262:20\nonPacket@chrome://remote/content/marionette/server.sys.mjs:263:9\n_onJSONObjectReady/<@chrome://remote/content/marionette/transport.sys.mjs:494:20\n","nativeSavedFrame":{}},"formattedStack":"observe@resource://gre/modules/AsyncShutdown.sys.mjs:570:17\nquit@chrome://remote/content/shared/Browser.sys.mjs:94:22\nGeckoDriver.prototype.quit@chrome://remote/content/marionette/driver.sys.mjs:3463:42\ndispatch@chrome://remote/content/marionette/server.sys.mjs:318:40\nexecute@chrome://remote/content/marionette/server.sys.mjs:289:16\nonPacket/<@chrome://remote/content/marionette/server.sys.mjs:262:20\nonPacket@chrome://remote/content/marionette/server.sys.mjs:263:9\n_onJSONObjectReady/<@chrome://remote/content/marionette/transport.sys.mjs:494:20\n","nativeSavedFrame":{}},"formattedStack":"downloadAsBytes@resource://services-settings/Attachments.sys.mjs:537:35\nobserve@resource://gre/modules/AsyncShutdown.sys.mjs:570:17\nquit@chrome://remote/content/shared/Browser.sys.mjs:94:22\nGeckoDriver.prototype.quit@chrome://remote/content/marionette/driver.sys.mjs:3463:42\ndispatch@chrome://remote/content/marionette/server.sys.mjs:318:40\nexecute@chrome://remote/content/marionette/server.sys.mjs:289:16\nonPacket/<@chrome://remote/content/marionette/server.sys.mjs:262:20\nonPacket@chrome://remote/content/marionette/server.sys.mjs:263:9\n_onJSONObjectReady/<@chrome://remote/content/marionette/transport.sys.mjs:494:20\n","nativeSavedFrame":{}},"formattedStack":"_fetchAttachment@resource://services-settings/Attachments.sys.mjs:560:35\ndownloadAsBytes@resource://services-settings/Attachments.sys.mjs:537:35\nobserve@resource://gre/modules/AsyncShutdown.sys.mjs:570:17\nquit@chrome://remote/content/shared/Browser.sys.mjs:94:22\nGeckoDriver.prototype.quit@chrome://remote/content/marionette/driver.sys.mjs:3463:42\ndispatch@chrome://remote/content/marionette/server.sys.mjs:318:40\nexecute@chrome://remote/content/marionette/server.sys.mjs:289:16\nonPacket/<@chrome://remote/content/marionette/server.sys.mjs:262:20\nonPacket@chrome://remote/content/marionette/server.sys.mjs:263:9\n_onJSONObjectReady/<@chrome://remote/content/marionette/transport.sys.mjs:494:20\n","nativeSavedFrame":{}},"formattedStack":"fetch@resource://services-settings/Utils.sys.mjs:224:12\n_fetchAttachment@resource://services-settings/Attachments.sys.mjs:560:35\ndownloadAsBytes@resource://services-settings/Attachments.sys.mjs:537:35\nobserve@resource://gre/modules/AsyncShutdown.sys.mjs:570:17\nquit@chrome://remote/content/shared/Browser.sys.mjs:94:22\nGeckoDriver.prototype.quit@chrome://remote/content/marionette/driver.sys.mjs:3463:42\ndispatch@chrome://remote/content/marionette/server.sys.mjs:318:40\nexecute@chrome://remote/content/marionette/server.sys.mjs:289:16\nonPacket/<@chrome://remote/content/marionette/server.sys.mjs:262:20\nonPacket@chrome://remote/content/marionette/server.sys.mjs:263:9\n_onJSONObjectReady/<@chrome://remote/content/marionette/transport.sys.mjs:494:20\n","nativeSavedFrame":{}},"formattedStack":"fetch/<@resource://services-settings/Utils.sys.mjs:273:15\nfetch@resource://services-settings/Utils.sys.mjs:224:12\n_fetchAttachment@resource://services-settings/Attachments.sys.mjs:560:35\ndownloadAsBytes@resource://services-settings/Attachments.sys.mjs:537:35\nobserve@resource://gre/modules/AsyncShutdown.sys.mjs:570:17\nquit@chrome://remote/content/shared/Browser.sys.mjs:94:22\nGeckoDriver.prototype.quit@chrome://remote/content/marionette/driver.sys.mjs:3463:42\ndispatch@chrome://remote/content/marionette/server.sys.mjs:318:40\nexecute@chrome://remote/content/marionette/server.sys.mjs:289:16\nonPacket/<@chrome://remote/content/marionette/server.sys.mjs:262:20\nonPacket@chrome://remote/content/marionette/server.sys.mjs:263:9\n_onJSONObjectReady/<@chrome://remote/content/marionette/transport.sys.mjs:494:20\n","nativeSavedFrame":{}},"formattedStack":"open@resource://gre/modules/ServiceRequest.sys.mjs:126:11\nfetch/<@resource://services-settings/Utils.sys.mjs:273:15\nfetch@resource://services-settings/Utils.sys.mjs:224:12\n_fetchAttachment@resource://services-settings/Attachments.sys.mjs:560:35\ndownloadAsBytes@resource://services-settings/Attachments.sys.mjs:537:35\nobserve@resource://gre/modules/AsyncShutdown.sys.mjs:570:17\nquit@chrome://remote/content/shared/Browser.sys.mjs:94:22\nGeckoDriver.prototype.quit@chrome://remote/content/marionette/driver.sys.mjs:3463:42\ndispatch@chrome://remote/content/marionette/server.sys.mjs:318:40\nexecute@chrome://remote/content/marionette/server.sys.mjs:289:16\nonPacket/<@chrome://remote/content/marionette/server.sys.mjs:262:20\nonPacket@chrome://remote/content/marionette/server.sys.mjs:263:9\n_onJSONObjectReady/<@chrome://remote/content/marionette/transport.sys.mjs:494:20\n","nativeSavedFrame":{}}
2026-06-19 01:38:44,445 - MainProcess[log-interceptor-1106949591]- selenium_firefox     - DEBUG   : BROWSER 1106949591: driver: - message =
2026-06-19 01:38:44,445 - MainProcess[log-interceptor-1106949591]- selenium_firefox     - DEBUG   : BROWSER 1106949591: driver: - name =
2026-06-19 01:38:44,445 - MainProcess[log-interceptor-1106949591]- selenium_firefox     - DEBUG   : BROWSER 1106949591: driver: - result = 2152071198
2026-06-19 01:38:44,446 - MainProcess[log-interceptor-1106949591]- selenium_firefox     - DEBUG   : BROWSER 1106949591: driver: - stack = open@resource://gre/modules/ServiceRequest.sys.mjs:126:11|fetch/<@resource://services-settings/Utils.sys.mjs:273:15|fetch@resource://services-settings/Utils.sys.mjs:224:12|_fetchAttachment@resource://services-settings/Attachments.sys.mjs:560:35|downloadAsBytes@resource://services-settings/Attachments.sys.mjs:537:35|observe@resource://gre/modules/AsyncShutdown.sys.mjs:570:17|quit@chrome://remote/content/shared/Browser.sys.mjs:94:22|GeckoDriver.prototype.quit@chrome://remote/content/marionette/driver.sys.mjs:3463:42|dispatch@chrome://remote/content/marionette/server.sys.mjs:318:40|execute@chrome://remote/content/marionette/server.sys.mjs:289:16|onPacket/<@chrome://remote/content/marionette/server.sys.mjs:262:20|onPacket@chrome://remote/content/marionette/server.sys.mjs:263:9|_onJSONObjectReady/<@chrome://remote/content/marionette/transport.sys.mjs:494:20|
2026-06-19 01:38:44,446 - MainProcess[log-interceptor-1106949591]- selenium_firefox     - DEBUG   : BROWSER 1106949591: driver: - prototype Object
2026-06-19 01:38:44,446 - MainProcess[log-interceptor-1106949591]- selenium_firefox     - DEBUG   : BROWSER 1106949591: driver: console.error: RemoteSecuritySettings:
2026-06-19 01:38:44,446 - MainProcess[log-interceptor-1106949591]- selenium_firefox     - DEBUG   : BROWSER 1106949591: driver: failed to download CRLite filter
2026-06-19 01:38:44,447 - MainProcess[log-interceptor-1106949591]- selenium_firefox     - DEBUG   : BROWSER 1106949591: driver: Object
2026-06-19 01:38:44,447 - MainProcess[log-interceptor-1106949591]- selenium_firefox     - DEBUG   : BROWSER 1106949591: driver: - prototype Object
2026-06-19 01:38:44,447 - MainProcess[log-interceptor-1106949591]- selenium_firefox     - DEBUG   : BROWSER 1106949591: driver: - columnNumber = 11
2026-06-19 01:38:44,448 - MainProcess[log-interceptor-1106949591]- selenium_firefox     - DEBUG   : BROWSER 1106949591: driver: - data = null
2026-06-19 01:38:44,448 - MainProcess[log-interceptor-1106949591]- selenium_firefox     - DEBUG   : BROWSER 1106949591: driver: - filename = resource://gre/modules/ServiceRequest.sys.mjs
2026-06-19 01:38:44,448 - MainProcess[log-interceptor-1106949591]- selenium_firefox     - DEBUG   : BROWSER 1106949591: driver: - lineNumber = 126
2026-06-19 01:38:44,449 - MainProcess[log-interceptor-1106949591]- selenium_firefox     - DEBUG   : BROWSER 1106949591: driver: - location = {"name":"open","filename":"resource://gre/modules/ServiceRequest.sys.mjs","sourceId":25,"lineNumber":126,"columnNumber":11,"asyncCause":null,"asyncCaller":null,"caller":{"filename":"resource://services-settings/Utils.sys.mjs","name":"fetch/<","sourceId":24,"lineNumber":273,"columnNumber":15,"asyncCause":null,"asyncCaller":null,"caller":{"filename":"resource://services-settings/Utils.sys.mjs","name":"fetch","sourceId":24,"lineNumber":224,"columnNumber":12,"asyncCause":null,"asyncCaller":null,"caller":{"filename":"resource://services-settings/Attachments.sys.mjs","name":"_fetchAttachment","sourceId":23,"lineNumber":560,"columnNumber":35,"asyncCause":null,"asyncCaller":null,"caller":{"filename":"resource://services-settings/Attachments.sys.mjs","name":"downloadAsBytes","sourceId":23,"lineNumber":537,"columnNumber":35,"asyncCause":null,"asyncCaller":null,"caller":{"filename":"resource://gre/modules/AsyncShutdown.sys.mjs","name":"observe","sourceId":15,"lineNumber":570,"columnNumber":17,"asyncCause":null,"asyncCaller":null,"caller":{"filename":"chrome://remote/content/shared/Browser.sys.mjs","name":"quit","sourceId":733,"lineNumber":94,"columnNumber":22,"asyncCause":null,"asyncCaller":null,"caller":{"filename":"chrome://remote/content/marionette/driver.sys.mjs","name":"GeckoDriver.prototype.quit","sourceId":209,"lineNumber":3463,"columnNumber":42,"asyncCause":null,"asyncCaller":null,"caller":{"filename":"chrome://remote/content/marionette/server.sys.mjs","name":"dispatch","sourceId":97,"lineNumber":318,"columnNumber":40,"asyncCause":null,"asyncCaller":null,"caller":{"filename":"chrome://remote/content/marionette/server.sys.mjs","name":"execute","sourceId":97,"lineNumber":289,"columnNumber":16,"asyncCause":null,"asyncCaller":null,"caller":{"filename":"chrome://remote/content/marionette/server.sys.mjs","name":"onPacket/<","sourceId":97,"lineNumber":262,"columnNumber":20,"asyncCause":null,"asyncCaller":null,"caller":{"filename":"chrome://remote/content/marionette/server.sys.mjs","name":"onPacket","sourceId":97,"lineNumber":263,"columnNumber":9,"asyncCause":null,"asyncCaller":null,"caller":{"filename":"chrome://remote/content/marionette/transport.sys.mjs","name":"_onJSONObjectReady/<","sourceId":208,"lineNumber":494,"columnNumber":20,"asyncCause":null,"asyncCaller":null,"caller":null,"formattedStack":"_onJSONObjectReady/<@chrome://remote/content/marionette/transport.sys.mjs:494:20\n","nativeSavedFrame":{}},"formattedStack":"onPacket@chrome://remote/content/marionette/server.sys.mjs:263:9\n_onJSONObjectReady/<@chrome://remote/content/marionette/transport.sys.mjs:494:20\n","nativeSavedFrame":{}},"formattedStack":"onPacket/<@chrome://remote/content/marionette/server.sys.mjs:262:20\nonPacket@chrome://remote/content/marionette/server.sys.mjs:263:9\n_onJSONObjectReady/<@chrome://remote/content/marionette/transport.sys.mjs:494:20\n","nativeSavedFrame":{}},"formattedStack":"execute@chrome://remote/content/marionette/server.sys.mjs:289:16\nonPacket/<@chrome://remote/content/marionette/server.sys.mjs:262:20\nonPacket@chrome://remote/content/marionette/server.sys.mjs:263:9\n_onJSONObjectReady/<@chrome://remote/content/marionette/transport.sys.mjs:494:20\n","nativeSavedFrame":{}},"formattedStack":"dispatch@chrome://remote/content/marionette/server.sys.mjs:318:40\nexecute@chrome://remote/content/marionette/server.sys.mjs:289:16\nonPacket/<@chrome://remote/content/marionette/server.sys.mjs:262:20\nonPacket@chrome://remote/content/marionette/server.sys.mjs:263:9\n_onJSONObjectReady/<@chrome://remote/content/marionette/transport.sys.mjs:494:20\n","nativeSavedFrame":{}},"formattedStack":"GeckoDriver.prototype.quit@chrome://remote/content/marionette/driver.sys.mjs:3463:42\ndispatch@chrome://remote/content/marionette/server.sys.mjs:318:40\nexecute@chrome://remote/content/marionette/server.sys.mjs:289:16\nonPacket/<@chrome://remote/content/marionette/server.sys.mjs:262:20\nonPacket@chrome://remote/content/marionette/server.sys.mjs:263:9\n_onJSONObjectReady/<@chrome://remote/content/marionette/transport.sys.mjs:494:20\n","nativeSavedFrame":{}},"formattedStack":"quit@chrome://remote/content/shared/Browser.sys.mjs:94:22\nGeckoDriver.prototype.quit@chrome://remote/content/marionette/driver.sys.mjs:3463:42\ndispatch@chrome://remote/content/marionette/server.sys.mjs:318:40\nexecute@chrome://remote/content/marionette/server.sys.mjs:289:16\nonPacket/<@chrome://remote/content/marionette/server.sys.mjs:262:20\nonPacket@chrome://remote/content/marionette/server.sys.mjs:263:9\n_onJSONObjectReady/<@chrome://remote/content/marionette/transport.sys.mjs:494:20\n","nativeSavedFrame":{}},"formattedStack":"observe@resource://gre/modules/AsyncShutdown.sys.mjs:570:17\nquit@chrome://remote/content/shared/Browser.sys.mjs:94:22\nGeckoDriver.prototype.quit@chrome://remote/content/marionette/driver.sys.mjs:3463:42\ndispatch@chrome://remote/content/marionette/server.sys.mjs:318:40\nexecute@chrome://remote/content/marionette/server.sys.mjs:289:16\nonPacket/<@chrome://remote/content/marionette/server.sys.mjs:262:20\nonPacket@chrome://remote/content/marionette/server.sys.mjs:263:9\n_onJSONObjectReady/<@chrome://remote/content/marionette/transport.sys.mjs:494:20\n","nativeSavedFrame":{}},"formattedStack":"downloadAsBytes@resource://services-settings/Attachments.sys.mjs:537:35\nobserve@resource://gre/modules/AsyncShutdown.sys.mjs:570:17\nquit@chrome://remote/content/shared/Browser.sys.mjs:94:22\nGeckoDriver.prototype.quit@chrome://remote/content/marionette/driver.sys.mjs:3463:42\ndispatch@chrome://remote/content/marionette/server.sys.mjs:318:40\nexecute@chrome://remote/content/marionette/server.sys.mjs:289:16\nonPacket/<@chrome://remote/content/marionette/server.sys.mjs:262:20\nonPacket@chrome://remote/content/marionette/server.sys.mjs:263:9\n_onJSONObjectReady/<@chrome://remote/content/marionette/transport.sys.mjs:494:20\n","nativeSavedFrame":{}},"formattedStack":"_fetchAttachment@resource://services-settings/Attachments.sys.mjs:560:35\ndownloadAsBytes@resource://services-settings/Attachments.sys.mjs:537:35\nobserve@resource://gre/modules/AsyncShutdown.sys.mjs:570:17\nquit@chrome://remote/content/shared/Browser.sys.mjs:94:22\nGeckoDriver.prototype.quit@chrome://remote/content/marionette/driver.sys.mjs:3463:42\ndispatch@chrome://remote/content/marionette/server.sys.mjs:318:40\nexecute@chrome://remote/content/marionette/server.sys.mjs:289:16\nonPacket/<@chrome://remote/content/marionette/server.sys.mjs:262:20\nonPacket@chrome://remote/content/marionette/server.sys.mjs:263:9\n_onJSONObjectReady/<@chrome://remote/content/marionette/transport.sys.mjs:494:20\n","nativeSavedFrame":{}},"formattedStack":"fetch@resource://services-settings/Utils.sys.mjs:224:12\n_fetchAttachment@resource://services-settings/Attachments.sys.mjs:560:35\ndownloadAsBytes@resource://services-settings/Attachments.sys.mjs:537:35\nobserve@resource://gre/modules/AsyncShutdown.sys.mjs:570:17\nquit@chrome://remote/content/shared/Browser.sys.mjs:94:22\nGeckoDriver.prototype.quit@chrome://remote/content/marionette/driver.sys.mjs:3463:42\ndispatch@chrome://remote/content/marionette/server.sys.mjs:318:40\nexecute@chrome://remote/content/marionette/server.sys.mjs:289:16\nonPacket/<@chrome://remote/content/marionette/server.sys.mjs:262:20\nonPacket@chrome://remote/content/marionette/server.sys.mjs:263:9\n_onJSONObjectReady/<@chrome://remote/content/marionette/transport.sys.mjs:494:20\n","nativeSavedFrame":{}},"formattedStack":"fetch/<@resource://services-settings/Utils.sys.mjs:273:15\nfetch@resource://services-settings/Utils.sys.mjs:224:12\n_fetchAttachment@resource://services-settings/Attachments.sys.mjs:560:35\ndownloadAsBytes@resource://services-settings/Attachments.sys.mjs:537:35\nobserve@resource://gre/modules/AsyncShutdown.sys.mjs:570:17\nquit@chrome://remote/content/shared/Browser.sys.mjs:94:22\nGeckoDriver.prototype.quit@chrome://remote/content/marionette/driver.sys.mjs:3463:42\ndispatch@chrome://remote/content/marionette/server.sys.mjs:318:40\nexecute@chrome://remote/content/marionette/server.sys.mjs:289:16\nonPacket/<@chrome://remote/content/marionette/server.sys.mjs:262:20\nonPacket@chrome://remote/content/marionette/server.sys.mjs:263:9\n_onJSONObjectReady/<@chrome://remote/content/marionette/transport.sys.mjs:494:20\n","nativeSavedFrame":{}},"formattedStack":"open@resource://gre/modules/ServiceRequest.sys.mjs:126:11\nfetch/<@resource://services-settings/Utils.sys.mjs:273:15\nfetch@resource://services-settings/Utils.sys.mjs:224:12\n_fetchAttachment@resource://services-settings/Attachments.sys.mjs:560:35\ndownloadAsBytes@resource://services-settings/Attachments.sys.mjs:537:35\nobserve@resource://gre/modules/AsyncShutdown.sys.mjs:570:17\nquit@chrome://remote/content/shared/Browser.sys.mjs:94:22\nGeckoDriver.prototype.quit@chrome://remote/content/marionette/driver.sys.mjs:3463:42\ndispatch@chrome://remote/content/marionette/server.sys.mjs:318:40\nexecute@chrome://remote/content/marionette/server.sys.mjs:289:16\nonPacket/<@chrome://remote/content/marionette/server.sys.mjs:262:20\nonPacket@chrome://remote/content/marionette/server.sys.mjs:263:9\n_onJSONObjectReady/<@chrome://remote/content/marionette/transport.sys.mjs:494:20\n","nativeSavedFrame":{}}
2026-06-19 01:38:44,449 - MainProcess[log-interceptor-1106949591]- selenium_firefox     - DEBUG   : BROWSER 1106949591: driver: - message =
2026-06-19 01:38:44,449 - MainProcess[log-interceptor-1106949591]- selenium_firefox     - DEBUG   : BROWSER 1106949591: driver: - name =
2026-06-19 01:38:44,450 - MainProcess[log-interceptor-1106949591]- selenium_firefox     - DEBUG   : BROWSER 1106949591: driver: - result = 2152071198
2026-06-19 01:38:44,450 - MainProcess[log-interceptor-1106949591]- selenium_firefox     - DEBUG   : BROWSER 1106949591: driver: - stack = open@resource://gre/modules/ServiceRequest.sys.mjs:126:11|fetch/<@resource://services-settings/Utils.sys.mjs:273:15|fetch@resource://services-settings/Utils.sys.mjs:224:12|_fetchAttachment@resource://services-settings/Attachments.sys.mjs:560:35|downloadAsBytes@resource://services-settings/Attachments.sys.mjs:537:35|observe@resource://gre/modules/AsyncShutdown.sys.mjs:570:17|quit@chrome://remote/content/shared/Browser.sys.mjs:94:22|GeckoDriver.prototype.quit@chrome://remote/content/marionette/driver.sys.mjs:3463:42|dispatch@chrome://remote/content/marionette/server.sys.mjs:318:40|execute@chrome://remote/content/marionette/server.sys.mjs:289:16|onPacket/<@chrome://remote/content/marionette/server.sys.mjs:262:20|onPacket@chrome://remote/content/marionette/server.sys.mjs:263:9|_onJSONObjectReady/<@chrome://remote/content/marionette/transport.sys.mjs:494:20|
2026-06-19 01:38:44,450 - MainProcess[log-interceptor-1106949591]- selenium_firefox     - DEBUG   : BROWSER 1106949591: driver: - prototype Object
2026-06-19 01:38:44,451 - MainProcess[log-interceptor-1106949591]- selenium_firefox     - DEBUG   : BROWSER 1106949591: driver: console.error: RemoteSecuritySettings:
2026-06-19 01:38:44,451 - MainProcess[log-interceptor-1106949591]- selenium_firefox     - DEBUG   : BROWSER 1106949591: driver: failed to download CRLite filter
2026-06-19 01:38:44,451 - MainProcess[log-interceptor-1106949591]- selenium_firefox     - DEBUG   : BROWSER 1106949591: driver: Object
2026-06-19 01:38:44,452 - MainProcess[log-interceptor-1106949591]- selenium_firefox     - DEBUG   : BROWSER 1106949591: driver: - prototype Object
2026-06-19 01:38:44,452 - MainProcess[log-interceptor-1106949591]- selenium_firefox     - DEBUG   : BROWSER 1106949591: driver: - columnNumber = 11
2026-06-19 01:38:44,453 - MainProcess[log-interceptor-1106949591]- selenium_firefox     - DEBUG   : BROWSER 1106949591: driver: - data = null
2026-06-19 01:38:44,453 - MainProcess[log-interceptor-1106949591]- selenium_firefox     - DEBUG   : BROWSER 1106949591: driver: - filename = resource://gre/modules/ServiceRequest.sys.mjs
2026-06-19 01:38:44,453 - MainProcess[log-interceptor-1106949591]- selenium_firefox     - DEBUG   : BROWSER 1106949591: driver: - lineNumber = 126
2026-06-19 01:38:44,454 - MainProcess[log-interceptor-1106949591]- selenium_firefox     - DEBUG   : BROWSER 1106949591: driver: - location = {"name":"open","filename":"resource://gre/modules/ServiceRequest.sys.mjs","sourceId":25,"lineNumber":126,"columnNumber":11,"asyncCause":null,"asyncCaller":null,"caller":{"filename":"resource://services-settings/Utils.sys.mjs","name":"fetch/<","sourceId":24,"lineNumber":273,"columnNumber":15,"asyncCause":null,"asyncCaller":null,"caller":{"filename":"resource://services-settings/Utils.sys.mjs","name":"fetch","sourceId":24,"lineNumber":224,"columnNumber":12,"asyncCause":null,"asyncCaller":null,"caller":{"filename":"resource://services-settings/Attachments.sys.mjs","name":"_fetchAttachment","sourceId":23,"lineNumber":560,"columnNumber":35,"asyncCause":null,"asyncCaller":null,"caller":{"filename":"resource://services-settings/Attachments.sys.mjs","name":"downloadAsBytes","sourceId":23,"lineNumber":537,"columnNumber":35,"asyncCause":null,"asyncCaller":null,"caller":{"filename":"resource://gre/modules/AsyncShutdown.sys.mjs","name":"observe","sourceId":15,"lineNumber":570,"columnNumber":17,"asyncCause":null,"asyncCaller":null,"caller":{"filename":"chrome://remote/content/shared/Browser.sys.mjs","name":"quit","sourceId":733,"lineNumber":94,"columnNumber":22,"asyncCause":null,"asyncCaller":null,"caller":{"filename":"chrome://remote/content/marionette/driver.sys.mjs","name":"GeckoDriver.prototype.quit","sourceId":209,"lineNumber":3463,"columnNumber":42,"asyncCause":null,"asyncCaller":null,"caller":{"filename":"chrome://remote/content/marionette/server.sys.mjs","name":"dispatch","sourceId":97,"lineNumber":318,"columnNumber":40,"asyncCause":null,"asyncCaller":null,"caller":{"filename":"chrome://remote/content/marionette/server.sys.mjs","name":"execute","sourceId":97,"lineNumber":289,"columnNumber":16,"asyncCause":null,"asyncCaller":null,"caller":{"filename":"chrome://remote/content/marionette/server.sys.mjs","name":"onPacket/<","sourceId":97,"lineNumber":262,"columnNumber":20,"asyncCause":null,"asyncCaller":null,"caller":{"filename":"chrome://remote/content/marionette/server.sys.mjs","name":"onPacket","sourceId":97,"lineNumber":263,"columnNumber":9,"asyncCause":null,"asyncCaller":null,"caller":{"filename":"chrome://remote/content/marionette/transport.sys.mjs","name":"_onJSONObjectReady/<","sourceId":208,"lineNumber":494,"columnNumber":20,"asyncCause":null,"asyncCaller":null,"caller":null,"formattedStack":"_onJSONObjectReady/<@chrome://remote/content/marionette/transport.sys.mjs:494:20\n","nativeSavedFrame":{}},"formattedStack":"onPacket@chrome://remote/content/marionette/server.sys.mjs:263:9\n_onJSONObjectReady/<@chrome://remote/content/marionette/transport.sys.mjs:494:20\n","nativeSavedFrame":{}},"formattedStack":"onPacket/<@chrome://remote/content/marionette/server.sys.mjs:262:20\nonPacket@chrome://remote/content/marionette/server.sys.mjs:263:9\n_onJSONObjectReady/<@chrome://remote/content/marionette/transport.sys.mjs:494:20\n","nativeSavedFrame":{}},"formattedStack":"execute@chrome://remote/content/marionette/server.sys.mjs:289:16\nonPacket/<@chrome://remote/content/marionette/server.sys.mjs:262:20\nonPacket@chrome://remote/content/marionette/server.sys.mjs:263:9\n_onJSONObjectReady/<@chrome://remote/content/marionette/transport.sys.mjs:494:20\n","nativeSavedFrame":{}},"formattedStack":"dispatch@chrome://remote/content/marionette/server.sys.mjs:318:40\nexecute@chrome://remote/content/marionette/server.sys.mjs:289:16\nonPacket/<@chrome://remote/content/marionette/server.sys.mjs:262:20\nonPacket@chrome://remote/content/marionette/server.sys.mjs:263:9\n_onJSONObjectReady/<@chrome://remote/content/marionette/transport.sys.mjs:494:20\n","nativeSavedFrame":{}},"formattedStack":"GeckoDriver.prototype.quit@chrome://remote/content/marionette/driver.sys.mjs:3463:42\ndispatch@chrome://remote/content/marionette/server.sys.mjs:318:40\nexecute@chrome://remote/content/marionette/server.sys.mjs:289:16\nonPacket/<@chrome://remote/content/marionette/server.sys.mjs:262:20\nonPacket@chrome://remote/content/marionette/server.sys.mjs:263:9\n_onJSONObjectReady/<@chrome://remote/content/marionette/transport.sys.mjs:494:20\n","nativeSavedFrame":{}},"formattedStack":"quit@chrome://remote/content/shared/Browser.sys.mjs:94:22\nGeckoDriver.prototype.quit@chrome://remote/content/marionette/driver.sys.mjs:3463:42\ndispatch@chrome://remote/content/marionette/server.sys.mjs:318:40\nexecute@chrome://remote/content/marionette/server.sys.mjs:289:16\nonPacket/<@chrome://remote/content/marionette/server.sys.mjs:262:20\nonPacket@chrome://remote/content/marionette/server.sys.mjs:263:9\n_onJSONObjectReady/<@chrome://remote/content/marionette/transport.sys.mjs:494:20\n","nativeSavedFrame":{}},"formattedStack":"observe@resource://gre/modules/AsyncShutdown.sys.mjs:570:17\nquit@chrome://remote/content/shared/Browser.sys.mjs:94:22\nGeckoDriver.prototype.quit@chrome://remote/content/marionette/driver.sys.mjs:3463:42\ndispatch@chrome://remote/content/marionette/server.sys.mjs:318:40\nexecute@chrome://remote/content/marionette/server.sys.mjs:289:16\nonPacket/<@chrome://remote/content/marionette/server.sys.mjs:262:20\nonPacket@chrome://remote/content/marionette/server.sys.mjs:263:9\n_onJSONObjectReady/<@chrome://remote/content/marionette/transport.sys.mjs:494:20\n","nativeSavedFrame":{}},"formattedStack":"downloadAsBytes@resource://services-settings/Attachments.sys.mjs:537:35\nobserve@resource://gre/modules/AsyncShutdown.sys.mjs:570:17\nquit@chrome://remote/content/shared/Browser.sys.mjs:94:22\nGeckoDriver.prototype.quit@chrome://remote/content/marionette/driver.sys.mjs:3463:42\ndispatch@chrome://remote/content/marionette/server.sys.mjs:318:40\nexecute@chrome://remote/content/marionette/server.sys.mjs:289:16\nonPacket/<@chrome://remote/content/marionette/server.sys.mjs:262:20\nonPacket@chrome://remote/content/marionette/server.sys.mjs:263:9\n_onJSONObjectReady/<@chrome://remote/content/marionette/transport.sys.mjs:494:20\n","nativeSavedFrame":{}},"formattedStack":"_fetchAttachment@resource://services-settings/Attachments.sys.mjs:560:35\ndownloadAsBytes@resource://services-settings/Attachments.sys.mjs:537:35\nobserve@resource://gre/modules/AsyncShutdown.sys.mjs:570:17\nquit@chrome://remote/content/shared/Browser.sys.mjs:94:22\nGeckoDriver.prototype.quit@chrome://remote/content/marionette/driver.sys.mjs:3463:42\ndispatch@chrome://remote/content/marionette/server.sys.mjs:318:40\nexecute@chrome://remote/content/marionette/server.sys.mjs:289:16\nonPacket/<@chrome://remote/content/marionette/server.sys.mjs:262:20\nonPacket@chrome://remote/content/marionette/server.sys.mjs:263:9\n_onJSONObjectReady/<@chrome://remote/content/marionette/transport.sys.mjs:494:20\n","nativeSavedFrame":{}},"formattedStack":"fetch@resource://services-settings/Utils.sys.mjs:224:12\n_fetchAttachment@resource://services-settings/Attachments.sys.mjs:560:35\ndownloadAsBytes@resource://services-settings/Attachments.sys.mjs:537:35\nobserve@resource://gre/modules/AsyncShutdown.sys.mjs:570:17\nquit@chrome://remote/content/shared/Browser.sys.mjs:94:22\nGeckoDriver.prototype.quit@chrome://remote/content/marionette/driver.sys.mjs:3463:42\ndispatch@chrome://remote/content/marionette/server.sys.mjs:318:40\nexecute@chrome://remote/content/marionette/server.sys.mjs:289:16\nonPacket/<@chrome://remote/content/marionette/server.sys.mjs:262:20\nonPacket@chrome://remote/content/marionette/server.sys.mjs:263:9\n_onJSONObjectReady/<@chrome://remote/content/marionette/transport.sys.mjs:494:20\n","nativeSavedFrame":{}},"formattedStack":"fetch/<@resource://services-settings/Utils.sys.mjs:273:15\nfetch@resource://services-settings/Utils.sys.mjs:224:12\n_fetchAttachment@resource://services-settings/Attachments.sys.mjs:560:35\ndownloadAsBytes@resource://services-settings/Attachments.sys.mjs:537:35\nobserve@resource://gre/modules/AsyncShutdown.sys.mjs:570:17\nquit@chrome://remote/content/shared/Browser.sys.mjs:94:22\nGeckoDriver.prototype.quit@chrome://remote/content/marionette/driver.sys.mjs:3463:42\ndispatch@chrome://remote/content/marionette/server.sys.mjs:318:40\nexecute@chrome://remote/content/marionette/server.sys.mjs:289:16\nonPacket/<@chrome://remote/content/marionette/server.sys.mjs:262:20\nonPacket@chrome://remote/content/marionette/server.sys.mjs:263:9\n_onJSONObjectReady/<@chrome://remote/content/marionette/transport.sys.mjs:494:20\n","nativeSavedFrame":{}},"formattedStack":"open@resource://gre/modules/ServiceRequest.sys.mjs:126:11\nfetch/<@resource://services-settings/Utils.sys.mjs:273:15\nfetch@resource://services-settings/Utils.sys.mjs:224:12\n_fetchAttachment@resource://services-settings/Attachments.sys.mjs:560:35\ndownloadAsBytes@resource://services-settings/Attachments.sys.mjs:537:35\nobserve@resource://gre/modules/AsyncShutdown.sys.mjs:570:17\nquit@chrome://remote/content/shared/Browser.sys.mjs:94:22\nGeckoDriver.prototype.quit@chrome://remote/content/marionette/driver.sys.mjs:3463:42\ndispatch@chrome://remote/content/marionette/server.sys.mjs:318:40\nexecute@chrome://remote/content/marionette/server.sys.mjs:289:16\nonPacket/<@chrome://remote/content/marionette/server.sys.mjs:262:20\nonPacket@chrome://remote/content/marionette/server.sys.mjs:263:9\n_onJSONObjectReady/<@chrome://remote/content/marionette/transport.sys.mjs:494:20\n","nativeSavedFrame":{}}
2026-06-19 01:38:44,454 - MainProcess[log-interceptor-1106949591]- selenium_firefox     - DEBUG   : BROWSER 1106949591: driver: - message =
2026-06-19 01:38:44,455 - MainProcess[log-interceptor-1106949591]- selenium_firefox     - DEBUG   : BROWSER 1106949591: driver: - name =
2026-06-19 01:38:44,455 - MainProcess[log-interceptor-1106949591]- selenium_firefox     - DEBUG   : BROWSER 1106949591: driver: - result = 2152071198
2026-06-19 01:38:44,455 - MainProcess[log-interceptor-1106949591]- selenium_firefox     - DEBUG   : BROWSER 1106949591: driver: - stack = open@resource://gre/modules/ServiceRequest.sys.mjs:126:11|fetch/<@resource://services-settings/Utils.sys.mjs:273:15|fetch@resource://services-settings/Utils.sys.mjs:224:12|_fetchAttachment@resource://services-settings/Attachments.sys.mjs:560:35|downloadAsBytes@resource://services-settings/Attachments.sys.mjs:537:35|observe@resource://gre/modules/AsyncShutdown.sys.mjs:570:17|quit@chrome://remote/content/shared/Browser.sys.mjs:94:22|GeckoDriver.prototype.quit@chrome://remote/content/marionette/driver.sys.mjs:3463:42|dispatch@chrome://remote/content/marionette/server.sys.mjs:318:40|execute@chrome://remote/content/marionette/server.sys.mjs:289:16|onPacket/<@chrome://remote/content/marionette/server.sys.mjs:262:20|onPacket@chrome://remote/content/marionette/server.sys.mjs:263:9|_onJSONObjectReady/<@chrome://remote/content/marionette/transport.sys.mjs:494:20|
2026-06-19 01:38:44,456 - MainProcess[log-interceptor-1106949591]- selenium_firefox     - DEBUG   : BROWSER 1106949591: driver: - prototype Object
2026-06-19 01:38:44,456 - MainProcess[log-interceptor-1106949591]- selenium_firefox     - DEBUG   : BROWSER 1106949591: driver: console.error: RemoteSecuritySettings:
2026-06-19 01:38:44,456 - MainProcess[log-interceptor-1106949591]- selenium_firefox     - DEBUG   : BROWSER 1106949591: driver: failed to download CRLite filter
2026-06-19 01:38:44,457 - MainProcess[log-interceptor-1106949591]- selenium_firefox     - DEBUG   : BROWSER 1106949591: driver: Object
2026-06-19 01:38:44,457 - MainProcess[log-interceptor-1106949591]- selenium_firefox     - DEBUG   : BROWSER 1106949591: driver: - prototype Object
2026-06-19 01:38:44,457 - MainProcess[log-interceptor-1106949591]- selenium_firefox     - DEBUG   : BROWSER 1106949591: driver: - columnNumber = 11
2026-06-19 01:38:44,458 - MainProcess[log-interceptor-1106949591]- selenium_firefox     - DEBUG   : BROWSER 1106949591: driver: - data = null
2026-06-19 01:38:44,458 - MainProcess[log-interceptor-1106949591]- selenium_firefox     - DEBUG   : BROWSER 1106949591: driver: - filename = resource://gre/modules/ServiceRequest.sys.mjs
2026-06-19 01:38:44,458 - MainProcess[log-interceptor-1106949591]- selenium_firefox     - DEBUG   : BROWSER 1106949591: driver: - lineNumber = 126
2026-06-19 01:38:44,459 - MainProcess[log-interceptor-1106949591]- selenium_firefox     - DEBUG   : BROWSER 1106949591: driver: - location = {"name":"open","filename":"resource://gre/modules/ServiceRequest.sys.mjs","sourceId":25,"lineNumber":126,"columnNumber":11,"asyncCause":null,"asyncCaller":null,"caller":{"filename":"resource://services-settings/Utils.sys.mjs","name":"fetch/<","sourceId":24,"lineNumber":273,"columnNumber":15,"asyncCause":null,"asyncCaller":null,"caller":{"filename":"resource://services-settings/Utils.sys.mjs","name":"fetch","sourceId":24,"lineNumber":224,"columnNumber":12,"asyncCause":null,"asyncCaller":null,"caller":{"filename":"resource://services-settings/Attachments.sys.mjs","name":"_fetchAttachment","sourceId":23,"lineNumber":560,"columnNumber":35,"asyncCause":null,"asyncCaller":null,"caller":{"filename":"resource://services-settings/Attachments.sys.mjs","name":"downloadAsBytes","sourceId":23,"lineNumber":537,"columnNumber":35,"asyncCause":null,"asyncCaller":null,"caller":{"filename":"resource://gre/modules/AsyncShutdown.sys.mjs","name":"observe","sourceId":15,"lineNumber":570,"columnNumber":17,"asyncCause":null,"asyncCaller":null,"caller":{"filename":"chrome://remote/content/shared/Browser.sys.mjs","name":"quit","sourceId":733,"lineNumber":94,"columnNumber":22,"asyncCause":null,"asyncCaller":null,"caller":{"filename":"chrome://remote/content/marionette/driver.sys.mjs","name":"GeckoDriver.prototype.quit","sourceId":209,"lineNumber":3463,"columnNumber":42,"asyncCause":null,"asyncCaller":null,"caller":{"filename":"chrome://remote/content/marionette/server.sys.mjs","name":"dispatch","sourceId":97,"lineNumber":318,"columnNumber":40,"asyncCause":null,"asyncCaller":null,"caller":{"filename":"chrome://remote/content/marionette/server.sys.mjs","name":"execute","sourceId":97,"lineNumber":289,"columnNumber":16,"asyncCause":null,"asyncCaller":null,"caller":{"filename":"chrome://remote/content/marionette/server.sys.mjs","name":"onPacket/<","sourceId":97,"lineNumber":262,"columnNumber":20,"asyncCause":null,"asyncCaller":null,"caller":{"filename":"chrome://remote/content/marionette/server.sys.mjs","name":"onPacket","sourceId":97,"lineNumber":263,"columnNumber":9,"asyncCause":null,"asyncCaller":null,"caller":{"filename":"chrome://remote/content/marionette/transport.sys.mjs","name":"_onJSONObjectReady/<","sourceId":208,"lineNumber":494,"columnNumber":20,"asyncCause":null,"asyncCaller":null,"caller":null,"formattedStack":"_onJSONObjectReady/<@chrome://remote/content/marionette/transport.sys.mjs:494:20\n","nativeSavedFrame":{}},"formattedStack":"onPacket@chrome://remote/content/marionette/server.sys.mjs:263:9\n_onJSONObjectReady/<@chrome://remote/content/marionette/transport.sys.mjs:494:20\n","nativeSavedFrame":{}},"formattedStack":"onPacket/<@chrome://remote/content/marionette/server.sys.mjs:262:20\nonPacket@chrome://remote/content/marionette/server.sys.mjs:263:9\n_onJSONObjectReady/<@chrome://remote/content/marionette/transport.sys.mjs:494:20\n","nativeSavedFrame":{}},"formattedStack":"execute@chrome://remote/content/marionette/server.sys.mjs:289:16\nonPacket/<@chrome://remote/content/marionette/server.sys.mjs:262:20\nonPacket@chrome://remote/content/marionette/server.sys.mjs:263:9\n_onJSONObjectReady/<@chrome://remote/content/marionette/transport.sys.mjs:494:20\n","nativeSavedFrame":{}},"formattedStack":"dispatch@chrome://remote/content/marionette/server.sys.mjs:318:40\nexecute@chrome://remote/content/marionette/server.sys.mjs:289:16\nonPacket/<@chrome://remote/content/marionette/server.sys.mjs:262:20\nonPacket@chrome://remote/content/marionette/server.sys.mjs:263:9\n_onJSONObjectReady/<@chrome://remote/content/marionette/transport.sys.mjs:494:20\n","nativeSavedFrame":{}},"formattedStack":"GeckoDriver.prototype.quit@chrome://remote/content/marionette/driver.sys.mjs:3463:42\ndispatch@chrome://remote/content/marionette/server.sys.mjs:318:40\nexecute@chrome://remote/content/marionette/server.sys.mjs:289:16\nonPacket/<@chrome://remote/content/marionette/server.sys.mjs:262:20\nonPacket@chrome://remote/content/marionette/server.sys.mjs:263:9\n_onJSONObjectReady/<@chrome://remote/content/marionette/transport.sys.mjs:494:20\n","nativeSavedFrame":{}},"formattedStack":"quit@chrome://remote/content/shared/Browser.sys.mjs:94:22\nGeckoDriver.prototype.quit@chrome://remote/content/marionette/driver.sys.mjs:3463:42\ndispatch@chrome://remote/content/marionette/server.sys.mjs:318:40\nexecute@chrome://remote/content/marionette/server.sys.mjs:289:16\nonPacket/<@chrome://remote/content/marionette/server.sys.mjs:262:20\nonPacket@chrome://remote/content/marionette/server.sys.mjs:263:9\n_onJSONObjectReady/<@chrome://remote/content/marionette/transport.sys.mjs:494:20\n","nativeSavedFrame":{}},"formattedStack":"observe@resource://gre/modules/AsyncShutdown.sys.mjs:570:17\nquit@chrome://remote/content/shared/Browser.sys.mjs:94:22\nGeckoDriver.prototype.quit@chrome://remote/content/marionette/driver.sys.mjs:3463:42\ndispatch@chrome://remote/content/marionette/server.sys.mjs:318:40\nexecute@chrome://remote/content/marionette/server.sys.mjs:289:16\nonPacket/<@chrome://remote/content/marionette/server.sys.mjs:262:20\nonPacket@chrome://remote/content/marionette/server.sys.mjs:263:9\n_onJSONObjectReady/<@chrome://remote/content/marionette/transport.sys.mjs:494:20\n","nativeSavedFrame":{}},"formattedStack":"downloadAsBytes@resource://services-settings/Attachments.sys.mjs:537:35\nobserve@resource://gre/modules/AsyncShutdown.sys.mjs:570:17\nquit@chrome://remote/content/shared/Browser.sys.mjs:94:22\nGeckoDriver.prototype.quit@chrome://remote/content/marionette/driver.sys.mjs:3463:42\ndispatch@chrome://remote/content/marionette/server.sys.mjs:318:40\nexecute@chrome://remote/content/marionette/server.sys.mjs:289:16\nonPacket/<@chrome://remote/content/marionette/server.sys.mjs:262:20\nonPacket@chrome://remote/content/marionette/server.sys.mjs:263:9\n_onJSONObjectReady/<@chrome://remote/content/marionette/transport.sys.mjs:494:20\n","nativeSavedFrame":{}},"formattedStack":"_fetchAttachment@resource://services-settings/Attachments.sys.mjs:560:35\ndownloadAsBytes@resource://services-settings/Attachments.sys.mjs:537:35\nobserve@resource://gre/modules/AsyncShutdown.sys.mjs:570:17\nquit@chrome://remote/content/shared/Browser.sys.mjs:94:22\nGeckoDriver.prototype.quit@chrome://remote/content/marionette/driver.sys.mjs:3463:42\ndispatch@chrome://remote/content/marionette/server.sys.mjs:318:40\nexecute@chrome://remote/content/marionette/server.sys.mjs:289:16\nonPacket/<@chrome://remote/content/marionette/server.sys.mjs:262:20\nonPacket@chrome://remote/content/marionette/server.sys.mjs:263:9\n_onJSONObjectReady/<@chrome://remote/content/marionette/transport.sys.mjs:494:20\n","nativeSavedFrame":{}},"formattedStack":"fetch@resource://services-settings/Utils.sys.mjs:224:12\n_fetchAttachment@resource://services-settings/Attachments.sys.mjs:560:35\ndownloadAsBytes@resource://services-settings/Attachments.sys.mjs:537:35\nobserve@resource://gre/modules/AsyncShutdown.sys.mjs:570:17\nquit@chrome://remote/content/shared/Browser.sys.mjs:94:22\nGeckoDriver.prototype.quit@chrome://remote/content/marionette/driver.sys.mjs:3463:42\ndispatch@chrome://remote/content/marionette/server.sys.mjs:318:40\nexecute@chrome://remote/content/marionette/server.sys.mjs:289:16\nonPacket/<@chrome://remote/content/marionette/server.sys.mjs:262:20\nonPacket@chrome://remote/content/marionette/server.sys.mjs:263:9\n_onJSONObjectReady/<@chrome://remote/content/marionette/transport.sys.mjs:494:20\n","nativeSavedFrame":{}},"formattedStack":"fetch/<@resource://services-settings/Utils.sys.mjs:273:15\nfetch@resource://services-settings/Utils.sys.mjs:224:12\n_fetchAttachment@resource://services-settings/Attachments.sys.mjs:560:35\ndownloadAsBytes@resource://services-settings/Attachments.sys.mjs:537:35\nobserve@resource://gre/modules/AsyncShutdown.sys.mjs:570:17\nquit@chrome://remote/content/shared/Browser.sys.mjs:94:22\nGeckoDriver.prototype.quit@chrome://remote/content/marionette/driver.sys.mjs:3463:42\ndispatch@chrome://remote/content/marionette/server.sys.mjs:318:40\nexecute@chrome://remote/content/marionette/server.sys.mjs:289:16\nonPacket/<@chrome://remote/content/marionette/server.sys.mjs:262:20\nonPacket@chrome://remote/content/marionette/server.sys.mjs:263:9\n_onJSONObjectReady/<@chrome://remote/content/marionette/transport.sys.mjs:494:20\n","nativeSavedFrame":{}},"formattedStack":"open@resource://gre/modules/ServiceRequest.sys.mjs:126:11\nfetch/<@resource://services-settings/Utils.sys.mjs:273:15\nfetch@resource://services-settings/Utils.sys.mjs:224:12\n_fetchAttachment@resource://services-settings/Attachments.sys.mjs:560:35\ndownloadAsBytes@resource://services-settings/Attachments.sys.mjs:537:35\nobserve@resource://gre/modules/AsyncShutdown.sys.mjs:570:17\nquit@chrome://remote/content/shared/Browser.sys.mjs:94:22\nGeckoDriver.prototype.quit@chrome://remote/content/marionette/driver.sys.mjs:3463:42\ndispatch@chrome://remote/content/marionette/server.sys.mjs:318:40\nexecute@chrome://remote/content/marionette/server.sys.mjs:289:16\nonPacket/<@chrome://remote/content/marionette/server.sys.mjs:262:20\nonPacket@chrome://remote/content/marionette/server.sys.mjs:263:9\n_onJSONObjectReady/<@chrome://remote/content/marionette/transport.sys.mjs:494:20\n","nativeSavedFrame":{}}
2026-06-19 01:38:44,459 - MainProcess[log-interceptor-1106949591]- selenium_firefox     - DEBUG   : BROWSER 1106949591: driver: - message =
2026-06-19 01:38:44,459 - MainProcess[log-interceptor-1106949591]- selenium_firefox     - DEBUG   : BROWSER 1106949591: driver: - name =
2026-06-19 01:38:44,460 - MainProcess[log-interceptor-1106949591]- selenium_firefox     - DEBUG   : BROWSER 1106949591: driver: - result = 2152071198
2026-06-19 01:38:44,460 - MainProcess[log-interceptor-1106949591]- selenium_firefox     - DEBUG   : BROWSER 1106949591: driver: - stack = open@resource://gre/modules/ServiceRequest.sys.mjs:126:11|fetch/<@resource://services-settings/Utils.sys.mjs:273:15|fetch@resource://services-settings/Utils.sys.mjs:224:12|_fetchAttachment@resource://services-settings/Attachments.sys.mjs:560:35|downloadAsBytes@resource://services-settings/Attachments.sys.mjs:537:35|observe@resource://gre/modules/AsyncShutdown.sys.mjs:570:17|quit@chrome://remote/content/shared/Browser.sys.mjs:94:22|GeckoDriver.prototype.quit@chrome://remote/content/marionette/driver.sys.mjs:3463:42|dispatch@chrome://remote/content/marionette/server.sys.mjs:318:40|execute@chrome://remote/content/marionette/server.sys.mjs:289:16|onPacket/<@chrome://remote/content/marionette/server.sys.mjs:262:20|onPacket@chrome://remote/content/marionette/server.sys.mjs:263:9|_onJSONObjectReady/<@chrome://remote/content/marionette/transport.sys.mjs:494:20|
2026-06-19 01:38:44,460 - MainProcess[log-interceptor-1106949591]- selenium_firefox     - DEBUG   : BROWSER 1106949591: driver: - prototype Object
2026-06-19 01:38:44,461 - MainProcess[log-interceptor-1106949591]- selenium_firefox     - DEBUG   : BROWSER 1106949591: driver: console.error: RemoteSecuritySettings:
2026-06-19 01:38:44,461 - MainProcess[log-interceptor-1106949591]- selenium_firefox     - DEBUG   : BROWSER 1106949591: driver: failed to download CRLite filter
2026-06-19 01:38:44,461 - MainProcess[log-interceptor-1106949591]- selenium_firefox     - DEBUG   : BROWSER 1106949591: driver: Object
2026-06-19 01:38:44,462 - MainProcess[log-interceptor-1106949591]- selenium_firefox     - DEBUG   : BROWSER 1106949591: driver: - prototype Object
2026-06-19 01:38:44,462 - MainProcess[log-interceptor-1106949591]- selenium_firefox     - DEBUG   : BROWSER 1106949591: driver: - columnNumber = 11
2026-06-19 01:38:44,462 - MainProcess[log-interceptor-1106949591]- selenium_firefox     - DEBUG   : BROWSER 1106949591: driver: - data = null
2026-06-19 01:38:44,463 - MainProcess[log-interceptor-1106949591]- selenium_firefox     - DEBUG   : BROWSER 1106949591: driver: - filename = resource://gre/modules/ServiceRequest.sys.mjs
2026-06-19 01:38:44,463 - MainProcess[log-interceptor-1106949591]- selenium_firefox     - DEBUG   : BROWSER 1106949591: driver: - lineNumber = 126
2026-06-19 01:38:44,463 - MainProcess[log-interceptor-1106949591]- selenium_firefox     - DEBUG   : BROWSER 1106949591: driver: - location = {"name":"open","filename":"resource://gre/modules/ServiceRequest.sys.mjs","sourceId":25,"lineNumber":126,"columnNumber":11,"asyncCause":null,"asyncCaller":null,"caller":{"filename":"resource://services-settings/Utils.sys.mjs","name":"fetch/<","sourceId":24,"lineNumber":273,"columnNumber":15,"asyncCause":null,"asyncCaller":null,"caller":{"filename":"resource://services-settings/Utils.sys.mjs","name":"fetch","sourceId":24,"lineNumber":224,"columnNumber":12,"asyncCause":null,"asyncCaller":null,"caller":{"filename":"resource://services-settings/Attachments.sys.mjs","name":"_fetchAttachment","sourceId":23,"lineNumber":560,"columnNumber":35,"asyncCause":null,"asyncCaller":null,"caller":{"filename":"resource://services-settings/Attachments.sys.mjs","name":"downloadAsBytes","sourceId":23,"lineNumber":537,"columnNumber":35,"asyncCause":null,"asyncCaller":null,"caller":{"filename":"resource://gre/modules/AsyncShutdown.sys.mjs","name":"observe","sourceId":15,"lineNumber":570,"columnNumber":17,"asyncCause":null,"asyncCaller":null,"caller":{"filename":"chrome://remote/content/shared/Browser.sys.mjs","name":"quit","sourceId":733,"lineNumber":94,"columnNumber":22,"asyncCause":null,"asyncCaller":null,"caller":{"filename":"chrome://remote/content/marionette/driver.sys.mjs","name":"GeckoDriver.prototype.quit","sourceId":209,"lineNumber":3463,"columnNumber":42,"asyncCause":null,"asyncCaller":null,"caller":{"filename":"chrome://remote/content/marionette/server.sys.mjs","name":"dispatch","sourceId":97,"lineNumber":318,"columnNumber":40,"asyncCause":null,"asyncCaller":null,"caller":{"filename":"chrome://remote/content/marionette/server.sys.mjs","name":"execute","sourceId":97,"lineNumber":289,"columnNumber":16,"asyncCause":null,"asyncCaller":null,"caller":{"filename":"chrome://remote/content/marionette/server.sys.mjs","name":"onPacket/<","sourceId":97,"lineNumber":262,"columnNumber":20,"asyncCause":null,"asyncCaller":null,"caller":{"filename":"chrome://remote/content/marionette/server.sys.mjs","name":"onPacket","sourceId":97,"lineNumber":263,"columnNumber":9,"asyncCause":null,"asyncCaller":null,"caller":{"filename":"chrome://remote/content/marionette/transport.sys.mjs","name":"_onJSONObjectReady/<","sourceId":208,"lineNumber":494,"columnNumber":20,"asyncCause":null,"asyncCaller":null,"caller":null,"formattedStack":"_onJSONObjectReady/<@chrome://remote/content/marionette/transport.sys.mjs:494:20\n","nativeSavedFrame":{}},"formattedStack":"onPacket@chrome://remote/content/marionette/server.sys.mjs:263:9\n_onJSONObjectReady/<@chrome://remote/content/marionette/transport.sys.mjs:494:20\n","nativeSavedFrame":{}},"formattedStack":"onPacket/<@chrome://remote/content/marionette/server.sys.mjs:262:20\nonPacket@chrome://remote/content/marionette/server.sys.mjs:263:9\n_onJSONObjectReady/<@chrome://remote/content/marionette/transport.sys.mjs:494:20\n","nativeSavedFrame":{}},"formattedStack":"execute@chrome://remote/content/marionette/server.sys.mjs:289:16\nonPacket/<@chrome://remote/content/marionette/server.sys.mjs:262:20\nonPacket@chrome://remote/content/marionette/server.sys.mjs:263:9\n_onJSONObjectReady/<@chrome://remote/content/marionette/transport.sys.mjs:494:20\n","nativeSavedFrame":{}},"formattedStack":"dispatch@chrome://remote/content/marionette/server.sys.mjs:318:40\nexecute@chrome://remote/content/marionette/server.sys.mjs:289:16\nonPacket/<@chrome://remote/content/marionette/server.sys.mjs:262:20\nonPacket@chrome://remote/content/marionette/server.sys.mjs:263:9\n_onJSONObjectReady/<@chrome://remote/content/marionette/transport.sys.mjs:494:20\n","nativeSavedFrame":{}},"formattedStack":"GeckoDriver.prototype.quit@chrome://remote/content/marionette/driver.sys.mjs:3463:42\ndispatch@chrome://remote/content/marionette/server.sys.mjs:318:40\nexecute@chrome://remote/content/marionette/server.sys.mjs:289:16\nonPacket/<@chrome://remote/content/marionette/server.sys.mjs:262:20\nonPacket@chrome://remote/content/marionette/server.sys.mjs:263:9\n_onJSONObjectReady/<@chrome://remote/content/marionette/transport.sys.mjs:494:20\n","nativeSavedFrame":{}},"formattedStack":"quit@chrome://remote/content/shared/Browser.sys.mjs:94:22\nGeckoDriver.prototype.quit@chrome://remote/content/marionette/driver.sys.mjs:3463:42\ndispatch@chrome://remote/content/marionette/server.sys.mjs:318:40\nexecute@chrome://remote/content/marionette/server.sys.mjs:289:16\nonPacket/<@chrome://remote/content/marionette/server.sys.mjs:262:20\nonPacket@chrome://remote/content/marionette/server.sys.mjs:263:9\n_onJSONObjectReady/<@chrome://remote/content/marionette/transport.sys.mjs:494:20\n","nativeSavedFrame":{}},"formattedStack":"observe@resource://gre/modules/AsyncShutdown.sys.mjs:570:17\nquit@chrome://remote/content/shared/Browser.sys.mjs:94:22\nGeckoDriver.prototype.quit@chrome://remote/content/marionette/driver.sys.mjs:3463:42\ndispatch@chrome://remote/content/marionette/server.sys.mjs:318:40\nexecute@chrome://remote/content/marionette/server.sys.mjs:289:16\nonPacket/<@chrome://remote/content/marionette/server.sys.mjs:262:20\nonPacket@chrome://remote/content/marionette/server.sys.mjs:263:9\n_onJSONObjectReady/<@chrome://remote/content/marionette/transport.sys.mjs:494:20\n","nativeSavedFrame":{}},"formattedStack":"downloadAsBytes@resource://services-settings/Attachments.sys.mjs:537:35\nobserve@resource://gre/modules/AsyncShutdown.sys.mjs:570:17\nquit@chrome://remote/content/shared/Browser.sys.mjs:94:22\nGeckoDriver.prototype.quit@chrome://remote/content/marionette/driver.sys.mjs:3463:42\ndispatch@chrome://remote/content/marionette/server.sys.mjs:318:40\nexecute@chrome://remote/content/marionette/server.sys.mjs:289:16\nonPacket/<@chrome://remote/content/marionette/server.sys.mjs:262:20\nonPacket@chrome://remote/content/marionette/server.sys.mjs:263:9\n_onJSONObjectReady/<@chrome://remote/content/marionette/transport.sys.mjs:494:20\n","nativeSavedFrame":{}},"formattedStack":"_fetchAttachment@resource://services-settings/Attachments.sys.mjs:560:35\ndownloadAsBytes@resource://services-settings/Attachments.sys.mjs:537:35\nobserve@resource://gre/modules/AsyncShutdown.sys.mjs:570:17\nquit@chrome://remote/content/shared/Browser.sys.mjs:94:22\nGeckoDriver.prototype.quit@chrome://remote/content/marionette/driver.sys.mjs:3463:42\ndispatch@chrome://remote/content/marionette/server.sys.mjs:318:40\nexecute@chrome://remote/content/marionette/server.sys.mjs:289:16\nonPacket/<@chrome://remote/content/marionette/server.sys.mjs:262:20\nonPacket@chrome://remote/content/marionette/server.sys.mjs:263:9\n_onJSONObjectReady/<@chrome://remote/content/marionette/transport.sys.mjs:494:20\n","nativeSavedFrame":{}},"formattedStack":"fetch@resource://services-settings/Utils.sys.mjs:224:12\n_fetchAttachment@resource://services-settings/Attachments.sys.mjs:560:35\ndownloadAsBytes@resource://services-settings/Attachments.sys.mjs:537:35\nobserve@resource://gre/modules/AsyncShutdown.sys.mjs:570:17\nquit@chrome://remote/content/shared/Browser.sys.mjs:94:22\nGeckoDriver.prototype.quit@chrome://remote/content/marionette/driver.sys.mjs:3463:42\ndispatch@chrome://remote/content/marionette/server.sys.mjs:318:40\nexecute@chrome://remote/content/marionette/server.sys.mjs:289:16\nonPacket/<@chrome://remote/content/marionette/server.sys.mjs:262:20\nonPacket@chrome://remote/content/marionette/server.sys.mjs:263:9\n_onJSONObjectReady/<@chrome://remote/content/marionette/transport.sys.mjs:494:20\n","nativeSavedFrame":{}},"formattedStack":"fetch/<@resource://services-settings/Utils.sys.mjs:273:15\nfetch@resource://services-settings/Utils.sys.mjs:224:12\n_fetchAttachment@resource://services-settings/Attachments.sys.mjs:560:35\ndownloadAsBytes@resource://services-settings/Attachments.sys.mjs:537:35\nobserve@resource://gre/modules/AsyncShutdown.sys.mjs:570:17\nquit@chrome://remote/content/shared/Browser.sys.mjs:94:22\nGeckoDriver.prototype.quit@chrome://remote/content/marionette/driver.sys.mjs:3463:42\ndispatch@chrome://remote/content/marionette/server.sys.mjs:318:40\nexecute@chrome://remote/content/marionette/server.sys.mjs:289:16\nonPacket/<@chrome://remote/content/marionette/server.sys.mjs:262:20\nonPacket@chrome://remote/content/marionette/server.sys.mjs:263:9\n_onJSONObjectReady/<@chrome://remote/content/marionette/transport.sys.mjs:494:20\n","nativeSavedFrame":{}},"formattedStack":"open@resource://gre/modules/ServiceRequest.sys.mjs:126:11\nfetch/<@resource://services-settings/Utils.sys.mjs:273:15\nfetch@resource://services-settings/Utils.sys.mjs:224:12\n_fetchAttachment@resource://services-settings/Attachments.sys.mjs:560:35\ndownloadAsBytes@resource://services-settings/Attachments.sys.mjs:537:35\nobserve@resource://gre/modules/AsyncShutdown.sys.mjs:570:17\nquit@chrome://remote/content/shared/Browser.sys.mjs:94:22\nGeckoDriver.prototype.quit@chrome://remote/content/marionette/driver.sys.mjs:3463:42\ndispatch@chrome://remote/content/marionette/server.sys.mjs:318:40\nexecute@chrome://remote/content/marionette/server.sys.mjs:289:16\nonPacket/<@chrome://remote/content/marionette/server.sys.mjs:262:20\nonPacket@chrome://remote/content/marionette/server.sys.mjs:263:9\n_onJSONObjectReady/<@chrome://remote/content/marionette/transport.sys.mjs:494:20\n","nativeSavedFrame":{}}
2026-06-19 01:38:44,463 - MainProcess[log-interceptor-1106949591]- selenium_firefox     - DEBUG   : BROWSER 1106949591: driver: - message =
2026-06-19 01:38:44,464 - MainProcess[log-interceptor-1106949591]- selenium_firefox     - DEBUG   : BROWSER 1106949591: driver: - name =
2026-06-19 01:38:44,464 - MainProcess[log-interceptor-1106949591]- selenium_firefox     - DEBUG   : BROWSER 1106949591: driver: - result = 2152071198
2026-06-19 01:38:44,464 - MainProcess[log-interceptor-1106949591]- selenium_firefox     - DEBUG   : BROWSER 1106949591: driver: - stack = open@resource://gre/modules/ServiceRequest.sys.mjs:126:11|fetch/<@resource://services-settings/Utils.sys.mjs:273:15|fetch@resource://services-settings/Utils.sys.mjs:224:12|_fetchAttachment@resource://services-settings/Attachments.sys.mjs:560:35|downloadAsBytes@resource://services-settings/Attachments.sys.mjs:537:35|observe@resource://gre/modules/AsyncShutdown.sys.mjs:570:17|quit@chrome://remote/content/shared/Browser.sys.mjs:94:22|GeckoDriver.prototype.quit@chrome://remote/content/marionette/driver.sys.mjs:3463:42|dispatch@chrome://remote/content/marionette/server.sys.mjs:318:40|execute@chrome://remote/content/marionette/server.sys.mjs:289:16|onPacket/<@chrome://remote/content/marionette/server.sys.mjs:262:20|onPacket@chrome://remote/content/marionette/server.sys.mjs:263:9|_onJSONObjectReady/<@chrome://remote/content/marionette/transport.sys.mjs:494:20|
2026-06-19 01:38:44,465 - MainProcess[log-interceptor-1106949591]- selenium_firefox     - DEBUG   : BROWSER 1106949591: driver: - prototype Object
2026-06-19 01:38:44,465 - MainProcess[log-interceptor-1106949591]- selenium_firefox     - DEBUG   : BROWSER 1106949591: driver: console.error: RemoteSecuritySettings:
2026-06-19 01:38:44,465 - MainProcess[log-interceptor-1106949591]- selenium_firefox     - DEBUG   : BROWSER 1106949591: driver: failed to download CRLite filter
2026-06-19 01:38:44,466 - MainProcess[log-interceptor-1106949591]- selenium_firefox     - DEBUG   : BROWSER 1106949591: driver: Object
2026-06-19 01:38:44,466 - MainProcess[log-interceptor-1106949591]- selenium_firefox     - DEBUG   : BROWSER 1106949591: driver: - prototype Object
2026-06-19 01:38:44,466 - MainProcess[log-interceptor-1106949591]- selenium_firefox     - DEBUG   : BROWSER 1106949591: driver: - columnNumber = 11
2026-06-19 01:38:44,466 - MainProcess[log-interceptor-1106949591]- selenium_firefox     - DEBUG   : BROWSER 1106949591: driver: - data = null
2026-06-19 01:38:44,467 - MainProcess[log-interceptor-1106949591]- selenium_firefox     - DEBUG   : BROWSER 1106949591: driver: - filename = resource://gre/modules/ServiceRequest.sys.mjs
2026-06-19 01:38:44,467 - MainProcess[log-interceptor-1106949591]- selenium_firefox     - DEBUG   : BROWSER 1106949591: driver: - lineNumber = 126
2026-06-19 01:38:44,467 - MainProcess[log-interceptor-1106949591]- selenium_firefox     - DEBUG   : BROWSER 1106949591: driver: - location = {"name":"open","filename":"resource://gre/modules/ServiceRequest.sys.mjs","sourceId":25,"lineNumber":126,"columnNumber":11,"asyncCause":null,"asyncCaller":null,"caller":{"filename":"resource://services-settings/Utils.sys.mjs","name":"fetch/<","sourceId":24,"lineNumber":273,"columnNumber":15,"asyncCause":null,"asyncCaller":null,"caller":{"filename":"resource://services-settings/Utils.sys.mjs","name":"fetch","sourceId":24,"lineNumber":224,"columnNumber":12,"asyncCause":null,"asyncCaller":null,"caller":{"filename":"resource://services-settings/Attachments.sys.mjs","name":"_fetchAttachment","sourceId":23,"lineNumber":560,"columnNumber":35,"asyncCause":null,"asyncCaller":null,"caller":{"filename":"resource://services-settings/Attachments.sys.mjs","name":"downloadAsBytes","sourceId":23,"lineNumber":537,"columnNumber":35,"asyncCause":null,"asyncCaller":null,"caller":{"filename":"resource://gre/modules/AsyncShutdown.sys.mjs","name":"observe","sourceId":15,"lineNumber":570,"columnNumber":17,"asyncCause":null,"asyncCaller":null,"caller":{"filename":"chrome://remote/content/shared/Browser.sys.mjs","name":"quit","sourceId":733,"lineNumber":94,"columnNumber":22,"asyncCause":null,"asyncCaller":null,"caller":{"filename":"chrome://remote/content/marionette/driver.sys.mjs","name":"GeckoDriver.prototype.quit","sourceId":209,"lineNumber":3463,"columnNumber":42,"asyncCause":null,"asyncCaller":null,"caller":{"filename":"chrome://remote/content/marionette/server.sys.mjs","name":"dispatch","sourceId":97,"lineNumber":318,"columnNumber":40,"asyncCause":null,"asyncCaller":null,"caller":{"filename":"chrome://remote/content/marionette/server.sys.mjs","name":"execute","sourceId":97,"lineNumber":289,"columnNumber":16,"asyncCause":null,"asyncCaller":null,"caller":{"filename":"chrome://remote/content/marionette/server.sys.mjs","name":"onPacket/<","sourceId":97,"lineNumber":262,"columnNumber":20,"asyncCause":null,"asyncCaller":null,"caller":{"filename":"chrome://remote/content/marionette/server.sys.mjs","name":"onPacket","sourceId":97,"lineNumber":263,"columnNumber":9,"asyncCause":null,"asyncCaller":null,"caller":{"filename":"chrome://remote/content/marionette/transport.sys.mjs","name":"_onJSONObjectReady/<","sourceId":208,"lineNumber":494,"columnNumber":20,"asyncCause":null,"asyncCaller":null,"caller":null,"formattedStack":"_onJSONObjectReady/<@chrome://remote/content/marionette/transport.sys.mjs:494:20\n","nativeSavedFrame":{}},"formattedStack":"onPacket@chrome://remote/content/marionette/server.sys.mjs:263:9\n_onJSONObjectReady/<@chrome://remote/content/marionette/transport.sys.mjs:494:20\n","nativeSavedFrame":{}},"formattedStack":"onPacket/<@chrome://remote/content/marionette/server.sys.mjs:262:20\nonPacket@chrome://remote/content/marionette/server.sys.mjs:263:9\n_onJSONObjectReady/<@chrome://remote/content/marionette/transport.sys.mjs:494:20\n","nativeSavedFrame":{}},"formattedStack":"execute@chrome://remote/content/marionette/server.sys.mjs:289:16\nonPacket/<@chrome://remote/content/marionette/server.sys.mjs:262:20\nonPacket@chrome://remote/content/marionette/server.sys.mjs:263:9\n_onJSONObjectReady/<@chrome://remote/content/marionette/transport.sys.mjs:494:20\n","nativeSavedFrame":{}},"formattedStack":"dispatch@chrome://remote/content/marionette/server.sys.mjs:318:40\nexecute@chrome://remote/content/marionette/server.sys.mjs:289:16\nonPacket/<@chrome://remote/content/marionette/server.sys.mjs:262:20\nonPacket@chrome://remote/content/marionette/server.sys.mjs:263:9\n_onJSONObjectReady/<@chrome://remote/content/marionette/transport.sys.mjs:494:20\n","nativeSavedFrame":{}},"formattedStack":"GeckoDriver.prototype.quit@chrome://remote/content/marionette/driver.sys.mjs:3463:42\ndispatch@chrome://remote/content/marionette/server.sys.mjs:318:40\nexecute@chrome://remote/content/marionette/server.sys.mjs:289:16\nonPacket/<@chrome://remote/content/marionette/server.sys.mjs:262:20\nonPacket@chrome://remote/content/marionette/server.sys.mjs:263:9\n_onJSONObjectReady/<@chrome://remote/content/marionette/transport.sys.mjs:494:20\n","nativeSavedFrame":{}},"formattedStack":"quit@chrome://remote/content/shared/Browser.sys.mjs:94:22\nGeckoDriver.prototype.quit@chrome://remote/content/marionette/driver.sys.mjs:3463:42\ndispatch@chrome://remote/content/marionette/server.sys.mjs:318:40\nexecute@chrome://remote/content/marionette/server.sys.mjs:289:16\nonPacket/<@chrome://remote/content/marionette/server.sys.mjs:262:20\nonPacket@chrome://remote/content/marionette/server.sys.mjs:263:9\n_onJSONObjectReady/<@chrome://remote/content/marionette/transport.sys.mjs:494:20\n","nativeSavedFrame":{}},"formattedStack":"observe@resource://gre/modules/AsyncShutdown.sys.mjs:570:17\nquit@chrome://remote/content/shared/Browser.sys.mjs:94:22\nGeckoDriver.prototype.quit@chrome://remote/content/marionette/driver.sys.mjs:3463:42\ndispatch@chrome://remote/content/marionette/server.sys.mjs:318:40\nexecute@chrome://remote/content/marionette/server.sys.mjs:289:16\nonPacket/<@chrome://remote/content/marionette/server.sys.mjs:262:20\nonPacket@chrome://remote/content/marionette/server.sys.mjs:263:9\n_onJSONObjectReady/<@chrome://remote/content/marionette/transport.sys.mjs:494:20\n","nativeSavedFrame":{}},"formattedStack":"downloadAsBytes@resource://services-settings/Attachments.sys.mjs:537:35\nobserve@resource://gre/modules/AsyncShutdown.sys.mjs:570:17\nquit@chrome://remote/content/shared/Browser.sys.mjs:94:22\nGeckoDriver.prototype.quit@chrome://remote/content/marionette/driver.sys.mjs:3463:42\ndispatch@chrome://remote/content/marionette/server.sys.mjs:318:40\nexecute@chrome://remote/content/marionette/server.sys.mjs:289:16\nonPacket/<@chrome://remote/content/marionette/server.sys.mjs:262:20\nonPacket@chrome://remote/content/marionette/server.sys.mjs:263:9\n_onJSONObjectReady/<@chrome://remote/content/marionette/transport.sys.mjs:494:20\n","nativeSavedFrame":{}},"formattedStack":"_fetchAttachment@resource://services-settings/Attachments.sys.mjs:560:35\ndownloadAsBytes@resource://services-settings/Attachments.sys.mjs:537:35\nobserve@resource://gre/modules/AsyncShutdown.sys.mjs:570:17\nquit@chrome://remote/content/shared/Browser.sys.mjs:94:22\nGeckoDriver.prototype.quit@chrome://remote/content/marionette/driver.sys.mjs:3463:42\ndispatch@chrome://remote/content/marionette/server.sys.mjs:318:40\nexecute@chrome://remote/content/marionette/server.sys.mjs:289:16\nonPacket/<@chrome://remote/content/marionette/server.sys.mjs:262:20\nonPacket@chrome://remote/content/marionette/server.sys.mjs:263:9\n_onJSONObjectReady/<@chrome://remote/content/marionette/transport.sys.mjs:494:20\n","nativeSavedFrame":{}},"formattedStack":"fetch@resource://services-settings/Utils.sys.mjs:224:12\n_fetchAttachment@resource://services-settings/Attachments.sys.mjs:560:35\ndownloadAsBytes@resource://services-settings/Attachments.sys.mjs:537:35\nobserve@resource://gre/modules/AsyncShutdown.sys.mjs:570:17\nquit@chrome://remote/content/shared/Browser.sys.mjs:94:22\nGeckoDriver.prototype.quit@chrome://remote/content/marionette/driver.sys.mjs:3463:42\ndispatch@chrome://remote/content/marionette/server.sys.mjs:318:40\nexecute@chrome://remote/content/marionette/server.sys.mjs:289:16\nonPacket/<@chrome://remote/content/marionette/server.sys.mjs:262:20\nonPacket@chrome://remote/content/marionette/server.sys.mjs:263:9\n_onJSONObjectReady/<@chrome://remote/content/marionette/transport.sys.mjs:494:20\n","nativeSavedFrame":{}},"formattedStack":"fetch/<@resource://services-settings/Utils.sys.mjs:273:15\nfetch@resource://services-settings/Utils.sys.mjs:224:12\n_fetchAttachment@resource://services-settings/Attachments.sys.mjs:560:35\ndownloadAsBytes@resource://services-settings/Attachments.sys.mjs:537:35\nobserve@resource://gre/modules/AsyncShutdown.sys.mjs:570:17\nquit@chrome://remote/content/shared/Browser.sys.mjs:94:22\nGeckoDriver.prototype.quit@chrome://remote/content/marionette/driver.sys.mjs:3463:42\ndispatch@chrome://remote/content/marionette/server.sys.mjs:318:40\nexecute@chrome://remote/content/marionette/server.sys.mjs:289:16\nonPacket/<@chrome://remote/content/marionette/server.sys.mjs:262:20\nonPacket@chrome://remote/content/marionette/server.sys.mjs:263:9\n_onJSONObjectReady/<@chrome://remote/content/marionette/transport.sys.mjs:494:20\n","nativeSavedFrame":{}},"formattedStack":"open@resource://gre/modules/ServiceRequest.sys.mjs:126:11\nfetch/<@resource://services-settings/Utils.sys.mjs:273:15\nfetch@resource://services-settings/Utils.sys.mjs:224:12\n_fetchAttachment@resource://services-settings/Attachments.sys.mjs:560:35\ndownloadAsBytes@resource://services-settings/Attachments.sys.mjs:537:35\nobserve@resource://gre/modules/AsyncShutdown.sys.mjs:570:17\nquit@chrome://remote/content/shared/Browser.sys.mjs:94:22\nGeckoDriver.prototype.quit@chrome://remote/content/marionette/driver.sys.mjs:3463:42\ndispatch@chrome://remote/content/marionette/server.sys.mjs:318:40\nexecute@chrome://remote/content/marionette/server.sys.mjs:289:16\nonPacket/<@chrome://remote/content/marionette/server.sys.mjs:262:20\nonPacket@chrome://remote/content/marionette/server.sys.mjs:263:9\n_onJSONObjectReady/<@chrome://remote/content/marionette/transport.sys.mjs:494:20\n","nativeSavedFrame":{}}
2026-06-19 01:38:44,468 - MainProcess[log-interceptor-1106949591]- selenium_firefox     - DEBUG   : BROWSER 1106949591: driver: - message =
2026-06-19 01:38:44,468 - MainProcess[log-interceptor-1106949591]- selenium_firefox     - DEBUG   : BROWSER 1106949591: driver: - name =
2026-06-19 01:38:44,468 - MainProcess[log-interceptor-1106949591]- selenium_firefox     - DEBUG   : BROWSER 1106949591: driver: - result = 2152071198
2026-06-19 01:38:44,469 - MainProcess[log-interceptor-1106949591]- selenium_firefox     - DEBUG   : BROWSER 1106949591: driver: - stack = open@resource://gre/modules/ServiceRequest.sys.mjs:126:11|fetch/<@resource://services-settings/Utils.sys.mjs:273:15|fetch@resource://services-settings/Utils.sys.mjs:224:12|_fetchAttachment@resource://services-settings/Attachments.sys.mjs:560:35|downloadAsBytes@resource://services-settings/Attachments.sys.mjs:537:35|observe@resource://gre/modules/AsyncShutdown.sys.mjs:570:17|quit@chrome://remote/content/shared/Browser.sys.mjs:94:22|GeckoDriver.prototype.quit@chrome://remote/content/marionette/driver.sys.mjs:3463:42|dispatch@chrome://remote/content/marionette/server.sys.mjs:318:40|execute@chrome://remote/content/marionette/server.sys.mjs:289:16|onPacket/<@chrome://remote/content/marionette/server.sys.mjs:262:20|onPacket@chrome://remote/content/marionette/server.sys.mjs:263:9|_onJSONObjectReady/<@chrome://remote/content/marionette/transport.sys.mjs:494:20|
2026-06-19 01:38:44,469 - MainProcess[log-interceptor-1106949591]- selenium_firefox     - DEBUG   : BROWSER 1106949591: driver: - prototype Object
2026-06-19 01:38:44,470 - MainProcess[log-interceptor-1106949591]- selenium_firefox     - DEBUG   : BROWSER 1106949591: driver: console.error: RemoteSecuritySettings:
2026-06-19 01:38:44,470 - MainProcess[log-interceptor-1106949591]- selenium_firefox     - DEBUG   : BROWSER 1106949591: driver: failed to download CRLite filter
2026-06-19 01:38:44,470 - MainProcess[log-interceptor-1106949591]- selenium_firefox     - DEBUG   : BROWSER 1106949591: driver: Object
2026-06-19 01:38:44,471 - MainProcess[log-interceptor-1106949591]- selenium_firefox     - DEBUG   : BROWSER 1106949591: driver: - prototype Object
2026-06-19 01:38:44,471 - MainProcess[log-interceptor-1106949591]- selenium_firefox     - DEBUG   : BROWSER 1106949591: driver: - columnNumber = 11
2026-06-19 01:38:44,471 - MainProcess[log-interceptor-1106949591]- selenium_firefox     - DEBUG   : BROWSER 1106949591: driver: - data = null
2026-06-19 01:38:44,472 - MainProcess[log-interceptor-1106949591]- selenium_firefox     - DEBUG   : BROWSER 1106949591: driver: - filename = resource://gre/modules/ServiceRequest.sys.mjs
2026-06-19 01:38:44,472 - MainProcess[log-interceptor-1106949591]- selenium_firefox     - DEBUG   : BROWSER 1106949591: driver: - lineNumber = 126
2026-06-19 01:38:44,472 - MainProcess[log-interceptor-1106949591]- selenium_firefox     - DEBUG   : BROWSER 1106949591: driver: - location = {"name":"open","filename":"resource://gre/modules/ServiceRequest.sys.mjs","sourceId":25,"lineNumber":126,"columnNumber":11,"asyncCause":null,"asyncCaller":null,"caller":{"filename":"resource://services-settings/Utils.sys.mjs","name":"fetch/<","sourceId":24,"lineNumber":273,"columnNumber":15,"asyncCause":null,"asyncCaller":null,"caller":{"filename":"resource://services-settings/Utils.sys.mjs","name":"fetch","sourceId":24,"lineNumber":224,"columnNumber":12,"asyncCause":null,"asyncCaller":null,"caller":{"filename":"resource://services-settings/Attachments.sys.mjs","name":"_fetchAttachment","sourceId":23,"lineNumber":560,"columnNumber":35,"asyncCause":null,"asyncCaller":null,"caller":{"filename":"resource://services-settings/Attachments.sys.mjs","name":"downloadAsBytes","sourceId":23,"lineNumber":537,"columnNumber":35,"asyncCause":null,"asyncCaller":null,"caller":{"filename":"resource://gre/modules/AsyncShutdown.sys.mjs","name":"observe","sourceId":15,"lineNumber":570,"columnNumber":17,"asyncCause":null,"asyncCaller":null,"caller":{"filename":"chrome://remote/content/shared/Browser.sys.mjs","name":"quit","sourceId":733,"lineNumber":94,"columnNumber":22,"asyncCause":null,"asyncCaller":null,"caller":{"filename":"chrome://remote/content/marionette/driver.sys.mjs","name":"GeckoDriver.prototype.quit","sourceId":209,"lineNumber":3463,"columnNumber":42,"asyncCause":null,"asyncCaller":null,"caller":{"filename":"chrome://remote/content/marionette/server.sys.mjs","name":"dispatch","sourceId":97,"lineNumber":318,"columnNumber":40,"asyncCause":null,"asyncCaller":null,"caller":{"filename":"chrome://remote/content/marionette/server.sys.mjs","name":"execute","sourceId":97,"lineNumber":289,"columnNumber":16,"asyncCause":null,"asyncCaller":null,"caller":{"filename":"chrome://remote/content/marionette/server.sys.mjs","name":"onPacket/<","sourceId":97,"lineNumber":262,"columnNumber":20,"asyncCause":null,"asyncCaller":null,"caller":{"filename":"chrome://remote/content/marionette/server.sys.mjs","name":"onPacket","sourceId":97,"lineNumber":263,"columnNumber":9,"asyncCause":null,"asyncCaller":null,"caller":{"filename":"chrome://remote/content/marionette/transport.sys.mjs","name":"_onJSONObjectReady/<","sourceId":208,"lineNumber":494,"columnNumber":20,"asyncCause":null,"asyncCaller":null,"caller":null,"formattedStack":"_onJSONObjectReady/<@chrome://remote/content/marionette/transport.sys.mjs:494:20\n","nativeSavedFrame":{}},"formattedStack":"onPacket@chrome://remote/content/marionette/server.sys.mjs:263:9\n_onJSONObjectReady/<@chrome://remote/content/marionette/transport.sys.mjs:494:20\n","nativeSavedFrame":{}},"formattedStack":"onPacket/<@chrome://remote/content/marionette/server.sys.mjs:262:20\nonPacket@chrome://remote/content/marionette/server.sys.mjs:263:9\n_onJSONObjectReady/<@chrome://remote/content/marionette/transport.sys.mjs:494:20\n","nativeSavedFrame":{}},"formattedStack":"execute@chrome://remote/content/marionette/server.sys.mjs:289:16\nonPacket/<@chrome://remote/content/marionette/server.sys.mjs:262:20\nonPacket@chrome://remote/content/marionette/server.sys.mjs:263:9\n_onJSONObjectReady/<@chrome://remote/content/marionette/transport.sys.mjs:494:20\n","nativeSavedFrame":{}},"formattedStack":"dispatch@chrome://remote/content/marionette/server.sys.mjs:318:40\nexecute@chrome://remote/content/marionette/server.sys.mjs:289:16\nonPacket/<@chrome://remote/content/marionette/server.sys.mjs:262:20\nonPacket@chrome://remote/content/marionette/server.sys.mjs:263:9\n_onJSONObjectReady/<@chrome://remote/content/marionette/transport.sys.mjs:494:20\n","nativeSavedFrame":{}},"formattedStack":"GeckoDriver.prototype.quit@chrome://remote/content/marionette/driver.sys.mjs:3463:42\ndispatch@chrome://remote/content/marionette/server.sys.mjs:318:40\nexecute@chrome://remote/content/marionette/server.sys.mjs:289:16\nonPacket/<@chrome://remote/content/marionette/server.sys.mjs:262:20\nonPacket@chrome://remote/content/marionette/server.sys.mjs:263:9\n_onJSONObjectReady/<@chrome://remote/content/marionette/transport.sys.mjs:494:20\n","nativeSavedFrame":{}},"formattedStack":"quit@chrome://remote/content/shared/Browser.sys.mjs:94:22\nGeckoDriver.prototype.quit@chrome://remote/content/marionette/driver.sys.mjs:3463:42\ndispatch@chrome://remote/content/marionette/server.sys.mjs:318:40\nexecute@chrome://remote/content/marionette/server.sys.mjs:289:16\nonPacket/<@chrome://remote/content/marionette/server.sys.mjs:262:20\nonPacket@chrome://remote/content/marionette/server.sys.mjs:263:9\n_onJSONObjectReady/<@chrome://remote/content/marionette/transport.sys.mjs:494:20\n","nativeSavedFrame":{}},"formattedStack":"observe@resource://gre/modules/AsyncShutdown.sys.mjs:570:17\nquit@chrome://remote/content/shared/Browser.sys.mjs:94:22\nGeckoDriver.prototype.quit@chrome://remote/content/marionette/driver.sys.mjs:3463:42\ndispatch@chrome://remote/content/marionette/server.sys.mjs:318:40\nexecute@chrome://remote/content/marionette/server.sys.mjs:289:16\nonPacket/<@chrome://remote/content/marionette/server.sys.mjs:262:20\nonPacket@chrome://remote/content/marionette/server.sys.mjs:263:9\n_onJSONObjectReady/<@chrome://remote/content/marionette/transport.sys.mjs:494:20\n","nativeSavedFrame":{}},"formattedStack":"downloadAsBytes@resource://services-settings/Attachments.sys.mjs:537:35\nobserve@resource://gre/modules/AsyncShutdown.sys.mjs:570:17\nquit@chrome://remote/content/shared/Browser.sys.mjs:94:22\nGeckoDriver.prototype.quit@chrome://remote/content/marionette/driver.sys.mjs:3463:42\ndispatch@chrome://remote/content/marionette/server.sys.mjs:318:40\nexecute@chrome://remote/content/marionette/server.sys.mjs:289:16\nonPacket/<@chrome://remote/content/marionette/server.sys.mjs:262:20\nonPacket@chrome://remote/content/marionette/server.sys.mjs:263:9\n_onJSONObjectReady/<@chrome://remote/content/marionette/transport.sys.mjs:494:20\n","nativeSavedFrame":{}},"formattedStack":"_fetchAttachment@resource://services-settings/Attachments.sys.mjs:560:35\ndownloadAsBytes@resource://services-settings/Attachments.sys.mjs:537:35\nobserve@resource://gre/modules/AsyncShutdown.sys.mjs:570:17\nquit@chrome://remote/content/shared/Browser.sys.mjs:94:22\nGeckoDriver.prototype.quit@chrome://remote/content/marionette/driver.sys.mjs:3463:42\ndispatch@chrome://remote/content/marionette/server.sys.mjs:318:40\nexecute@chrome://remote/content/marionette/server.sys.mjs:289:16\nonPacket/<@chrome://remote/content/marionette/server.sys.mjs:262:20\nonPacket@chrome://remote/content/marionette/server.sys.mjs:263:9\n_onJSONObjectReady/<@chrome://remote/content/marionette/transport.sys.mjs:494:20\n","nativeSavedFrame":{}},"formattedStack":"fetch@resource://services-settings/Utils.sys.mjs:224:12\n_fetchAttachment@resource://services-settings/Attachments.sys.mjs:560:35\ndownloadAsBytes@resource://services-settings/Attachments.sys.mjs:537:35\nobserve@resource://gre/modules/AsyncShutdown.sys.mjs:570:17\nquit@chrome://remote/content/shared/Browser.sys.mjs:94:22\nGeckoDriver.prototype.quit@chrome://remote/content/marionette/driver.sys.mjs:3463:42\ndispatch@chrome://remote/content/marionette/server.sys.mjs:318:40\nexecute@chrome://remote/content/marionette/server.sys.mjs:289:16\nonPacket/<@chrome://remote/content/marionette/server.sys.mjs:262:20\nonPacket@chrome://remote/content/marionette/server.sys.mjs:263:9\n_onJSONObjectReady/<@chrome://remote/content/marionette/transport.sys.mjs:494:20\n","nativeSavedFrame":{}},"formattedStack":"fetch/<@resource://services-settings/Utils.sys.mjs:273:15\nfetch@resource://services-settings/Utils.sys.mjs:224:12\n_fetchAttachment@resource://services-settings/Attachments.sys.mjs:560:35\ndownloadAsBytes@resource://services-settings/Attachments.sys.mjs:537:35\nobserve@resource://gre/modules/AsyncShutdown.sys.mjs:570:17\nquit@chrome://remote/content/shared/Browser.sys.mjs:94:22\nGeckoDriver.prototype.quit@chrome://remote/content/marionette/driver.sys.mjs:3463:42\ndispatch@chrome://remote/content/marionette/server.sys.mjs:318:40\nexecute@chrome://remote/content/marionette/server.sys.mjs:289:16\nonPacket/<@chrome://remote/content/marionette/server.sys.mjs:262:20\nonPacket@chrome://remote/content/marionette/server.sys.mjs:263:9\n_onJSONObjectReady/<@chrome://remote/content/marionette/transport.sys.mjs:494:20\n","nativeSavedFrame":{}},"formattedStack":"open@resource://gre/modules/ServiceRequest.sys.mjs:126:11\nfetch/<@resource://services-settings/Utils.sys.mjs:273:15\nfetch@resource://services-settings/Utils.sys.mjs:224:12\n_fetchAttachment@resource://services-settings/Attachments.sys.mjs:560:35\ndownloadAsBytes@resource://services-settings/Attachments.sys.mjs:537:35\nobserve@resource://gre/modules/AsyncShutdown.sys.mjs:570:17\nquit@chrome://remote/content/shared/Browser.sys.mjs:94:22\nGeckoDriver.prototype.quit@chrome://remote/content/marionette/driver.sys.mjs:3463:42\ndispatch@chrome://remote/content/marionette/server.sys.mjs:318:40\nexecute@chrome://remote/content/marionette/server.sys.mjs:289:16\nonPacket/<@chrome://remote/content/marionette/server.sys.mjs:262:20\nonPacket@chrome://remote/content/marionette/server.sys.mjs:263:9\n_onJSONObjectReady/<@chrome://remote/content/marionette/transport.sys.mjs:494:20\n","nativeSavedFrame":{}}
2026-06-19 01:38:44,473 - MainProcess[log-interceptor-1106949591]- selenium_firefox     - DEBUG   : BROWSER 1106949591: driver: - message =
2026-06-19 01:38:44,473 - MainProcess[log-interceptor-1106949591]- selenium_firefox     - DEBUG   : BROWSER 1106949591: driver: - name =
2026-06-19 01:38:44,473 - MainProcess[log-interceptor-1106949591]- selenium_firefox     - DEBUG   : BROWSER 1106949591: driver: - result = 2152071198
2026-06-19 01:38:44,474 - MainProcess[log-interceptor-1106949591]- selenium_firefox     - DEBUG   : BROWSER 1106949591: driver: - stack = open@resource://gre/modules/ServiceRequest.sys.mjs:126:11|fetch/<@resource://services-settings/Utils.sys.mjs:273:15|fetch@resource://services-settings/Utils.sys.mjs:224:12|_fetchAttachment@resource://services-settings/Attachments.sys.mjs:560:35|downloadAsBytes@resource://services-settings/Attachments.sys.mjs:537:35|observe@resource://gre/modules/AsyncShutdown.sys.mjs:570:17|quit@chrome://remote/content/shared/Browser.sys.mjs:94:22|GeckoDriver.prototype.quit@chrome://remote/content/marionette/driver.sys.mjs:3463:42|dispatch@chrome://remote/content/marionette/server.sys.mjs:318:40|execute@chrome://remote/content/marionette/server.sys.mjs:289:16|onPacket/<@chrome://remote/content/marionette/server.sys.mjs:262:20|onPacket@chrome://remote/content/marionette/server.sys.mjs:263:9|_onJSONObjectReady/<@chrome://remote/content/marionette/transport.sys.mjs:494:20|
2026-06-19 01:38:44,474 - MainProcess[log-interceptor-1106949591]- selenium_firefox     - DEBUG   : BROWSER 1106949591: driver: - prototype Object
2026-06-19 01:38:44,474 - MainProcess[log-interceptor-1106949591]- selenium_firefox     - DEBUG   : BROWSER 1106949591: driver: console.error: RemoteSecuritySettings:
2026-06-19 01:38:44,475 - MainProcess[log-interceptor-1106949591]- selenium_firefox     - DEBUG   : BROWSER 1106949591: driver: failed to download CRLite filter
2026-06-19 01:38:44,475 - MainProcess[log-interceptor-1106949591]- selenium_firefox     - DEBUG   : BROWSER 1106949591: driver: Object
2026-06-19 01:38:44,475 - MainProcess[log-interceptor-1106949591]- selenium_firefox     - DEBUG   : BROWSER 1106949591: driver: - prototype Object
2026-06-19 01:38:44,476 - MainProcess[log-interceptor-1106949591]- selenium_firefox     - DEBUG   : BROWSER 1106949591: driver: - columnNumber = 11
2026-06-19 01:38:44,476 - MainProcess[log-interceptor-1106949591]- selenium_firefox     - DEBUG   : BROWSER 1106949591: driver: - data = null
2026-06-19 01:38:44,476 - MainProcess[log-interceptor-1106949591]- selenium_firefox     - DEBUG   : BROWSER 1106949591: driver: - filename = resource://gre/modules/ServiceRequest.sys.mjs
2026-06-19 01:38:44,477 - MainProcess[log-interceptor-1106949591]- selenium_firefox     - DEBUG   : BROWSER 1106949591: driver: - lineNumber = 126
2026-06-19 01:38:44,477 - MainProcess[log-interceptor-1106949591]- selenium_firefox     - DEBUG   : BROWSER 1106949591: driver: - location = {"name":"open","filename":"resource://gre/modules/ServiceRequest.sys.mjs","sourceId":25,"lineNumber":126,"columnNumber":11,"asyncCause":null,"asyncCaller":null,"caller":{"filename":"resource://services-settings/Utils.sys.mjs","name":"fetch/<","sourceId":24,"lineNumber":273,"columnNumber":15,"asyncCause":null,"asyncCaller":null,"caller":{"filename":"resource://services-settings/Utils.sys.mjs","name":"fetch","sourceId":24,"lineNumber":224,"columnNumber":12,"asyncCause":null,"asyncCaller":null,"caller":{"filename":"resource://services-settings/Attachments.sys.mjs","name":"_fetchAttachment","sourceId":23,"lineNumber":560,"columnNumber":35,"asyncCause":null,"asyncCaller":null,"caller":{"filename":"resource://services-settings/Attachments.sys.mjs","name":"downloadAsBytes","sourceId":23,"lineNumber":537,"columnNumber":35,"asyncCause":null,"asyncCaller":null,"caller":{"filename":"resource://gre/modules/AsyncShutdown.sys.mjs","name":"observe","sourceId":15,"lineNumber":570,"columnNumber":17,"asyncCause":null,"asyncCaller":null,"caller":{"filename":"chrome://remote/content/shared/Browser.sys.mjs","name":"quit","sourceId":733,"lineNumber":94,"columnNumber":22,"asyncCause":null,"asyncCaller":null,"caller":{"filename":"chrome://remote/content/marionette/driver.sys.mjs","name":"GeckoDriver.prototype.quit","sourceId":209,"lineNumber":3463,"columnNumber":42,"asyncCause":null,"asyncCaller":null,"caller":{"filename":"chrome://remote/content/marionette/server.sys.mjs","name":"dispatch","sourceId":97,"lineNumber":318,"columnNumber":40,"asyncCause":null,"asyncCaller":null,"caller":{"filename":"chrome://remote/content/marionette/server.sys.mjs","name":"execute","sourceId":97,"lineNumber":289,"columnNumber":16,"asyncCause":null,"asyncCaller":null,"caller":{"filename":"chrome://remote/content/marionette/server.sys.mjs","name":"onPacket/<","sourceId":97,"lineNumber":262,"columnNumber":20,"asyncCause":null,"asyncCaller":null,"caller":{"filename":"chrome://remote/content/marionette/server.sys.mjs","name":"onPacket","sourceId":97,"lineNumber":263,"columnNumber":9,"asyncCause":null,"asyncCaller":null,"caller":{"filename":"chrome://remote/content/marionette/transport.sys.mjs","name":"_onJSONObjectReady/<","sourceId":208,"lineNumber":494,"columnNumber":20,"asyncCause":null,"asyncCaller":null,"caller":null,"formattedStack":"_onJSONObjectReady/<@chrome://remote/content/marionette/transport.sys.mjs:494:20\n","nativeSavedFrame":{}},"formattedStack":"onPacket@chrome://remote/content/marionette/server.sys.mjs:263:9\n_onJSONObjectReady/<@chrome://remote/content/marionette/transport.sys.mjs:494:20\n","nativeSavedFrame":{}},"formattedStack":"onPacket/<@chrome://remote/content/marionette/server.sys.mjs:262:20\nonPacket@chrome://remote/content/marionette/server.sys.mjs:263:9\n_onJSONObjectReady/<@chrome://remote/content/marionette/transport.sys.mjs:494:20\n","nativeSavedFrame":{}},"formattedStack":"execute@chrome://remote/content/marionette/server.sys.mjs:289:16\nonPacket/<@chrome://remote/content/marionette/server.sys.mjs:262:20\nonPacket@chrome://remote/content/marionette/server.sys.mjs:263:9\n_onJSONObjectReady/<@chrome://remote/content/marionette/transport.sys.mjs:494:20\n","nativeSavedFrame":{}},"formattedStack":"dispatch@chrome://remote/content/marionette/server.sys.mjs:318:40\nexecute@chrome://remote/content/marionette/server.sys.mjs:289:16\nonPacket/<@chrome://remote/content/marionette/server.sys.mjs:262:20\nonPacket@chrome://remote/content/marionette/server.sys.mjs:263:9\n_onJSONObjectReady/<@chrome://remote/content/marionette/transport.sys.mjs:494:20\n","nativeSavedFrame":{}},"formattedStack":"GeckoDriver.prototype.quit@chrome://remote/content/marionette/driver.sys.mjs:3463:42\ndispatch@chrome://remote/content/marionette/server.sys.mjs:318:40\nexecute@chrome://remote/content/marionette/server.sys.mjs:289:16\nonPacket/<@chrome://remote/content/marionette/server.sys.mjs:262:20\nonPacket@chrome://remote/content/marionette/server.sys.mjs:263:9\n_onJSONObjectReady/<@chrome://remote/content/marionette/transport.sys.mjs:494:20\n","nativeSavedFrame":{}},"formattedStack":"quit@chrome://remote/content/shared/Browser.sys.mjs:94:22\nGeckoDriver.prototype.quit@chrome://remote/content/marionette/driver.sys.mjs:3463:42\ndispatch@chrome://remote/content/marionette/server.sys.mjs:318:40\nexecute@chrome://remote/content/marionette/server.sys.mjs:289:16\nonPacket/<@chrome://remote/content/marionette/server.sys.mjs:262:20\nonPacket@chrome://remote/content/marionette/server.sys.mjs:263:9\n_onJSONObjectReady/<@chrome://remote/content/marionette/transport.sys.mjs:494:20\n","nativeSavedFrame":{}},"formattedStack":"observe@resource://gre/modules/AsyncShutdown.sys.mjs:570:17\nquit@chrome://remote/content/shared/Browser.sys.mjs:94:22\nGeckoDriver.prototype.quit@chrome://remote/content/marionette/driver.sys.mjs:3463:42\ndispatch@chrome://remote/content/marionette/server.sys.mjs:318:40\nexecute@chrome://remote/content/marionette/server.sys.mjs:289:16\nonPacket/<@chrome://remote/content/marionette/server.sys.mjs:262:20\nonPacket@chrome://remote/content/marionette/server.sys.mjs:263:9\n_onJSONObjectReady/<@chrome://remote/content/marionette/transport.sys.mjs:494:20\n","nativeSavedFrame":{}},"formattedStack":"downloadAsBytes@resource://services-settings/Attachments.sys.mjs:537:35\nobserve@resource://gre/modules/AsyncShutdown.sys.mjs:570:17\nquit@chrome://remote/content/shared/Browser.sys.mjs:94:22\nGeckoDriver.prototype.quit@chrome://remote/content/marionette/driver.sys.mjs:3463:42\ndispatch@chrome://remote/content/marionette/server.sys.mjs:318:40\nexecute@chrome://remote/content/marionette/server.sys.mjs:289:16\nonPacket/<@chrome://remote/content/marionette/server.sys.mjs:262:20\nonPacket@chrome://remote/content/marionette/server.sys.mjs:263:9\n_onJSONObjectReady/<@chrome://remote/content/marionette/transport.sys.mjs:494:20\n","nativeSavedFrame":{}},"formattedStack":"_fetchAttachment@resource://services-settings/Attachments.sys.mjs:560:35\ndownloadAsBytes@resource://services-settings/Attachments.sys.mjs:537:35\nobserve@resource://gre/modules/AsyncShutdown.sys.mjs:570:17\nquit@chrome://remote/content/shared/Browser.sys.mjs:94:22\nGeckoDriver.prototype.quit@chrome://remote/content/marionette/driver.sys.mjs:3463:42\ndispatch@chrome://remote/content/marionette/server.sys.mjs:318:40\nexecute@chrome://remote/content/marionette/server.sys.mjs:289:16\nonPacket/<@chrome://remote/content/marionette/server.sys.mjs:262:20\nonPacket@chrome://remote/content/marionette/server.sys.mjs:263:9\n_onJSONObjectReady/<@chrome://remote/content/marionette/transport.sys.mjs:494:20\n","nativeSavedFrame":{}},"formattedStack":"fetch@resource://services-settings/Utils.sys.mjs:224:12\n_fetchAttachment@resource://services-settings/Attachments.sys.mjs:560:35\ndownloadAsBytes@resource://services-settings/Attachments.sys.mjs:537:35\nobserve@resource://gre/modules/AsyncShutdown.sys.mjs:570:17\nquit@chrome://remote/content/shared/Browser.sys.mjs:94:22\nGeckoDriver.prototype.quit@chrome://remote/content/marionette/driver.sys.mjs:3463:42\ndispatch@chrome://remote/content/marionette/server.sys.mjs:318:40\nexecute@chrome://remote/content/marionette/server.sys.mjs:289:16\nonPacket/<@chrome://remote/content/marionette/server.sys.mjs:262:20\nonPacket@chrome://remote/content/marionette/server.sys.mjs:263:9\n_onJSONObjectReady/<@chrome://remote/content/marionette/transport.sys.mjs:494:20\n","nativeSavedFrame":{}},"formattedStack":"fetch/<@resource://services-settings/Utils.sys.mjs:273:15\nfetch@resource://services-settings/Utils.sys.mjs:224:12\n_fetchAttachment@resource://services-settings/Attachments.sys.mjs:560:35\ndownloadAsBytes@resource://services-settings/Attachments.sys.mjs:537:35\nobserve@resource://gre/modules/AsyncShutdown.sys.mjs:570:17\nquit@chrome://remote/content/shared/Browser.sys.mjs:94:22\nGeckoDriver.prototype.quit@chrome://remote/content/marionette/driver.sys.mjs:3463:42\ndispatch@chrome://remote/content/marionette/server.sys.mjs:318:40\nexecute@chrome://remote/content/marionette/server.sys.mjs:289:16\nonPacket/<@chrome://remote/content/marionette/server.sys.mjs:262:20\nonPacket@chrome://remote/content/marionette/server.sys.mjs:263:9\n_onJSONObjectReady/<@chrome://remote/content/marionette/transport.sys.mjs:494:20\n","nativeSavedFrame":{}},"formattedStack":"open@resource://gre/modules/ServiceRequest.sys.mjs:126:11\nfetch/<@resource://services-settings/Utils.sys.mjs:273:15\nfetch@resource://services-settings/Utils.sys.mjs:224:12\n_fetchAttachment@resource://services-settings/Attachments.sys.mjs:560:35\ndownloadAsBytes@resource://services-settings/Attachments.sys.mjs:537:35\nobserve@resource://gre/modules/AsyncShutdown.sys.mjs:570:17\nquit@chrome://remote/content/shared/Browser.sys.mjs:94:22\nGeckoDriver.prototype.quit@chrome://remote/content/marionette/driver.sys.mjs:3463:42\ndispatch@chrome://remote/content/marionette/server.sys.mjs:318:40\nexecute@chrome://remote/content/marionette/server.sys.mjs:289:16\nonPacket/<@chrome://remote/content/marionette/server.sys.mjs:262:20\nonPacket@chrome://remote/content/marionette/server.sys.mjs:263:9\n_onJSONObjectReady/<@chrome://remote/content/marionette/transport.sys.mjs:494:20\n","nativeSavedFrame":{}}
2026-06-19 01:38:44,478 - MainProcess[log-interceptor-1106949591]- selenium_firefox     - DEBUG   : BROWSER 1106949591: driver: - message =
2026-06-19 01:38:44,478 - MainProcess[log-interceptor-1106949591]- selenium_firefox     - DEBUG   : BROWSER 1106949591: driver: - name =
2026-06-19 01:38:44,478 - MainProcess[log-interceptor-1106949591]- selenium_firefox     - DEBUG   : BROWSER 1106949591: driver: - result = 2152071198
2026-06-19 01:38:44,478 - MainProcess[log-interceptor-1106949591]- selenium_firefox     - DEBUG   : BROWSER 1106949591: driver: - stack = open@resource://gre/modules/ServiceRequest.sys.mjs:126:11|fetch/<@resource://services-settings/Utils.sys.mjs:273:15|fetch@resource://services-settings/Utils.sys.mjs:224:12|_fetchAttachment@resource://services-settings/Attachments.sys.mjs:560:35|downloadAsBytes@resource://services-settings/Attachments.sys.mjs:537:35|observe@resource://gre/modules/AsyncShutdown.sys.mjs:570:17|quit@chrome://remote/content/shared/Browser.sys.mjs:94:22|GeckoDriver.prototype.quit@chrome://remote/content/marionette/driver.sys.mjs:3463:42|dispatch@chrome://remote/content/marionette/server.sys.mjs:318:40|execute@chrome://remote/content/marionette/server.sys.mjs:289:16|onPacket/<@chrome://remote/content/marionette/server.sys.mjs:262:20|onPacket@chrome://remote/content/marionette/server.sys.mjs:263:9|_onJSONObjectReady/<@chrome://remote/content/marionette/transport.sys.mjs:494:20|
2026-06-19 01:38:44,479 - MainProcess[log-interceptor-1106949591]- selenium_firefox     - DEBUG   : BROWSER 1106949591: driver: - prototype Object
2026-06-19 01:38:44,479 - MainProcess[log-interceptor-1106949591]- selenium_firefox     - DEBUG   : BROWSER 1106949591: driver: console.error: RemoteSecuritySettings:
2026-06-19 01:38:44,479 - MainProcess[log-interceptor-1106949591]- selenium_firefox     - DEBUG   : BROWSER 1106949591: driver: failed to download CRLite filter
2026-06-19 01:38:44,480 - MainProcess[log-interceptor-1106949591]- selenium_firefox     - DEBUG   : BROWSER 1106949591: driver: Object
2026-06-19 01:38:44,480 - MainProcess[log-interceptor-1106949591]- selenium_firefox     - DEBUG   : BROWSER 1106949591: driver: - prototype Object
2026-06-19 01:38:44,480 - MainProcess[log-interceptor-1106949591]- selenium_firefox     - DEBUG   : BROWSER 1106949591: driver: - columnNumber = 11
2026-06-19 01:38:44,481 - MainProcess[log-interceptor-1106949591]- selenium_firefox     - DEBUG   : BROWSER 1106949591: driver: - data = null
2026-06-19 01:38:44,481 - MainProcess[log-interceptor-1106949591]- selenium_firefox     - DEBUG   : BROWSER 1106949591: driver: - filename = resource://gre/modules/ServiceRequest.sys.mjs
2026-06-19 01:38:44,481 - MainProcess[log-interceptor-1106949591]- selenium_firefox     - DEBUG   : BROWSER 1106949591: driver: - lineNumber = 126
2026-06-19 01:38:44,482 - MainProcess[log-interceptor-1106949591]- selenium_firefox     - DEBUG   : BROWSER 1106949591: driver: - location = {"name":"open","filename":"resource://gre/modules/ServiceRequest.sys.mjs","sourceId":25,"lineNumber":126,"columnNumber":11,"asyncCause":null,"asyncCaller":null,"caller":{"filename":"resource://services-settings/Utils.sys.mjs","name":"fetch/<","sourceId":24,"lineNumber":273,"columnNumber":15,"asyncCause":null,"asyncCaller":null,"caller":{"filename":"resource://services-settings/Utils.sys.mjs","name":"fetch","sourceId":24,"lineNumber":224,"columnNumber":12,"asyncCause":null,"asyncCaller":null,"caller":{"filename":"resource://services-settings/Attachments.sys.mjs","name":"_fetchAttachment","sourceId":23,"lineNumber":560,"columnNumber":35,"asyncCause":null,"asyncCaller":null,"caller":{"filename":"resource://services-settings/Attachments.sys.mjs","name":"downloadAsBytes","sourceId":23,"lineNumber":537,"columnNumber":35,"asyncCause":null,"asyncCaller":null,"caller":{"filename":"resource://gre/modules/AsyncShutdown.sys.mjs","name":"observe","sourceId":15,"lineNumber":570,"columnNumber":17,"asyncCause":null,"asyncCaller":null,"caller":{"filename":"chrome://remote/content/shared/Browser.sys.mjs","name":"quit","sourceId":733,"lineNumber":94,"columnNumber":22,"asyncCause":null,"asyncCaller":null,"caller":{"filename":"chrome://remote/content/marionette/driver.sys.mjs","name":"GeckoDriver.prototype.quit","sourceId":209,"lineNumber":3463,"columnNumber":42,"asyncCause":null,"asyncCaller":null,"caller":{"filename":"chrome://remote/content/marionette/server.sys.mjs","name":"dispatch","sourceId":97,"lineNumber":318,"columnNumber":40,"asyncCause":null,"asyncCaller":null,"caller":{"filename":"chrome://remote/content/marionette/server.sys.mjs","name":"execute","sourceId":97,"lineNumber":289,"columnNumber":16,"asyncCause":null,"asyncCaller":null,"caller":{"filename":"chrome://remote/content/marionette/server.sys.mjs","name":"onPacket/<","sourceId":97,"lineNumber":262,"columnNumber":20,"asyncCause":null,"asyncCaller":null,"caller":{"filename":"chrome://remote/content/marionette/server.sys.mjs","name":"onPacket","sourceId":97,"lineNumber":263,"columnNumber":9,"asyncCause":null,"asyncCaller":null,"caller":{"filename":"chrome://remote/content/marionette/transport.sys.mjs","name":"_onJSONObjectReady/<","sourceId":208,"lineNumber":494,"columnNumber":20,"asyncCause":null,"asyncCaller":null,"caller":null,"formattedStack":"_onJSONObjectReady/<@chrome://remote/content/marionette/transport.sys.mjs:494:20\n","nativeSavedFrame":{}},"formattedStack":"onPacket@chrome://remote/content/marionette/server.sys.mjs:263:9\n_onJSONObjectReady/<@chrome://remote/content/marionette/transport.sys.mjs:494:20\n","nativeSavedFrame":{}},"formattedStack":"onPacket/<@chrome://remote/content/marionette/server.sys.mjs:262:20\nonPacket@chrome://remote/content/marionette/server.sys.mjs:263:9\n_onJSONObjectReady/<@chrome://remote/content/marionette/transport.sys.mjs:494:20\n","nativeSavedFrame":{}},"formattedStack":"execute@chrome://remote/content/marionette/server.sys.mjs:289:16\nonPacket/<@chrome://remote/content/marionette/server.sys.mjs:262:20\nonPacket@chrome://remote/content/marionette/server.sys.mjs:263:9\n_onJSONObjectReady/<@chrome://remote/content/marionette/transport.sys.mjs:494:20\n","nativeSavedFrame":{}},"formattedStack":"dispatch@chrome://remote/content/marionette/server.sys.mjs:318:40\nexecute@chrome://remote/content/marionette/server.sys.mjs:289:16\nonPacket/<@chrome://remote/content/marionette/server.sys.mjs:262:20\nonPacket@chrome://remote/content/marionette/server.sys.mjs:263:9\n_onJSONObjectReady/<@chrome://remote/content/marionette/transport.sys.mjs:494:20\n","nativeSavedFrame":{}},"formattedStack":"GeckoDriver.prototype.quit@chrome://remote/content/marionette/driver.sys.mjs:3463:42\ndispatch@chrome://remote/content/marionette/server.sys.mjs:318:40\nexecute@chrome://remote/content/marionette/server.sys.mjs:289:16\nonPacket/<@chrome://remote/content/marionette/server.sys.mjs:262:20\nonPacket@chrome://remote/content/marionette/server.sys.mjs:263:9\n_onJSONObjectReady/<@chrome://remote/content/marionette/transport.sys.mjs:494:20\n","nativeSavedFrame":{}},"formattedStack":"quit@chrome://remote/content/shared/Browser.sys.mjs:94:22\nGeckoDriver.prototype.quit@chrome://remote/content/marionette/driver.sys.mjs:3463:42\ndispatch@chrome://remote/content/marionette/server.sys.mjs:318:40\nexecute@chrome://remote/content/marionette/server.sys.mjs:289:16\nonPacket/<@chrome://remote/content/marionette/server.sys.mjs:262:20\nonPacket@chrome://remote/content/marionette/server.sys.mjs:263:9\n_onJSONObjectReady/<@chrome://remote/content/marionette/transport.sys.mjs:494:20\n","nativeSavedFrame":{}},"formattedStack":"observe@resource://gre/modules/AsyncShutdown.sys.mjs:570:17\nquit@chrome://remote/content/shared/Browser.sys.mjs:94:22\nGeckoDriver.prototype.quit@chrome://remote/content/marionette/driver.sys.mjs:3463:42\ndispatch@chrome://remote/content/marionette/server.sys.mjs:318:40\nexecute@chrome://remote/content/marionette/server.sys.mjs:289:16\nonPacket/<@chrome://remote/content/marionette/server.sys.mjs:262:20\nonPacket@chrome://remote/content/marionette/server.sys.mjs:263:9\n_onJSONObjectReady/<@chrome://remote/content/marionette/transport.sys.mjs:494:20\n","nativeSavedFrame":{}},"formattedStack":"downloadAsBytes@resource://services-settings/Attachments.sys.mjs:537:35\nobserve@resource://gre/modules/AsyncShutdown.sys.mjs:570:17\nquit@chrome://remote/content/shared/Browser.sys.mjs:94:22\nGeckoDriver.prototype.quit@chrome://remote/content/marionette/driver.sys.mjs:3463:42\ndispatch@chrome://remote/content/marionette/server.sys.mjs:318:40\nexecute@chrome://remote/content/marionette/server.sys.mjs:289:16\nonPacket/<@chrome://remote/content/marionette/server.sys.mjs:262:20\nonPacket@chrome://remote/content/marionette/server.sys.mjs:263:9\n_onJSONObjectReady/<@chrome://remote/content/marionette/transport.sys.mjs:494:20\n","nativeSavedFrame":{}},"formattedStack":"_fetchAttachment@resource://services-settings/Attachments.sys.mjs:560:35\ndownloadAsBytes@resource://services-settings/Attachments.sys.mjs:537:35\nobserve@resource://gre/modules/AsyncShutdown.sys.mjs:570:17\nquit@chrome://remote/content/shared/Browser.sys.mjs:94:22\nGeckoDriver.prototype.quit@chrome://remote/content/marionette/driver.sys.mjs:3463:42\ndispatch@chrome://remote/content/marionette/server.sys.mjs:318:40\nexecute@chrome://remote/content/marionette/server.sys.mjs:289:16\nonPacket/<@chrome://remote/content/marionette/server.sys.mjs:262:20\nonPacket@chrome://remote/content/marionette/server.sys.mjs:263:9\n_onJSONObjectReady/<@chrome://remote/content/marionette/transport.sys.mjs:494:20\n","nativeSavedFrame":{}},"formattedStack":"fetch@resource://services-settings/Utils.sys.mjs:224:12\n_fetchAttachment@resource://services-settings/Attachments.sys.mjs:560:35\ndownloadAsBytes@resource://services-settings/Attachments.sys.mjs:537:35\nobserve@resource://gre/modules/AsyncShutdown.sys.mjs:570:17\nquit@chrome://remote/content/shared/Browser.sys.mjs:94:22\nGeckoDriver.prototype.quit@chrome://remote/content/marionette/driver.sys.mjs:3463:42\ndispatch@chrome://remote/content/marionette/server.sys.mjs:318:40\nexecute@chrome://remote/content/marionette/server.sys.mjs:289:16\nonPacket/<@chrome://remote/content/marionette/server.sys.mjs:262:20\nonPacket@chrome://remote/content/marionette/server.sys.mjs:263:9\n_onJSONObjectReady/<@chrome://remote/content/marionette/transport.sys.mjs:494:20\n","nativeSavedFrame":{}},"formattedStack":"fetch/<@resource://services-settings/Utils.sys.mjs:273:15\nfetch@resource://services-settings/Utils.sys.mjs:224:12\n_fetchAttachment@resource://services-settings/Attachments.sys.mjs:560:35\ndownloadAsBytes@resource://services-settings/Attachments.sys.mjs:537:35\nobserve@resource://gre/modules/AsyncShutdown.sys.mjs:570:17\nquit@chrome://remote/content/shared/Browser.sys.mjs:94:22\nGeckoDriver.prototype.quit@chrome://remote/content/marionette/driver.sys.mjs:3463:42\ndispatch@chrome://remote/content/marionette/server.sys.mjs:318:40\nexecute@chrome://remote/content/marionette/server.sys.mjs:289:16\nonPacket/<@chrome://remote/content/marionette/server.sys.mjs:262:20\nonPacket@chrome://remote/content/marionette/server.sys.mjs:263:9\n_onJSONObjectReady/<@chrome://remote/content/marionette/transport.sys.mjs:494:20\n","nativeSavedFrame":{}},"formattedStack":"open@resource://gre/modules/ServiceRequest.sys.mjs:126:11\nfetch/<@resource://services-settings/Utils.sys.mjs:273:15\nfetch@resource://services-settings/Utils.sys.mjs:224:12\n_fetchAttachment@resource://services-settings/Attachments.sys.mjs:560:35\ndownloadAsBytes@resource://services-settings/Attachments.sys.mjs:537:35\nobserve@resource://gre/modules/AsyncShutdown.sys.mjs:570:17\nquit@chrome://remote/content/shared/Browser.sys.mjs:94:22\nGeckoDriver.prototype.quit@chrome://remote/content/marionette/driver.sys.mjs:3463:42\ndispatch@chrome://remote/content/marionette/server.sys.mjs:318:40\nexecute@chrome://remote/content/marionette/server.sys.mjs:289:16\nonPacket/<@chrome://remote/content/marionette/server.sys.mjs:262:20\nonPacket@chrome://remote/content/marionette/server.sys.mjs:263:9\n_onJSONObjectReady/<@chrome://remote/content/marionette/transport.sys.mjs:494:20\n","nativeSavedFrame":{}}
2026-06-19 01:38:44,482 - MainProcess[log-interceptor-1106949591]- selenium_firefox     - DEBUG   : BROWSER 1106949591: driver: - message =
2026-06-19 01:38:44,482 - MainProcess[log-interceptor-1106949591]- selenium_firefox     - DEBUG   : BROWSER 1106949591: driver: - name =
2026-06-19 01:38:44,483 - MainProcess[log-interceptor-1106949591]- selenium_firefox     - DEBUG   : BROWSER 1106949591: driver: - result = 2152071198
2026-06-19 01:38:44,483 - MainProcess[log-interceptor-1106949591]- selenium_firefox     - DEBUG   : BROWSER 1106949591: driver: - stack = open@resource://gre/modules/ServiceRequest.sys.mjs:126:11|fetch/<@resource://services-settings/Utils.sys.mjs:273:15|fetch@resource://services-settings/Utils.sys.mjs:224:12|_fetchAttachment@resource://services-settings/Attachments.sys.mjs:560:35|downloadAsBytes@resource://services-settings/Attachments.sys.mjs:537:35|observe@resource://gre/modules/AsyncShutdown.sys.mjs:570:17|quit@chrome://remote/content/shared/Browser.sys.mjs:94:22|GeckoDriver.prototype.quit@chrome://remote/content/marionette/driver.sys.mjs:3463:42|dispatch@chrome://remote/content/marionette/server.sys.mjs:318:40|execute@chrome://remote/content/marionette/server.sys.mjs:289:16|onPacket/<@chrome://remote/content/marionette/server.sys.mjs:262:20|onPacket@chrome://remote/content/marionette/server.sys.mjs:263:9|_onJSONObjectReady/<@chrome://remote/content/marionette/transport.sys.mjs:494:20|
2026-06-19 01:38:44,483 - MainProcess[log-interceptor-1106949591]- selenium_firefox     - DEBUG   : BROWSER 1106949591: driver: - prototype Object
2026-06-19 01:38:44,484 - MainProcess[log-interceptor-1106949591]- selenium_firefox     - DEBUG   : BROWSER 1106949591: driver: console.error: RemoteSecuritySettings:
2026-06-19 01:38:44,484 - MainProcess[log-interceptor-1106949591]- selenium_firefox     - DEBUG   : BROWSER 1106949591: driver: failed to download CRLite filter
2026-06-19 01:38:44,484 - MainProcess[log-interceptor-1106949591]- selenium_firefox     - DEBUG   : BROWSER 1106949591: driver: Object
2026-06-19 01:38:44,485 - MainProcess[log-interceptor-1106949591]- selenium_firefox     - DEBUG   : BROWSER 1106949591: driver: - prototype Object
2026-06-19 01:38:44,485 - MainProcess[log-interceptor-1106949591]- selenium_firefox     - DEBUG   : BROWSER 1106949591: driver: - columnNumber = 11
2026-06-19 01:38:44,485 - MainProcess[log-interceptor-1106949591]- selenium_firefox     - DEBUG   : BROWSER 1106949591: driver: - data = null
2026-06-19 01:38:44,486 - MainProcess[log-interceptor-1106949591]- selenium_firefox     - DEBUG   : BROWSER 1106949591: driver: - filename = resource://gre/modules/ServiceRequest.sys.mjs
2026-06-19 01:38:44,486 - MainProcess[log-interceptor-1106949591]- selenium_firefox     - DEBUG   : BROWSER 1106949591: driver: - lineNumber = 126
2026-06-19 01:38:44,486 - MainProcess[log-interceptor-1106949591]- selenium_firefox     - DEBUG   : BROWSER 1106949591: driver: - location = {"name":"open","filename":"resource://gre/modules/ServiceRequest.sys.mjs","sourceId":25,"lineNumber":126,"columnNumber":11,"asyncCause":null,"asyncCaller":null,"caller":{"filename":"resource://services-settings/Utils.sys.mjs","name":"fetch/<","sourceId":24,"lineNumber":273,"columnNumber":15,"asyncCause":null,"asyncCaller":null,"caller":{"filename":"resource://services-settings/Utils.sys.mjs","name":"fetch","sourceId":24,"lineNumber":224,"columnNumber":12,"asyncCause":null,"asyncCaller":null,"caller":{"filename":"resource://services-settings/Attachments.sys.mjs","name":"_fetchAttachment","sourceId":23,"lineNumber":560,"columnNumber":35,"asyncCause":null,"asyncCaller":null,"caller":{"filename":"resource://services-settings/Attachments.sys.mjs","name":"downloadAsBytes","sourceId":23,"lineNumber":537,"columnNumber":35,"asyncCause":null,"asyncCaller":null,"caller":{"filename":"resource://gre/modules/AsyncShutdown.sys.mjs","name":"observe","sourceId":15,"lineNumber":570,"columnNumber":17,"asyncCause":null,"asyncCaller":null,"caller":{"filename":"chrome://remote/content/shared/Browser.sys.mjs","name":"quit","sourceId":733,"lineNumber":94,"columnNumber":22,"asyncCause":null,"asyncCaller":null,"caller":{"filename":"chrome://remote/content/marionette/driver.sys.mjs","name":"GeckoDriver.prototype.quit","sourceId":209,"lineNumber":3463,"columnNumber":42,"asyncCause":null,"asyncCaller":null,"caller":{"filename":"chrome://remote/content/marionette/server.sys.mjs","name":"dispatch","sourceId":97,"lineNumber":318,"columnNumber":40,"asyncCause":null,"asyncCaller":null,"caller":{"filename":"chrome://remote/content/marionette/server.sys.mjs","name":"execute","sourceId":97,"lineNumber":289,"columnNumber":16,"asyncCause":null,"asyncCaller":null,"caller":{"filename":"chrome://remote/content/marionette/server.sys.mjs","name":"onPacket/<","sourceId":97,"lineNumber":262,"columnNumber":20,"asyncCause":null,"asyncCaller":null,"caller":{"filename":"chrome://remote/content/marionette/server.sys.mjs","name":"onPacket","sourceId":97,"lineNumber":263,"columnNumber":9,"asyncCause":null,"asyncCaller":null,"caller":{"filename":"chrome://remote/content/marionette/transport.sys.mjs","name":"_onJSONObjectReady/<","sourceId":208,"lineNumber":494,"columnNumber":20,"asyncCause":null,"asyncCaller":null,"caller":null,"formattedStack":"_onJSONObjectReady/<@chrome://remote/content/marionette/transport.sys.mjs:494:20\n","nativeSavedFrame":{}},"formattedStack":"onPacket@chrome://remote/content/marionette/server.sys.mjs:263:9\n_onJSONObjectReady/<@chrome://remote/content/marionette/transport.sys.mjs:494:20\n","nativeSavedFrame":{}},"formattedStack":"onPacket/<@chrome://remote/content/marionette/server.sys.mjs:262:20\nonPacket@chrome://remote/content/marionette/server.sys.mjs:263:9\n_onJSONObjectReady/<@chrome://remote/content/marionette/transport.sys.mjs:494:20\n","nativeSavedFrame":{}},"formattedStack":"execute@chrome://remote/content/marionette/server.sys.mjs:289:16\nonPacket/<@chrome://remote/content/marionette/server.sys.mjs:262:20\nonPacket@chrome://remote/content/marionette/server.sys.mjs:263:9\n_onJSONObjectReady/<@chrome://remote/content/marionette/transport.sys.mjs:494:20\n","nativeSavedFrame":{}},"formattedStack":"dispatch@chrome://remote/content/marionette/server.sys.mjs:318:40\nexecute@chrome://remote/content/marionette/server.sys.mjs:289:16\nonPacket/<@chrome://remote/content/marionette/server.sys.mjs:262:20\nonPacket@chrome://remote/content/marionette/server.sys.mjs:263:9\n_onJSONObjectReady/<@chrome://remote/content/marionette/transport.sys.mjs:494:20\n","nativeSavedFrame":{}},"formattedStack":"GeckoDriver.prototype.quit@chrome://remote/content/marionette/driver.sys.mjs:3463:42\ndispatch@chrome://remote/content/marionette/server.sys.mjs:318:40\nexecute@chrome://remote/content/marionette/server.sys.mjs:289:16\nonPacket/<@chrome://remote/content/marionette/server.sys.mjs:262:20\nonPacket@chrome://remote/content/marionette/server.sys.mjs:263:9\n_onJSONObjectReady/<@chrome://remote/content/marionette/transport.sys.mjs:494:20\n","nativeSavedFrame":{}},"formattedStack":"quit@chrome://remote/content/shared/Browser.sys.mjs:94:22\nGeckoDriver.prototype.quit@chrome://remote/content/marionette/driver.sys.mjs:3463:42\ndispatch@chrome://remote/content/marionette/server.sys.mjs:318:40\nexecute@chrome://remote/content/marionette/server.sys.mjs:289:16\nonPacket/<@chrome://remote/content/marionette/server.sys.mjs:262:20\nonPacket@chrome://remote/content/marionette/server.sys.mjs:263:9\n_onJSONObjectReady/<@chrome://remote/content/marionette/transport.sys.mjs:494:20\n","nativeSavedFrame":{}},"formattedStack":"observe@resource://gre/modules/AsyncShutdown.sys.mjs:570:17\nquit@chrome://remote/content/shared/Browser.sys.mjs:94:22\nGeckoDriver.prototype.quit@chrome://remote/content/marionette/driver.sys.mjs:3463:42\ndispatch@chrome://remote/content/marionette/server.sys.mjs:318:40\nexecute@chrome://remote/content/marionette/server.sys.mjs:289:16\nonPacket/<@chrome://remote/content/marionette/server.sys.mjs:262:20\nonPacket@chrome://remote/content/marionette/server.sys.mjs:263:9\n_onJSONObjectReady/<@chrome://remote/content/marionette/transport.sys.mjs:494:20\n","nativeSavedFrame":{}},"formattedStack":"downloadAsBytes@resource://services-settings/Attachments.sys.mjs:537:35\nobserve@resource://gre/modules/AsyncShutdown.sys.mjs:570:17\nquit@chrome://remote/content/shared/Browser.sys.mjs:94:22\nGeckoDriver.prototype.quit@chrome://remote/content/marionette/driver.sys.mjs:3463:42\ndispatch@chrome://remote/content/marionette/server.sys.mjs:318:40\nexecute@chrome://remote/content/marionette/server.sys.mjs:289:16\nonPacket/<@chrome://remote/content/marionette/server.sys.mjs:262:20\nonPacket@chrome://remote/content/marionette/server.sys.mjs:263:9\n_onJSONObjectReady/<@chrome://remote/content/marionette/transport.sys.mjs:494:20\n","nativeSavedFrame":{}},"formattedStack":"_fetchAttachment@resource://services-settings/Attachments.sys.mjs:560:35\ndownloadAsBytes@resource://services-settings/Attachments.sys.mjs:537:35\nobserve@resource://gre/modules/AsyncShutdown.sys.mjs:570:17\nquit@chrome://remote/content/shared/Browser.sys.mjs:94:22\nGeckoDriver.prototype.quit@chrome://remote/content/marionette/driver.sys.mjs:3463:42\ndispatch@chrome://remote/content/marionette/server.sys.mjs:318:40\nexecute@chrome://remote/content/marionette/server.sys.mjs:289:16\nonPacket/<@chrome://remote/content/marionette/server.sys.mjs:262:20\nonPacket@chrome://remote/content/marionette/server.sys.mjs:263:9\n_onJSONObjectReady/<@chrome://remote/content/marionette/transport.sys.mjs:494:20\n","nativeSavedFrame":{}},"formattedStack":"fetch@resource://services-settings/Utils.sys.mjs:224:12\n_fetchAttachment@resource://services-settings/Attachments.sys.mjs:560:35\ndownloadAsBytes@resource://services-settings/Attachments.sys.mjs:537:35\nobserve@resource://gre/modules/AsyncShutdown.sys.mjs:570:17\nquit@chrome://remote/content/shared/Browser.sys.mjs:94:22\nGeckoDriver.prototype.quit@chrome://remote/content/marionette/driver.sys.mjs:3463:42\ndispatch@chrome://remote/content/marionette/server.sys.mjs:318:40\nexecute@chrome://remote/content/marionette/server.sys.mjs:289:16\nonPacket/<@chrome://remote/content/marionette/server.sys.mjs:262:20\nonPacket@chrome://remote/content/marionette/server.sys.mjs:263:9\n_onJSONObjectReady/<@chrome://remote/content/marionette/transport.sys.mjs:494:20\n","nativeSavedFrame":{}},"formattedStack":"fetch/<@resource://services-settings/Utils.sys.mjs:273:15\nfetch@resource://services-settings/Utils.sys.mjs:224:12\n_fetchAttachment@resource://services-settings/Attachments.sys.mjs:560:35\ndownloadAsBytes@resource://services-settings/Attachments.sys.mjs:537:35\nobserve@resource://gre/modules/AsyncShutdown.sys.mjs:570:17\nquit@chrome://remote/content/shared/Browser.sys.mjs:94:22\nGeckoDriver.prototype.quit@chrome://remote/content/marionette/driver.sys.mjs:3463:42\ndispatch@chrome://remote/content/marionette/server.sys.mjs:318:40\nexecute@chrome://remote/content/marionette/server.sys.mjs:289:16\nonPacket/<@chrome://remote/content/marionette/server.sys.mjs:262:20\nonPacket@chrome://remote/content/marionette/server.sys.mjs:263:9\n_onJSONObjectReady/<@chrome://remote/content/marionette/transport.sys.mjs:494:20\n","nativeSavedFrame":{}},"formattedStack":"open@resource://gre/modules/ServiceRequest.sys.mjs:126:11\nfetch/<@resource://services-settings/Utils.sys.mjs:273:15\nfetch@resource://services-settings/Utils.sys.mjs:224:12\n_fetchAttachment@resource://services-settings/Attachments.sys.mjs:560:35\ndownloadAsBytes@resource://services-settings/Attachments.sys.mjs:537:35\nobserve@resource://gre/modules/AsyncShutdown.sys.mjs:570:17\nquit@chrome://remote/content/shared/Browser.sys.mjs:94:22\nGeckoDriver.prototype.quit@chrome://remote/content/marionette/driver.sys.mjs:3463:42\ndispatch@chrome://remote/content/marionette/server.sys.mjs:318:40\nexecute@chrome://remote/content/marionette/server.sys.mjs:289:16\nonPacket/<@chrome://remote/content/marionette/server.sys.mjs:262:20\nonPacket@chrome://remote/content/marionette/server.sys.mjs:263:9\n_onJSONObjectReady/<@chrome://remote/content/marionette/transport.sys.mjs:494:20\n","nativeSavedFrame":{}}
2026-06-19 01:38:44,487 - MainProcess[log-interceptor-1106949591]- selenium_firefox     - DEBUG   : BROWSER 1106949591: driver: - message =
2026-06-19 01:38:44,487 - MainProcess[log-interceptor-1106949591]- selenium_firefox     - DEBUG   : BROWSER 1106949591: driver: - name =
2026-06-19 01:38:44,488 - MainProcess[log-interceptor-1106949591]- selenium_firefox     - DEBUG   : BROWSER 1106949591: driver: - result = 2152071198
2026-06-19 01:38:44,488 - MainProcess[log-interceptor-1106949591]- selenium_firefox     - DEBUG   : BROWSER 1106949591: driver: - stack = open@resource://gre/modules/ServiceRequest.sys.mjs:126:11|fetch/<@resource://services-settings/Utils.sys.mjs:273:15|fetch@resource://services-settings/Utils.sys.mjs:224:12|_fetchAttachment@resource://services-settings/Attachments.sys.mjs:560:35|downloadAsBytes@resource://services-settings/Attachments.sys.mjs:537:35|observe@resource://gre/modules/AsyncShutdown.sys.mjs:570:17|quit@chrome://remote/content/shared/Browser.sys.mjs:94:22|GeckoDriver.prototype.quit@chrome://remote/content/marionette/driver.sys.mjs:3463:42|dispatch@chrome://remote/content/marionette/server.sys.mjs:318:40|execute@chrome://remote/content/marionette/server.sys.mjs:289:16|onPacket/<@chrome://remote/content/marionette/server.sys.mjs:262:20|onPacket@chrome://remote/content/marionette/server.sys.mjs:263:9|_onJSONObjectReady/<@chrome://remote/content/marionette/transport.sys.mjs:494:20|
2026-06-19 01:38:44,488 - MainProcess[log-interceptor-1106949591]- selenium_firefox     - DEBUG   : BROWSER 1106949591: driver: - prototype Object
2026-06-19 01:38:44,489 - MainProcess[log-interceptor-1106949591]- selenium_firefox     - DEBUG   : BROWSER 1106949591: driver: console.error: RemoteSecuritySettings:
2026-06-19 01:38:44,489 - MainProcess[log-interceptor-1106949591]- selenium_firefox     - DEBUG   : BROWSER 1106949591: driver: failed to download CRLite filter
2026-06-19 01:38:44,489 - MainProcess[log-interceptor-1106949591]- selenium_firefox     - DEBUG   : BROWSER 1106949591: driver: Object
2026-06-19 01:38:44,490 - MainProcess[log-interceptor-1106949591]- selenium_firefox     - DEBUG   : BROWSER 1106949591: driver: - prototype Object
2026-06-19 01:38:44,490 - MainProcess[log-interceptor-1106949591]- selenium_firefox     - DEBUG   : BROWSER 1106949591: driver: - columnNumber = 11
2026-06-19 01:38:44,490 - MainProcess[log-interceptor-1106949591]- selenium_firefox     - DEBUG   : BROWSER 1106949591: driver: - data = null
2026-06-19 01:38:44,491 - MainProcess[log-interceptor-1106949591]- selenium_firefox     - DEBUG   : BROWSER 1106949591: driver: - filename = resource://gre/modules/ServiceRequest.sys.mjs
2026-06-19 01:38:44,491 - MainProcess[log-interceptor-1106949591]- selenium_firefox     - DEBUG   : BROWSER 1106949591: driver: - lineNumber = 126
2026-06-19 01:38:44,492 - MainProcess[log-interceptor-1106949591]- selenium_firefox     - DEBUG   : BROWSER 1106949591: driver: - location = {"name":"open","filename":"resource://gre/modules/ServiceRequest.sys.mjs","sourceId":25,"lineNumber":126,"columnNumber":11,"asyncCause":null,"asyncCaller":null,"caller":{"filename":"resource://services-settings/Utils.sys.mjs","name":"fetch/<","sourceId":24,"lineNumber":273,"columnNumber":15,"asyncCause":null,"asyncCaller":null,"caller":{"filename":"resource://services-settings/Utils.sys.mjs","name":"fetch","sourceId":24,"lineNumber":224,"columnNumber":12,"asyncCause":null,"asyncCaller":null,"caller":{"filename":"resource://services-settings/Attachments.sys.mjs","name":"_fetchAttachment","sourceId":23,"lineNumber":560,"columnNumber":35,"asyncCause":null,"asyncCaller":null,"caller":{"filename":"resource://services-settings/Attachments.sys.mjs","name":"downloadAsBytes","sourceId":23,"lineNumber":537,"columnNumber":35,"asyncCause":null,"asyncCaller":null,"caller":{"filename":"resource://gre/modules/AsyncShutdown.sys.mjs","name":"observe","sourceId":15,"lineNumber":570,"columnNumber":17,"asyncCause":null,"asyncCaller":null,"caller":{"filename":"chrome://remote/content/shared/Browser.sys.mjs","name":"quit","sourceId":733,"lineNumber":94,"columnNumber":22,"asyncCause":null,"asyncCaller":null,"caller":{"filename":"chrome://remote/content/marionette/driver.sys.mjs","name":"GeckoDriver.prototype.quit","sourceId":209,"lineNumber":3463,"columnNumber":42,"asyncCause":null,"asyncCaller":null,"caller":{"filename":"chrome://remote/content/marionette/server.sys.mjs","name":"dispatch","sourceId":97,"lineNumber":318,"columnNumber":40,"asyncCause":null,"asyncCaller":null,"caller":{"filename":"chrome://remote/content/marionette/server.sys.mjs","name":"execute","sourceId":97,"lineNumber":289,"columnNumber":16,"asyncCause":null,"asyncCaller":null,"caller":{"filename":"chrome://remote/content/marionette/server.sys.mjs","name":"onPacket/<","sourceId":97,"lineNumber":262,"columnNumber":20,"asyncCause":null,"asyncCaller":null,"caller":{"filename":"chrome://remote/content/marionette/server.sys.mjs","name":"onPacket","sourceId":97,"lineNumber":263,"columnNumber":9,"asyncCause":null,"asyncCaller":null,"caller":{"filename":"chrome://remote/content/marionette/transport.sys.mjs","name":"_onJSONObjectReady/<","sourceId":208,"lineNumber":494,"columnNumber":20,"asyncCause":null,"asyncCaller":null,"caller":null,"formattedStack":"_onJSONObjectReady/<@chrome://remote/content/marionette/transport.sys.mjs:494:20\n","nativeSavedFrame":{}},"formattedStack":"onPacket@chrome://remote/content/marionette/server.sys.mjs:263:9\n_onJSONObjectReady/<@chrome://remote/content/marionette/transport.sys.mjs:494:20\n","nativeSavedFrame":{}},"formattedStack":"onPacket/<@chrome://remote/content/marionette/server.sys.mjs:262:20\nonPacket@chrome://remote/content/marionette/server.sys.mjs:263:9\n_onJSONObjectReady/<@chrome://remote/content/marionette/transport.sys.mjs:494:20\n","nativeSavedFrame":{}},"formattedStack":"execute@chrome://remote/content/marionette/server.sys.mjs:289:16\nonPacket/<@chrome://remote/content/marionette/server.sys.mjs:262:20\nonPacket@chrome://remote/content/marionette/server.sys.mjs:263:9\n_onJSONObjectReady/<@chrome://remote/content/marionette/transport.sys.mjs:494:20\n","nativeSavedFrame":{}},"formattedStack":"dispatch@chrome://remote/content/marionette/server.sys.mjs:318:40\nexecute@chrome://remote/content/marionette/server.sys.mjs:289:16\nonPacket/<@chrome://remote/content/marionette/server.sys.mjs:262:20\nonPacket@chrome://remote/content/marionette/server.sys.mjs:263:9\n_onJSONObjectReady/<@chrome://remote/content/marionette/transport.sys.mjs:494:20\n","nativeSavedFrame":{}},"formattedStack":"GeckoDriver.prototype.quit@chrome://remote/content/marionette/driver.sys.mjs:3463:42\ndispatch@chrome://remote/content/marionette/server.sys.mjs:318:40\nexecute@chrome://remote/content/marionette/server.sys.mjs:289:16\nonPacket/<@chrome://remote/content/marionette/server.sys.mjs:262:20\nonPacket@chrome://remote/content/marionette/server.sys.mjs:263:9\n_onJSONObjectReady/<@chrome://remote/content/marionette/transport.sys.mjs:494:20\n","nativeSavedFrame":{}},"formattedStack":"quit@chrome://remote/content/shared/Browser.sys.mjs:94:22\nGeckoDriver.prototype.quit@chrome://remote/content/marionette/driver.sys.mjs:3463:42\ndispatch@chrome://remote/content/marionette/server.sys.mjs:318:40\nexecute@chrome://remote/content/marionette/server.sys.mjs:289:16\nonPacket/<@chrome://remote/content/marionette/server.sys.mjs:262:20\nonPacket@chrome://remote/content/marionette/server.sys.mjs:263:9\n_onJSONObjectReady/<@chrome://remote/content/marionette/transport.sys.mjs:494:20\n","nativeSavedFrame":{}},"formattedStack":"observe@resource://gre/modules/AsyncShutdown.sys.mjs:570:17\nquit@chrome://remote/content/shared/Browser.sys.mjs:94:22\nGeckoDriver.prototype.quit@chrome://remote/content/marionette/driver.sys.mjs:3463:42\ndispatch@chrome://remote/content/marionette/server.sys.mjs:318:40\nexecute@chrome://remote/content/marionette/server.sys.mjs:289:16\nonPacket/<@chrome://remote/content/marionette/server.sys.mjs:262:20\nonPacket@chrome://remote/content/marionette/server.sys.mjs:263:9\n_onJSONObjectReady/<@chrome://remote/content/marionette/transport.sys.mjs:494:20\n","nativeSavedFrame":{}},"formattedStack":"downloadAsBytes@resource://services-settings/Attachments.sys.mjs:537:35\nobserve@resource://gre/modules/AsyncShutdown.sys.mjs:570:17\nquit@chrome://remote/content/shared/Browser.sys.mjs:94:22\nGeckoDriver.prototype.quit@chrome://remote/content/marionette/driver.sys.mjs:3463:42\ndispatch@chrome://remote/content/marionette/server.sys.mjs:318:40\nexecute@chrome://remote/content/marionette/server.sys.mjs:289:16\nonPacket/<@chrome://remote/content/marionette/server.sys.mjs:262:20\nonPacket@chrome://remote/content/marionette/server.sys.mjs:263:9\n_onJSONObjectReady/<@chrome://remote/content/marionette/transport.sys.mjs:494:20\n","nativeSavedFrame":{}},"formattedStack":"_fetchAttachment@resource://services-settings/Attachments.sys.mjs:560:35\ndownloadAsBytes@resource://services-settings/Attachments.sys.mjs:537:35\nobserve@resource://gre/modules/AsyncShutdown.sys.mjs:570:17\nquit@chrome://remote/content/shared/Browser.sys.mjs:94:22\nGeckoDriver.prototype.quit@chrome://remote/content/marionette/driver.sys.mjs:3463:42\ndispatch@chrome://remote/content/marionette/server.sys.mjs:318:40\nexecute@chrome://remote/content/marionette/server.sys.mjs:289:16\nonPacket/<@chrome://remote/content/marionette/server.sys.mjs:262:20\nonPacket@chrome://remote/content/marionette/server.sys.mjs:263:9\n_onJSONObjectReady/<@chrome://remote/content/marionette/transport.sys.mjs:494:20\n","nativeSavedFrame":{}},"formattedStack":"fetch@resource://services-settings/Utils.sys.mjs:224:12\n_fetchAttachment@resource://services-settings/Attachments.sys.mjs:560:35\ndownloadAsBytes@resource://services-settings/Attachments.sys.mjs:537:35\nobserve@resource://gre/modules/AsyncShutdown.sys.mjs:570:17\nquit@chrome://remote/content/shared/Browser.sys.mjs:94:22\nGeckoDriver.prototype.quit@chrome://remote/content/marionette/driver.sys.mjs:3463:42\ndispatch@chrome://remote/content/marionette/server.sys.mjs:318:40\nexecute@chrome://remote/content/marionette/server.sys.mjs:289:16\nonPacket/<@chrome://remote/content/marionette/server.sys.mjs:262:20\nonPacket@chrome://remote/content/marionette/server.sys.mjs:263:9\n_onJSONObjectReady/<@chrome://remote/content/marionette/transport.sys.mjs:494:20\n","nativeSavedFrame":{}},"formattedStack":"fetch/<@resource://services-settings/Utils.sys.mjs:273:15\nfetch@resource://services-settings/Utils.sys.mjs:224:12\n_fetchAttachment@resource://services-settings/Attachments.sys.mjs:560:35\ndownloadAsBytes@resource://services-settings/Attachments.sys.mjs:537:35\nobserve@resource://gre/modules/AsyncShutdown.sys.mjs:570:17\nquit@chrome://remote/content/shared/Browser.sys.mjs:94:22\nGeckoDriver.prototype.quit@chrome://remote/content/marionette/driver.sys.mjs:3463:42\ndispatch@chrome://remote/content/marionette/server.sys.mjs:318:40\nexecute@chrome://remote/content/marionette/server.sys.mjs:289:16\nonPacket/<@chrome://remote/content/marionette/server.sys.mjs:262:20\nonPacket@chrome://remote/content/marionette/server.sys.mjs:263:9\n_onJSONObjectReady/<@chrome://remote/content/marionette/transport.sys.mjs:494:20\n","nativeSavedFrame":{}},"formattedStack":"open@resource://gre/modules/ServiceRequest.sys.mjs:126:11\nfetch/<@resource://services-settings/Utils.sys.mjs:273:15\nfetch@resource://services-settings/Utils.sys.mjs:224:12\n_fetchAttachment@resource://services-settings/Attachments.sys.mjs:560:35\ndownloadAsBytes@resource://services-settings/Attachments.sys.mjs:537:35\nobserve@resource://gre/modules/AsyncShutdown.sys.mjs:570:17\nquit@chrome://remote/content/shared/Browser.sys.mjs:94:22\nGeckoDriver.prototype.quit@chrome://remote/content/marionette/driver.sys.mjs:3463:42\ndispatch@chrome://remote/content/marionette/server.sys.mjs:318:40\nexecute@chrome://remote/content/marionette/server.sys.mjs:289:16\nonPacket/<@chrome://remote/content/marionette/server.sys.mjs:262:20\nonPacket@chrome://remote/content/marionette/server.sys.mjs:263:9\n_onJSONObjectReady/<@chrome://remote/content/marionette/transport.sys.mjs:494:20\n","nativeSavedFrame":{}}
2026-06-19 01:38:44,492 - MainProcess[log-interceptor-1106949591]- selenium_firefox     - DEBUG   : BROWSER 1106949591: driver: - message =
2026-06-19 01:38:44,493 - MainProcess[log-interceptor-1106949591]- selenium_firefox     - DEBUG   : BROWSER 1106949591: driver: - name =
2026-06-19 01:38:44,493 - MainProcess[log-interceptor-1106949591]- selenium_firefox     - DEBUG   : BROWSER 1106949591: driver: - result = 2152071198
2026-06-19 01:38:44,493 - MainProcess[log-interceptor-1106949591]- selenium_firefox     - DEBUG   : BROWSER 1106949591: driver: - stack = open@resource://gre/modules/ServiceRequest.sys.mjs:126:11|fetch/<@resource://services-settings/Utils.sys.mjs:273:15|fetch@resource://services-settings/Utils.sys.mjs:224:12|_fetchAttachment@resource://services-settings/Attachments.sys.mjs:560:35|downloadAsBytes@resource://services-settings/Attachments.sys.mjs:537:35|observe@resource://gre/modules/AsyncShutdown.sys.mjs:570:17|quit@chrome://remote/content/shared/Browser.sys.mjs:94:22|GeckoDriver.prototype.quit@chrome://remote/content/marionette/driver.sys.mjs:3463:42|dispatch@chrome://remote/content/marionette/server.sys.mjs:318:40|execute@chrome://remote/content/marionette/server.sys.mjs:289:16|onPacket/<@chrome://remote/content/marionette/server.sys.mjs:262:20|onPacket@chrome://remote/content/marionette/server.sys.mjs:263:9|_onJSONObjectReady/<@chrome://remote/content/marionette/transport.sys.mjs:494:20|
2026-06-19 01:38:44,493 - MainProcess[log-interceptor-1106949591]- selenium_firefox     - DEBUG   : BROWSER 1106949591: driver: - prototype Object
2026-06-19 01:38:44,494 - MainProcess[log-interceptor-1106949591]- selenium_firefox     - DEBUG   : BROWSER 1106949591: driver: console.error: RemoteSecuritySettings:
2026-06-19 01:38:44,494 - MainProcess[log-interceptor-1106949591]- selenium_firefox     - DEBUG   : BROWSER 1106949591: driver: failed to download CRLite filter
2026-06-19 01:38:44,494 - MainProcess[log-interceptor-1106949591]- selenium_firefox     - DEBUG   : BROWSER 1106949591: driver: Object
2026-06-19 01:38:44,495 - MainProcess[log-interceptor-1106949591]- selenium_firefox     - DEBUG   : BROWSER 1106949591: driver: - prototype Object
2026-06-19 01:38:44,495 - MainProcess[log-interceptor-1106949591]- selenium_firefox     - DEBUG   : BROWSER 1106949591: driver: - columnNumber = 11
2026-06-19 01:38:44,495 - MainProcess[log-interceptor-1106949591]- selenium_firefox     - DEBUG   : BROWSER 1106949591: driver: - data = null
2026-06-19 01:38:44,496 - MainProcess[log-interceptor-1106949591]- selenium_firefox     - DEBUG   : BROWSER 1106949591: driver: - filename = resource://gre/modules/ServiceRequest.sys.mjs
2026-06-19 01:38:44,496 - MainProcess[log-interceptor-1106949591]- selenium_firefox     - DEBUG   : BROWSER 1106949591: driver: - lineNumber = 126
2026-06-19 01:38:44,496 - MainProcess[log-interceptor-1106949591]- selenium_firefox     - DEBUG   : BROWSER 1106949591: driver: - location = {"name":"open","filename":"resource://gre/modules/ServiceRequest.sys.mjs","sourceId":25,"lineNumber":126,"columnNumber":11,"asyncCause":null,"asyncCaller":null,"caller":{"filename":"resource://services-settings/Utils.sys.mjs","name":"fetch/<","sourceId":24,"lineNumber":273,"columnNumber":15,"asyncCause":null,"asyncCaller":null,"caller":{"filename":"resource://services-settings/Utils.sys.mjs","name":"fetch","sourceId":24,"lineNumber":224,"columnNumber":12,"asyncCause":null,"asyncCaller":null,"caller":{"filename":"resource://services-settings/Attachments.sys.mjs","name":"_fetchAttachment","sourceId":23,"lineNumber":560,"columnNumber":35,"asyncCause":null,"asyncCaller":null,"caller":{"filename":"resource://services-settings/Attachments.sys.mjs","name":"downloadAsBytes","sourceId":23,"lineNumber":537,"columnNumber":35,"asyncCause":null,"asyncCaller":null,"caller":{"filename":"resource://gre/modules/AsyncShutdown.sys.mjs","name":"observe","sourceId":15,"lineNumber":570,"columnNumber":17,"asyncCause":null,"asyncCaller":null,"caller":{"filename":"chrome://remote/content/shared/Browser.sys.mjs","name":"quit","sourceId":733,"lineNumber":94,"columnNumber":22,"asyncCause":null,"asyncCaller":null,"caller":{"filename":"chrome://remote/content/marionette/driver.sys.mjs","name":"GeckoDriver.prototype.quit","sourceId":209,"lineNumber":3463,"columnNumber":42,"asyncCause":null,"asyncCaller":null,"caller":{"filename":"chrome://remote/content/marionette/server.sys.mjs","name":"dispatch","sourceId":97,"lineNumber":318,"columnNumber":40,"asyncCause":null,"asyncCaller":null,"caller":{"filename":"chrome://remote/content/marionette/server.sys.mjs","name":"execute","sourceId":97,"lineNumber":289,"columnNumber":16,"asyncCause":null,"asyncCaller":null,"caller":{"filename":"chrome://remote/content/marionette/server.sys.mjs","name":"onPacket/<","sourceId":97,"lineNumber":262,"columnNumber":20,"asyncCause":null,"asyncCaller":null,"caller":{"filename":"chrome://remote/content/marionette/server.sys.mjs","name":"onPacket","sourceId":97,"lineNumber":263,"columnNumber":9,"asyncCause":null,"asyncCaller":null,"caller":{"filename":"chrome://remote/content/marionette/transport.sys.mjs","name":"_onJSONObjectReady/<","sourceId":208,"lineNumber":494,"columnNumber":20,"asyncCause":null,"asyncCaller":null,"caller":null,"formattedStack":"_onJSONObjectReady/<@chrome://remote/content/marionette/transport.sys.mjs:494:20\n","nativeSavedFrame":{}},"formattedStack":"onPacket@chrome://remote/content/marionette/server.sys.mjs:263:9\n_onJSONObjectReady/<@chrome://remote/content/marionette/transport.sys.mjs:494:20\n","nativeSavedFrame":{}},"formattedStack":"onPacket/<@chrome://remote/content/marionette/server.sys.mjs:262:20\nonPacket@chrome://remote/content/marionette/server.sys.mjs:263:9\n_onJSONObjectReady/<@chrome://remote/content/marionette/transport.sys.mjs:494:20\n","nativeSavedFrame":{}},"formattedStack":"execute@chrome://remote/content/marionette/server.sys.mjs:289:16\nonPacket/<@chrome://remote/content/marionette/server.sys.mjs:262:20\nonPacket@chrome://remote/content/marionette/server.sys.mjs:263:9\n_onJSONObjectReady/<@chrome://remote/content/marionette/transport.sys.mjs:494:20\n","nativeSavedFrame":{}},"formattedStack":"dispatch@chrome://remote/content/marionette/server.sys.mjs:318:40\nexecute@chrome://remote/content/marionette/server.sys.mjs:289:16\nonPacket/<@chrome://remote/content/marionette/server.sys.mjs:262:20\nonPacket@chrome://remote/content/marionette/server.sys.mjs:263:9\n_onJSONObjectReady/<@chrome://remote/content/marionette/transport.sys.mjs:494:20\n","nativeSavedFrame":{}},"formattedStack":"GeckoDriver.prototype.quit@chrome://remote/content/marionette/driver.sys.mjs:3463:42\ndispatch@chrome://remote/content/marionette/server.sys.mjs:318:40\nexecute@chrome://remote/content/marionette/server.sys.mjs:289:16\nonPacket/<@chrome://remote/content/marionette/server.sys.mjs:262:20\nonPacket@chrome://remote/content/marionette/server.sys.mjs:263:9\n_onJSONObjectReady/<@chrome://remote/content/marionette/transport.sys.mjs:494:20\n","nativeSavedFrame":{}},"formattedStack":"quit@chrome://remote/content/shared/Browser.sys.mjs:94:22\nGeckoDriver.prototype.quit@chrome://remote/content/marionette/driver.sys.mjs:3463:42\ndispatch@chrome://remote/content/marionette/server.sys.mjs:318:40\nexecute@chrome://remote/content/marionette/server.sys.mjs:289:16\nonPacket/<@chrome://remote/content/marionette/server.sys.mjs:262:20\nonPacket@chrome://remote/content/marionette/server.sys.mjs:263:9\n_onJSONObjectReady/<@chrome://remote/content/marionette/transport.sys.mjs:494:20\n","nativeSavedFrame":{}},"formattedStack":"observe@resource://gre/modules/AsyncShutdown.sys.mjs:570:17\nquit@chrome://remote/content/shared/Browser.sys.mjs:94:22\nGeckoDriver.prototype.quit@chrome://remote/content/marionette/driver.sys.mjs:3463:42\ndispatch@chrome://remote/content/marionette/server.sys.mjs:318:40\nexecute@chrome://remote/content/marionette/server.sys.mjs:289:16\nonPacket/<@chrome://remote/content/marionette/server.sys.mjs:262:20\nonPacket@chrome://remote/content/marionette/server.sys.mjs:263:9\n_onJSONObjectReady/<@chrome://remote/content/marionette/transport.sys.mjs:494:20\n","nativeSavedFrame":{}},"formattedStack":"downloadAsBytes@resource://services-settings/Attachments.sys.mjs:537:35\nobserve@resource://gre/modules/AsyncShutdown.sys.mjs:570:17\nquit@chrome://remote/content/shared/Browser.sys.mjs:94:22\nGeckoDriver.prototype.quit@chrome://remote/content/marionette/driver.sys.mjs:3463:42\ndispatch@chrome://remote/content/marionette/server.sys.mjs:318:40\nexecute@chrome://remote/content/marionette/server.sys.mjs:289:16\nonPacket/<@chrome://remote/content/marionette/server.sys.mjs:262:20\nonPacket@chrome://remote/content/marionette/server.sys.mjs:263:9\n_onJSONObjectReady/<@chrome://remote/content/marionette/transport.sys.mjs:494:20\n","nativeSavedFrame":{}},"formattedStack":"_fetchAttachment@resource://services-settings/Attachments.sys.mjs:560:35\ndownloadAsBytes@resource://services-settings/Attachments.sys.mjs:537:35\nobserve@resource://gre/modules/AsyncShutdown.sys.mjs:570:17\nquit@chrome://remote/content/shared/Browser.sys.mjs:94:22\nGeckoDriver.prototype.quit@chrome://remote/content/marionette/driver.sys.mjs:3463:42\ndispatch@chrome://remote/content/marionette/server.sys.mjs:318:40\nexecute@chrome://remote/content/marionette/server.sys.mjs:289:16\nonPacket/<@chrome://remote/content/marionette/server.sys.mjs:262:20\nonPacket@chrome://remote/content/marionette/server.sys.mjs:263:9\n_onJSONObjectReady/<@chrome://remote/content/marionette/transport.sys.mjs:494:20\n","nativeSavedFrame":{}},"formattedStack":"fetch@resource://services-settings/Utils.sys.mjs:224:12\n_fetchAttachment@resource://services-settings/Attachments.sys.mjs:560:35\ndownloadAsBytes@resource://services-settings/Attachments.sys.mjs:537:35\nobserve@resource://gre/modules/AsyncShutdown.sys.mjs:570:17\nquit@chrome://remote/content/shared/Browser.sys.mjs:94:22\nGeckoDriver.prototype.quit@chrome://remote/content/marionette/driver.sys.mjs:3463:42\ndispatch@chrome://remote/content/marionette/server.sys.mjs:318:40\nexecute@chrome://remote/content/marionette/server.sys.mjs:289:16\nonPacket/<@chrome://remote/content/marionette/server.sys.mjs:262:20\nonPacket@chrome://remote/content/marionette/server.sys.mjs:263:9\n_onJSONObjectReady/<@chrome://remote/content/marionette/transport.sys.mjs:494:20\n","nativeSavedFrame":{}},"formattedStack":"fetch/<@resource://services-settings/Utils.sys.mjs:273:15\nfetch@resource://services-settings/Utils.sys.mjs:224:12\n_fetchAttachment@resource://services-settings/Attachments.sys.mjs:560:35\ndownloadAsBytes@resource://services-settings/Attachments.sys.mjs:537:35\nobserve@resource://gre/modules/AsyncShutdown.sys.mjs:570:17\nquit@chrome://remote/content/shared/Browser.sys.mjs:94:22\nGeckoDriver.prototype.quit@chrome://remote/content/marionette/driver.sys.mjs:3463:42\ndispatch@chrome://remote/content/marionette/server.sys.mjs:318:40\nexecute@chrome://remote/content/marionette/server.sys.mjs:289:16\nonPacket/<@chrome://remote/content/marionette/server.sys.mjs:262:20\nonPacket@chrome://remote/content/marionette/server.sys.mjs:263:9\n_onJSONObjectReady/<@chrome://remote/content/marionette/transport.sys.mjs:494:20\n","nativeSavedFrame":{}},"formattedStack":"open@resource://gre/modules/ServiceRequest.sys.mjs:126:11\nfetch/<@resource://services-settings/Utils.sys.mjs:273:15\nfetch@resource://services-settings/Utils.sys.mjs:224:12\n_fetchAttachment@resource://services-settings/Attachments.sys.mjs:560:35\ndownloadAsBytes@resource://services-settings/Attachments.sys.mjs:537:35\nobserve@resource://gre/modules/AsyncShutdown.sys.mjs:570:17\nquit@chrome://remote/content/shared/Browser.sys.mjs:94:22\nGeckoDriver.prototype.quit@chrome://remote/content/marionette/driver.sys.mjs:3463:42\ndispatch@chrome://remote/content/marionette/server.sys.mjs:318:40\nexecute@chrome://remote/content/marionette/server.sys.mjs:289:16\nonPacket/<@chrome://remote/content/marionette/server.sys.mjs:262:20\nonPacket@chrome://remote/content/marionette/server.sys.mjs:263:9\n_onJSONObjectReady/<@chrome://remote/content/marionette/transport.sys.mjs:494:20\n","nativeSavedFrame":{}}
2026-06-19 01:38:44,497 - MainProcess[log-interceptor-1106949591]- selenium_firefox     - DEBUG   : BROWSER 1106949591: driver: - message =
2026-06-19 01:38:44,497 - MainProcess[log-interceptor-1106949591]- selenium_firefox     - DEBUG   : BROWSER 1106949591: driver: - name =
2026-06-19 01:38:44,497 - MainProcess[log-interceptor-1106949591]- selenium_firefox     - DEBUG   : BROWSER 1106949591: driver: - result = 2152071198
2026-06-19 01:38:44,498 - MainProcess[log-interceptor-1106949591]- selenium_firefox     - DEBUG   : BROWSER 1106949591: driver: - stack = open@resource://gre/modules/ServiceRequest.sys.mjs:126:11|fetch/<@resource://services-settings/Utils.sys.mjs:273:15|fetch@resource://services-settings/Utils.sys.mjs:224:12|_fetchAttachment@resource://services-settings/Attachments.sys.mjs:560:35|downloadAsBytes@resource://services-settings/Attachments.sys.mjs:537:35|observe@resource://gre/modules/AsyncShutdown.sys.mjs:570:17|quit@chrome://remote/content/shared/Browser.sys.mjs:94:22|GeckoDriver.prototype.quit@chrome://remote/content/marionette/driver.sys.mjs:3463:42|dispatch@chrome://remote/content/marionette/server.sys.mjs:318:40|execute@chrome://remote/content/marionette/server.sys.mjs:289:16|onPacket/<@chrome://remote/content/marionette/server.sys.mjs:262:20|onPacket@chrome://remote/content/marionette/server.sys.mjs:263:9|_onJSONObjectReady/<@chrome://remote/content/marionette/transport.sys.mjs:494:20|
2026-06-19 01:38:44,498 - MainProcess[log-interceptor-1106949591]- selenium_firefox     - DEBUG   : BROWSER 1106949591: driver: - prototype Object
2026-06-19 01:38:44,498 - MainProcess[log-interceptor-1106949591]- selenium_firefox     - DEBUG   : BROWSER 1106949591: driver: console.error: RemoteSecuritySettings:
2026-06-19 01:38:44,499 - MainProcess[log-interceptor-1106949591]- selenium_firefox     - DEBUG   : BROWSER 1106949591: driver: failed to download CRLite filter
2026-06-19 01:38:44,499 - MainProcess[log-interceptor-1106949591]- selenium_firefox     - DEBUG   : BROWSER 1106949591: driver: Object
2026-06-19 01:38:44,499 - MainProcess[log-interceptor-1106949591]- selenium_firefox     - DEBUG   : BROWSER 1106949591: driver: - prototype Object
2026-06-19 01:38:44,499 - MainProcess[log-interceptor-1106949591]- selenium_firefox     - DEBUG   : BROWSER 1106949591: driver: - columnNumber = 11
2026-06-19 01:38:44,500 - MainProcess[log-interceptor-1106949591]- selenium_firefox     - DEBUG   : BROWSER 1106949591: driver: - data = null
2026-06-19 01:38:44,500 - MainProcess[log-interceptor-1106949591]- selenium_firefox     - DEBUG   : BROWSER 1106949591: driver: - filename = resource://gre/modules/ServiceRequest.sys.mjs
2026-06-19 01:38:44,500 - MainProcess[log-interceptor-1106949591]- selenium_firefox     - DEBUG   : BROWSER 1106949591: driver: - lineNumber = 126
2026-06-19 01:38:44,501 - MainProcess[log-interceptor-1106949591]- selenium_firefox     - DEBUG   : BROWSER 1106949591: driver: - location = {"name":"open","filename":"resource://gre/modules/ServiceRequest.sys.mjs","sourceId":25,"lineNumber":126,"columnNumber":11,"asyncCause":null,"asyncCaller":null,"caller":{"filename":"resource://services-settings/Utils.sys.mjs","name":"fetch/<","sourceId":24,"lineNumber":273,"columnNumber":15,"asyncCause":null,"asyncCaller":null,"caller":{"filename":"resource://services-settings/Utils.sys.mjs","name":"fetch","sourceId":24,"lineNumber":224,"columnNumber":12,"asyncCause":null,"asyncCaller":null,"caller":{"filename":"resource://services-settings/Attachments.sys.mjs","name":"_fetchAttachment","sourceId":23,"lineNumber":560,"columnNumber":35,"asyncCause":null,"asyncCaller":null,"caller":{"filename":"resource://services-settings/Attachments.sys.mjs","name":"downloadAsBytes","sourceId":23,"lineNumber":537,"columnNumber":35,"asyncCause":null,"asyncCaller":null,"caller":{"filename":"resource://gre/modules/AsyncShutdown.sys.mjs","name":"observe","sourceId":15,"lineNumber":570,"columnNumber":17,"asyncCause":null,"asyncCaller":null,"caller":{"filename":"chrome://remote/content/shared/Browser.sys.mjs","name":"quit","sourceId":733,"lineNumber":94,"columnNumber":22,"asyncCause":null,"asyncCaller":null,"caller":{"filename":"chrome://remote/content/marionette/driver.sys.mjs","name":"GeckoDriver.prototype.quit","sourceId":209,"lineNumber":3463,"columnNumber":42,"asyncCause":null,"asyncCaller":null,"caller":{"filename":"chrome://remote/content/marionette/server.sys.mjs","name":"dispatch","sourceId":97,"lineNumber":318,"columnNumber":40,"asyncCause":null,"asyncCaller":null,"caller":{"filename":"chrome://remote/content/marionette/server.sys.mjs","name":"execute","sourceId":97,"lineNumber":289,"columnNumber":16,"asyncCause":null,"asyncCaller":null,"caller":{"filename":"chrome://remote/content/marionette/server.sys.mjs","name":"onPacket/<","sourceId":97,"lineNumber":262,"columnNumber":20,"asyncCause":null,"asyncCaller":null,"caller":{"filename":"chrome://remote/content/marionette/server.sys.mjs","name":"onPacket","sourceId":97,"lineNumber":263,"columnNumber":9,"asyncCause":null,"asyncCaller":null,"caller":{"filename":"chrome://remote/content/marionette/transport.sys.mjs","name":"_onJSONObjectReady/<","sourceId":208,"lineNumber":494,"columnNumber":20,"asyncCause":null,"asyncCaller":null,"caller":null,"formattedStack":"_onJSONObjectReady/<@chrome://remote/content/marionette/transport.sys.mjs:494:20\n","nativeSavedFrame":{}},"formattedStack":"onPacket@chrome://remote/content/marionette/server.sys.mjs:263:9\n_onJSONObjectReady/<@chrome://remote/content/marionette/transport.sys.mjs:494:20\n","nativeSavedFrame":{}},"formattedStack":"onPacket/<@chrome://remote/content/marionette/server.sys.mjs:262:20\nonPacket@chrome://remote/content/marionette/server.sys.mjs:263:9\n_onJSONObjectReady/<@chrome://remote/content/marionette/transport.sys.mjs:494:20\n","nativeSavedFrame":{}},"formattedStack":"execute@chrome://remote/content/marionette/server.sys.mjs:289:16\nonPacket/<@chrome://remote/content/marionette/server.sys.mjs:262:20\nonPacket@chrome://remote/content/marionette/server.sys.mjs:263:9\n_onJSONObjectReady/<@chrome://remote/content/marionette/transport.sys.mjs:494:20\n","nativeSavedFrame":{}},"formattedStack":"dispatch@chrome://remote/content/marionette/server.sys.mjs:318:40\nexecute@chrome://remote/content/marionette/server.sys.mjs:289:16\nonPacket/<@chrome://remote/content/marionette/server.sys.mjs:262:20\nonPacket@chrome://remote/content/marionette/server.sys.mjs:263:9\n_onJSONObjectReady/<@chrome://remote/content/marionette/transport.sys.mjs:494:20\n","nativeSavedFrame":{}},"formattedStack":"GeckoDriver.prototype.quit@chrome://remote/content/marionette/driver.sys.mjs:3463:42\ndispatch@chrome://remote/content/marionette/server.sys.mjs:318:40\nexecute@chrome://remote/content/marionette/server.sys.mjs:289:16\nonPacket/<@chrome://remote/content/marionette/server.sys.mjs:262:20\nonPacket@chrome://remote/content/marionette/server.sys.mjs:263:9\n_onJSONObjectReady/<@chrome://remote/content/marionette/transport.sys.mjs:494:20\n","nativeSavedFrame":{}},"formattedStack":"quit@chrome://remote/content/shared/Browser.sys.mjs:94:22\nGeckoDriver.prototype.quit@chrome://remote/content/marionette/driver.sys.mjs:3463:42\ndispatch@chrome://remote/content/marionette/server.sys.mjs:318:40\nexecute@chrome://remote/content/marionette/server.sys.mjs:289:16\nonPacket/<@chrome://remote/content/marionette/server.sys.mjs:262:20\nonPacket@chrome://remote/content/marionette/server.sys.mjs:263:9\n_onJSONObjectReady/<@chrome://remote/content/marionette/transport.sys.mjs:494:20\n","nativeSavedFrame":{}},"formattedStack":"observe@resource://gre/modules/AsyncShutdown.sys.mjs:570:17\nquit@chrome://remote/content/shared/Browser.sys.mjs:94:22\nGeckoDriver.prototype.quit@chrome://remote/content/marionette/driver.sys.mjs:3463:42\ndispatch@chrome://remote/content/marionette/server.sys.mjs:318:40\nexecute@chrome://remote/content/marionette/server.sys.mjs:289:16\nonPacket/<@chrome://remote/content/marionette/server.sys.mjs:262:20\nonPacket@chrome://remote/content/marionette/server.sys.mjs:263:9\n_onJSONObjectReady/<@chrome://remote/content/marionette/transport.sys.mjs:494:20\n","nativeSavedFrame":{}},"formattedStack":"downloadAsBytes@resource://services-settings/Attachments.sys.mjs:537:35\nobserve@resource://gre/modules/AsyncShutdown.sys.mjs:570:17\nquit@chrome://remote/content/shared/Browser.sys.mjs:94:22\nGeckoDriver.prototype.quit@chrome://remote/content/marionette/driver.sys.mjs:3463:42\ndispatch@chrome://remote/content/marionette/server.sys.mjs:318:40\nexecute@chrome://remote/content/marionette/server.sys.mjs:289:16\nonPacket/<@chrome://remote/content/marionette/server.sys.mjs:262:20\nonPacket@chrome://remote/content/marionette/server.sys.mjs:263:9\n_onJSONObjectReady/<@chrome://remote/content/marionette/transport.sys.mjs:494:20\n","nativeSavedFrame":{}},"formattedStack":"_fetchAttachment@resource://services-settings/Attachments.sys.mjs:560:35\ndownloadAsBytes@resource://services-settings/Attachments.sys.mjs:537:35\nobserve@resource://gre/modules/AsyncShutdown.sys.mjs:570:17\nquit@chrome://remote/content/shared/Browser.sys.mjs:94:22\nGeckoDriver.prototype.quit@chrome://remote/content/marionette/driver.sys.mjs:3463:42\ndispatch@chrome://remote/content/marionette/server.sys.mjs:318:40\nexecute@chrome://remote/content/marionette/server.sys.mjs:289:16\nonPacket/<@chrome://remote/content/marionette/server.sys.mjs:262:20\nonPacket@chrome://remote/content/marionette/server.sys.mjs:263:9\n_onJSONObjectReady/<@chrome://remote/content/marionette/transport.sys.mjs:494:20\n","nativeSavedFrame":{}},"formattedStack":"fetch@resource://services-settings/Utils.sys.mjs:224:12\n_fetchAttachment@resource://services-settings/Attachments.sys.mjs:560:35\ndownloadAsBytes@resource://services-settings/Attachments.sys.mjs:537:35\nobserve@resource://gre/modules/AsyncShutdown.sys.mjs:570:17\nquit@chrome://remote/content/shared/Browser.sys.mjs:94:22\nGeckoDriver.prototype.quit@chrome://remote/content/marionette/driver.sys.mjs:3463:42\ndispatch@chrome://remote/content/marionette/server.sys.mjs:318:40\nexecute@chrome://remote/content/marionette/server.sys.mjs:289:16\nonPacket/<@chrome://remote/content/marionette/server.sys.mjs:262:20\nonPacket@chrome://remote/content/marionette/server.sys.mjs:263:9\n_onJSONObjectReady/<@chrome://remote/content/marionette/transport.sys.mjs:494:20\n","nativeSavedFrame":{}},"formattedStack":"fetch/<@resource://services-settings/Utils.sys.mjs:273:15\nfetch@resource://services-settings/Utils.sys.mjs:224:12\n_fetchAttachment@resource://services-settings/Attachments.sys.mjs:560:35\ndownloadAsBytes@resource://services-settings/Attachments.sys.mjs:537:35\nobserve@resource://gre/modules/AsyncShutdown.sys.mjs:570:17\nquit@chrome://remote/content/shared/Browser.sys.mjs:94:22\nGeckoDriver.prototype.quit@chrome://remote/content/marionette/driver.sys.mjs:3463:42\ndispatch@chrome://remote/content/marionette/server.sys.mjs:318:40\nexecute@chrome://remote/content/marionette/server.sys.mjs:289:16\nonPacket/<@chrome://remote/content/marionette/server.sys.mjs:262:20\nonPacket@chrome://remote/content/marionette/server.sys.mjs:263:9\n_onJSONObjectReady/<@chrome://remote/content/marionette/transport.sys.mjs:494:20\n","nativeSavedFrame":{}},"formattedStack":"open@resource://gre/modules/ServiceRequest.sys.mjs:126:11\nfetch/<@resource://services-settings/Utils.sys.mjs:273:15\nfetch@resource://services-settings/Utils.sys.mjs:224:12\n_fetchAttachment@resource://services-settings/Attachments.sys.mjs:560:35\ndownloadAsBytes@resource://services-settings/Attachments.sys.mjs:537:35\nobserve@resource://gre/modules/AsyncShutdown.sys.mjs:570:17\nquit@chrome://remote/content/shared/Browser.sys.mjs:94:22\nGeckoDriver.prototype.quit@chrome://remote/content/marionette/driver.sys.mjs:3463:42\ndispatch@chrome://remote/content/marionette/server.sys.mjs:318:40\nexecute@chrome://remote/content/marionette/server.sys.mjs:289:16\nonPacket/<@chrome://remote/content/marionette/server.sys.mjs:262:20\nonPacket@chrome://remote/content/marionette/server.sys.mjs:263:9\n_onJSONObjectReady/<@chrome://remote/content/marionette/transport.sys.mjs:494:20\n","nativeSavedFrame":{}}
2026-06-19 01:38:44,501 - MainProcess[log-interceptor-1106949591]- selenium_firefox     - DEBUG   : BROWSER 1106949591: driver: - message =
2026-06-19 01:38:44,501 - MainProcess[log-interceptor-1106949591]- selenium_firefox     - DEBUG   : BROWSER 1106949591: driver: - name =
2026-06-19 01:38:44,502 - MainProcess[log-interceptor-1106949591]- selenium_firefox     - DEBUG   : BROWSER 1106949591: driver: - result = 2152071198
2026-06-19 01:38:44,502 - MainProcess[log-interceptor-1106949591]- selenium_firefox     - DEBUG   : BROWSER 1106949591: driver: - stack = open@resource://gre/modules/ServiceRequest.sys.mjs:126:11|fetch/<@resource://services-settings/Utils.sys.mjs:273:15|fetch@resource://services-settings/Utils.sys.mjs:224:12|_fetchAttachment@resource://services-settings/Attachments.sys.mjs:560:35|downloadAsBytes@resource://services-settings/Attachments.sys.mjs:537:35|observe@resource://gre/modules/AsyncShutdown.sys.mjs:570:17|quit@chrome://remote/content/shared/Browser.sys.mjs:94:22|GeckoDriver.prototype.quit@chrome://remote/content/marionette/driver.sys.mjs:3463:42|dispatch@chrome://remote/content/marionette/server.sys.mjs:318:40|execute@chrome://remote/content/marionette/server.sys.mjs:289:16|onPacket/<@chrome://remote/content/marionette/server.sys.mjs:262:20|onPacket@chrome://remote/content/marionette/server.sys.mjs:263:9|_onJSONObjectReady/<@chrome://remote/content/marionette/transport.sys.mjs:494:20|
2026-06-19 01:38:44,502 - MainProcess[log-interceptor-1106949591]- selenium_firefox     - DEBUG   : BROWSER 1106949591: driver: - prototype Object
2026-06-19 01:38:44,502 - MainProcess[log-interceptor-1106949591]- selenium_firefox     - DEBUG   : BROWSER 1106949591: driver: console.error: RemoteSecuritySettings:
2026-06-19 01:38:44,503 - MainProcess[log-interceptor-1106949591]- selenium_firefox     - DEBUG   : BROWSER 1106949591: driver: failed to download CRLite filter
2026-06-19 01:38:44,503 - MainProcess[log-interceptor-1106949591]- selenium_firefox     - DEBUG   : BROWSER 1106949591: driver: Object
2026-06-19 01:38:44,503 - MainProcess[log-interceptor-1106949591]- selenium_firefox     - DEBUG   : BROWSER 1106949591: driver: - prototype Object
2026-06-19 01:38:44,504 - MainProcess[log-interceptor-1106949591]- selenium_firefox     - DEBUG   : BROWSER 1106949591: driver: - columnNumber = 11
2026-06-19 01:38:44,504 - MainProcess[log-interceptor-1106949591]- selenium_firefox     - DEBUG   : BROWSER 1106949591: driver: - data = null
2026-06-19 01:38:44,504 - MainProcess[log-interceptor-1106949591]- selenium_firefox     - DEBUG   : BROWSER 1106949591: driver: - filename = resource://gre/modules/ServiceRequest.sys.mjs
2026-06-19 01:38:44,505 - MainProcess[log-interceptor-1106949591]- selenium_firefox     - DEBUG   : BROWSER 1106949591: driver: - lineNumber = 126
2026-06-19 01:38:44,505 - MainProcess[log-interceptor-1106949591]- selenium_firefox     - DEBUG   : BROWSER 1106949591: driver: - location = {"name":"open","filename":"resource://gre/modules/ServiceRequest.sys.mjs","sourceId":25,"lineNumber":126,"columnNumber":11,"asyncCause":null,"asyncCaller":null,"caller":{"filename":"resource://services-settings/Utils.sys.mjs","name":"fetch/<","sourceId":24,"lineNumber":273,"columnNumber":15,"asyncCause":null,"asyncCaller":null,"caller":{"filename":"resource://services-settings/Utils.sys.mjs","name":"fetch","sourceId":24,"lineNumber":224,"columnNumber":12,"asyncCause":null,"asyncCaller":null,"caller":{"filename":"resource://services-settings/Attachments.sys.mjs","name":"_fetchAttachment","sourceId":23,"lineNumber":560,"columnNumber":35,"asyncCause":null,"asyncCaller":null,"caller":{"filename":"resource://services-settings/Attachments.sys.mjs","name":"downloadAsBytes","sourceId":23,"lineNumber":537,"columnNumber":35,"asyncCause":null,"asyncCaller":null,"caller":{"filename":"resource://gre/modules/AsyncShutdown.sys.mjs","name":"observe","sourceId":15,"lineNumber":570,"columnNumber":17,"asyncCause":null,"asyncCaller":null,"caller":{"filename":"chrome://remote/content/shared/Browser.sys.mjs","name":"quit","sourceId":733,"lineNumber":94,"columnNumber":22,"asyncCause":null,"asyncCaller":null,"caller":{"filename":"chrome://remote/content/marionette/driver.sys.mjs","name":"GeckoDriver.prototype.quit","sourceId":209,"lineNumber":3463,"columnNumber":42,"asyncCause":null,"asyncCaller":null,"caller":{"filename":"chrome://remote/content/marionette/server.sys.mjs","name":"dispatch","sourceId":97,"lineNumber":318,"columnNumber":40,"asyncCause":null,"asyncCaller":null,"caller":{"filename":"chrome://remote/content/marionette/server.sys.mjs","name":"execute","sourceId":97,"lineNumber":289,"columnNumber":16,"asyncCause":null,"asyncCaller":null,"caller":{"filename":"chrome://remote/content/marionette/server.sys.mjs","name":"onPacket/<","sourceId":97,"lineNumber":262,"columnNumber":20,"asyncCause":null,"asyncCaller":null,"caller":{"filename":"chrome://remote/content/marionette/server.sys.mjs","name":"onPacket","sourceId":97,"lineNumber":263,"columnNumber":9,"asyncCause":null,"asyncCaller":null,"caller":{"filename":"chrome://remote/content/marionette/transport.sys.mjs","name":"_onJSONObjectReady/<","sourceId":208,"lineNumber":494,"columnNumber":20,"asyncCause":null,"asyncCaller":null,"caller":null,"formattedStack":"_onJSONObjectReady/<@chrome://remote/content/marionette/transport.sys.mjs:494:20\n","nativeSavedFrame":{}},"formattedStack":"onPacket@chrome://remote/content/marionette/server.sys.mjs:263:9\n_onJSONObjectReady/<@chrome://remote/content/marionette/transport.sys.mjs:494:20\n","nativeSavedFrame":{}},"formattedStack":"onPacket/<@chrome://remote/content/marionette/server.sys.mjs:262:20\nonPacket@chrome://remote/content/marionette/server.sys.mjs:263:9\n_onJSONObjectReady/<@chrome://remote/content/marionette/transport.sys.mjs:494:20\n","nativeSavedFrame":{}},"formattedStack":"execute@chrome://remote/content/marionette/server.sys.mjs:289:16\nonPacket/<@chrome://remote/content/marionette/server.sys.mjs:262:20\nonPacket@chrome://remote/content/marionette/server.sys.mjs:263:9\n_onJSONObjectReady/<@chrome://remote/content/marionette/transport.sys.mjs:494:20\n","nativeSavedFrame":{}},"formattedStack":"dispatch@chrome://remote/content/marionette/server.sys.mjs:318:40\nexecute@chrome://remote/content/marionette/server.sys.mjs:289:16\nonPacket/<@chrome://remote/content/marionette/server.sys.mjs:262:20\nonPacket@chrome://remote/content/marionette/server.sys.mjs:263:9\n_onJSONObjectReady/<@chrome://remote/content/marionette/transport.sys.mjs:494:20\n","nativeSavedFrame":{}},"formattedStack":"GeckoDriver.prototype.quit@chrome://remote/content/marionette/driver.sys.mjs:3463:42\ndispatch@chrome://remote/content/marionette/server.sys.mjs:318:40\nexecute@chrome://remote/content/marionette/server.sys.mjs:289:16\nonPacket/<@chrome://remote/content/marionette/server.sys.mjs:262:20\nonPacket@chrome://remote/content/marionette/server.sys.mjs:263:9\n_onJSONObjectReady/<@chrome://remote/content/marionette/transport.sys.mjs:494:20\n","nativeSavedFrame":{}},"formattedStack":"quit@chrome://remote/content/shared/Browser.sys.mjs:94:22\nGeckoDriver.prototype.quit@chrome://remote/content/marionette/driver.sys.mjs:3463:42\ndispatch@chrome://remote/content/marionette/server.sys.mjs:318:40\nexecute@chrome://remote/content/marionette/server.sys.mjs:289:16\nonPacket/<@chrome://remote/content/marionette/server.sys.mjs:262:20\nonPacket@chrome://remote/content/marionette/server.sys.mjs:263:9\n_onJSONObjectReady/<@chrome://remote/content/marionette/transport.sys.mjs:494:20\n","nativeSavedFrame":{}},"formattedStack":"observe@resource://gre/modules/AsyncShutdown.sys.mjs:570:17\nquit@chrome://remote/content/shared/Browser.sys.mjs:94:22\nGeckoDriver.prototype.quit@chrome://remote/content/marionette/driver.sys.mjs:3463:42\ndispatch@chrome://remote/content/marionette/server.sys.mjs:318:40\nexecute@chrome://remote/content/marionette/server.sys.mjs:289:16\nonPacket/<@chrome://remote/content/marionette/server.sys.mjs:262:20\nonPacket@chrome://remote/content/marionette/server.sys.mjs:263:9\n_onJSONObjectReady/<@chrome://remote/content/marionette/transport.sys.mjs:494:20\n","nativeSavedFrame":{}},"formattedStack":"downloadAsBytes@resource://services-settings/Attachments.sys.mjs:537:35\nobserve@resource://gre/modules/AsyncShutdown.sys.mjs:570:17\nquit@chrome://remote/content/shared/Browser.sys.mjs:94:22\nGeckoDriver.prototype.quit@chrome://remote/content/marionette/driver.sys.mjs:3463:42\ndispatch@chrome://remote/content/marionette/server.sys.mjs:318:40\nexecute@chrome://remote/content/marionette/server.sys.mjs:289:16\nonPacket/<@chrome://remote/content/marionette/server.sys.mjs:262:20\nonPacket@chrome://remote/content/marionette/server.sys.mjs:263:9\n_onJSONObjectReady/<@chrome://remote/content/marionette/transport.sys.mjs:494:20\n","nativeSavedFrame":{}},"formattedStack":"_fetchAttachment@resource://services-settings/Attachments.sys.mjs:560:35\ndownloadAsBytes@resource://services-settings/Attachments.sys.mjs:537:35\nobserve@resource://gre/modules/AsyncShutdown.sys.mjs:570:17\nquit@chrome://remote/content/shared/Browser.sys.mjs:94:22\nGeckoDriver.prototype.quit@chrome://remote/content/marionette/driver.sys.mjs:3463:42\ndispatch@chrome://remote/content/marionette/server.sys.mjs:318:40\nexecute@chrome://remote/content/marionette/server.sys.mjs:289:16\nonPacket/<@chrome://remote/content/marionette/server.sys.mjs:262:20\nonPacket@chrome://remote/content/marionette/server.sys.mjs:263:9\n_onJSONObjectReady/<@chrome://remote/content/marionette/transport.sys.mjs:494:20\n","nativeSavedFrame":{}},"formattedStack":"fetch@resource://services-settings/Utils.sys.mjs:224:12\n_fetchAttachment@resource://services-settings/Attachments.sys.mjs:560:35\ndownloadAsBytes@resource://services-settings/Attachments.sys.mjs:537:35\nobserve@resource://gre/modules/AsyncShutdown.sys.mjs:570:17\nquit@chrome://remote/content/shared/Browser.sys.mjs:94:22\nGeckoDriver.prototype.quit@chrome://remote/content/marionette/driver.sys.mjs:3463:42\ndispatch@chrome://remote/content/marionette/server.sys.mjs:318:40\nexecute@chrome://remote/content/marionette/server.sys.mjs:289:16\nonPacket/<@chrome://remote/content/marionette/server.sys.mjs:262:20\nonPacket@chrome://remote/content/marionette/server.sys.mjs:263:9\n_onJSONObjectReady/<@chrome://remote/content/marionette/transport.sys.mjs:494:20\n","nativeSavedFrame":{}},"formattedStack":"fetch/<@resource://services-settings/Utils.sys.mjs:273:15\nfetch@resource://services-settings/Utils.sys.mjs:224:12\n_fetchAttachment@resource://services-settings/Attachments.sys.mjs:560:35\ndownloadAsBytes@resource://services-settings/Attachments.sys.mjs:537:35\nobserve@resource://gre/modules/AsyncShutdown.sys.mjs:570:17\nquit@chrome://remote/content/shared/Browser.sys.mjs:94:22\nGeckoDriver.prototype.quit@chrome://remote/content/marionette/driver.sys.mjs:3463:42\ndispatch@chrome://remote/content/marionette/server.sys.mjs:318:40\nexecute@chrome://remote/content/marionette/server.sys.mjs:289:16\nonPacket/<@chrome://remote/content/marionette/server.sys.mjs:262:20\nonPacket@chrome://remote/content/marionette/server.sys.mjs:263:9\n_onJSONObjectReady/<@chrome://remote/content/marionette/transport.sys.mjs:494:20\n","nativeSavedFrame":{}},"formattedStack":"open@resource://gre/modules/ServiceRequest.sys.mjs:126:11\nfetch/<@resource://services-settings/Utils.sys.mjs:273:15\nfetch@resource://services-settings/Utils.sys.mjs:224:12\n_fetchAttachment@resource://services-settings/Attachments.sys.mjs:560:35\ndownloadAsBytes@resource://services-settings/Attachments.sys.mjs:537:35\nobserve@resource://gre/modules/AsyncShutdown.sys.mjs:570:17\nquit@chrome://remote/content/shared/Browser.sys.mjs:94:22\nGeckoDriver.prototype.quit@chrome://remote/content/marionette/driver.sys.mjs:3463:42\ndispatch@chrome://remote/content/marionette/server.sys.mjs:318:40\nexecute@chrome://remote/content/marionette/server.sys.mjs:289:16\nonPacket/<@chrome://remote/content/marionette/server.sys.mjs:262:20\nonPacket@chrome://remote/content/marionette/server.sys.mjs:263:9\n_onJSONObjectReady/<@chrome://remote/content/marionette/transport.sys.mjs:494:20\n","nativeSavedFrame":{}}
2026-06-19 01:38:44,505 - MainProcess[log-interceptor-1106949591]- selenium_firefox     - DEBUG   : BROWSER 1106949591: driver: - message =
2026-06-19 01:38:44,506 - MainProcess[log-interceptor-1106949591]- selenium_firefox     - DEBUG   : BROWSER 1106949591: driver: - name =
2026-06-19 01:38:44,506 - MainProcess[log-interceptor-1106949591]- selenium_firefox     - DEBUG   : BROWSER 1106949591: driver: - result = 2152071198
2026-06-19 01:38:44,506 - MainProcess[log-interceptor-1106949591]- selenium_firefox     - DEBUG   : BROWSER 1106949591: driver: - stack = open@resource://gre/modules/ServiceRequest.sys.mjs:126:11|fetch/<@resource://services-settings/Utils.sys.mjs:273:15|fetch@resource://services-settings/Utils.sys.mjs:224:12|_fetchAttachment@resource://services-settings/Attachments.sys.mjs:560:35|downloadAsBytes@resource://services-settings/Attachments.sys.mjs:537:35|observe@resource://gre/modules/AsyncShutdown.sys.mjs:570:17|quit@chrome://remote/content/shared/Browser.sys.mjs:94:22|GeckoDriver.prototype.quit@chrome://remote/content/marionette/driver.sys.mjs:3463:42|dispatch@chrome://remote/content/marionette/server.sys.mjs:318:40|execute@chrome://remote/content/marionette/server.sys.mjs:289:16|onPacket/<@chrome://remote/content/marionette/server.sys.mjs:262:20|onPacket@chrome://remote/content/marionette/server.sys.mjs:263:9|_onJSONObjectReady/<@chrome://remote/content/marionette/transport.sys.mjs:494:20|
2026-06-19 01:38:44,506 - MainProcess[log-interceptor-1106949591]- selenium_firefox     - DEBUG   : BROWSER 1106949591: driver: - prototype Object
2026-06-19 01:38:44,507 - MainProcess[log-interceptor-1106949591]- selenium_firefox     - DEBUG   : BROWSER 1106949591: driver: console.error: RemoteSecuritySettings:
2026-06-19 01:38:44,507 - MainProcess[log-interceptor-1106949591]- selenium_firefox     - DEBUG   : BROWSER 1106949591: driver: failed to download CRLite filter
2026-06-19 01:38:44,507 - MainProcess[log-interceptor-1106949591]- selenium_firefox     - DEBUG   : BROWSER 1106949591: driver: Object
2026-06-19 01:38:44,508 - MainProcess[log-interceptor-1106949591]- selenium_firefox     - DEBUG   : BROWSER 1106949591: driver: - prototype Object
2026-06-19 01:38:44,508 - MainProcess[log-interceptor-1106949591]- selenium_firefox     - DEBUG   : BROWSER 1106949591: driver: - columnNumber = 11
2026-06-19 01:38:44,508 - MainProcess[log-interceptor-1106949591]- selenium_firefox     - DEBUG   : BROWSER 1106949591: driver: - data = null
2026-06-19 01:38:44,509 - MainProcess[log-interceptor-1106949591]- selenium_firefox     - DEBUG   : BROWSER 1106949591: driver: - filename = resource://gre/modules/ServiceRequest.sys.mjs
2026-06-19 01:38:44,509 - MainProcess[log-interceptor-1106949591]- selenium_firefox     - DEBUG   : BROWSER 1106949591: driver: - lineNumber = 126
2026-06-19 01:38:44,509 - MainProcess[log-interceptor-1106949591]- selenium_firefox     - DEBUG   : BROWSER 1106949591: driver: - location = {"name":"open","filename":"resource://gre/modules/ServiceRequest.sys.mjs","sourceId":25,"lineNumber":126,"columnNumber":11,"asyncCause":null,"asyncCaller":null,"caller":{"filename":"resource://services-settings/Utils.sys.mjs","name":"fetch/<","sourceId":24,"lineNumber":273,"columnNumber":15,"asyncCause":null,"asyncCaller":null,"caller":{"filename":"resource://services-settings/Utils.sys.mjs","name":"fetch","sourceId":24,"lineNumber":224,"columnNumber":12,"asyncCause":null,"asyncCaller":null,"caller":{"filename":"resource://services-settings/Attachments.sys.mjs","name":"_fetchAttachment","sourceId":23,"lineNumber":560,"columnNumber":35,"asyncCause":null,"asyncCaller":null,"caller":{"filename":"resource://services-settings/Attachments.sys.mjs","name":"downloadAsBytes","sourceId":23,"lineNumber":537,"columnNumber":35,"asyncCause":null,"asyncCaller":null,"caller":{"filename":"resource://gre/modules/AsyncShutdown.sys.mjs","name":"observe","sourceId":15,"lineNumber":570,"columnNumber":17,"asyncCause":null,"asyncCaller":null,"caller":{"filename":"chrome://remote/content/shared/Browser.sys.mjs","name":"quit","sourceId":733,"lineNumber":94,"columnNumber":22,"asyncCause":null,"asyncCaller":null,"caller":{"filename":"chrome://remote/content/marionette/driver.sys.mjs","name":"GeckoDriver.prototype.quit","sourceId":209,"lineNumber":3463,"columnNumber":42,"asyncCause":null,"asyncCaller":null,"caller":{"filename":"chrome://remote/content/marionette/server.sys.mjs","name":"dispatch","sourceId":97,"lineNumber":318,"columnNumber":40,"asyncCause":null,"asyncCaller":null,"caller":{"filename":"chrome://remote/content/marionette/server.sys.mjs","name":"execute","sourceId":97,"lineNumber":289,"columnNumber":16,"asyncCause":null,"asyncCaller":null,"caller":{"filename":"chrome://remote/content/marionette/server.sys.mjs","name":"onPacket/<","sourceId":97,"lineNumber":262,"columnNumber":20,"asyncCause":null,"asyncCaller":null,"caller":{"filename":"chrome://remote/content/marionette/server.sys.mjs","name":"onPacket","sourceId":97,"lineNumber":263,"columnNumber":9,"asyncCause":null,"asyncCaller":null,"caller":{"filename":"chrome://remote/content/marionette/transport.sys.mjs","name":"_onJSONObjectReady/<","sourceId":208,"lineNumber":494,"columnNumber":20,"asyncCause":null,"asyncCaller":null,"caller":null,"formattedStack":"_onJSONObjectReady/<@chrome://remote/content/marionette/transport.sys.mjs:494:20\n","nativeSavedFrame":{}},"formattedStack":"onPacket@chrome://remote/content/marionette/server.sys.mjs:263:9\n_onJSONObjectReady/<@chrome://remote/content/marionette/transport.sys.mjs:494:20\n","nativeSavedFrame":{}},"formattedStack":"onPacket/<@chrome://remote/content/marionette/server.sys.mjs:262:20\nonPacket@chrome://remote/content/marionette/server.sys.mjs:263:9\n_onJSONObjectReady/<@chrome://remote/content/marionette/transport.sys.mjs:494:20\n","nativeSavedFrame":{}},"formattedStack":"execute@chrome://remote/content/marionette/server.sys.mjs:289:16\nonPacket/<@chrome://remote/content/marionette/server.sys.mjs:262:20\nonPacket@chrome://remote/content/marionette/server.sys.mjs:263:9\n_onJSONObjectReady/<@chrome://remote/content/marionette/transport.sys.mjs:494:20\n","nativeSavedFrame":{}},"formattedStack":"dispatch@chrome://remote/content/marionette/server.sys.mjs:318:40\nexecute@chrome://remote/content/marionette/server.sys.mjs:289:16\nonPacket/<@chrome://remote/content/marionette/server.sys.mjs:262:20\nonPacket@chrome://remote/content/marionette/server.sys.mjs:263:9\n_onJSONObjectReady/<@chrome://remote/content/marionette/transport.sys.mjs:494:20\n","nativeSavedFrame":{}},"formattedStack":"GeckoDriver.prototype.quit@chrome://remote/content/marionette/driver.sys.mjs:3463:42\ndispatch@chrome://remote/content/marionette/server.sys.mjs:318:40\nexecute@chrome://remote/content/marionette/server.sys.mjs:289:16\nonPacket/<@chrome://remote/content/marionette/server.sys.mjs:262:20\nonPacket@chrome://remote/content/marionette/server.sys.mjs:263:9\n_onJSONObjectReady/<@chrome://remote/content/marionette/transport.sys.mjs:494:20\n","nativeSavedFrame":{}},"formattedStack":"quit@chrome://remote/content/shared/Browser.sys.mjs:94:22\nGeckoDriver.prototype.quit@chrome://remote/content/marionette/driver.sys.mjs:3463:42\ndispatch@chrome://remote/content/marionette/server.sys.mjs:318:40\nexecute@chrome://remote/content/marionette/server.sys.mjs:289:16\nonPacket/<@chrome://remote/content/marionette/server.sys.mjs:262:20\nonPacket@chrome://remote/content/marionette/server.sys.mjs:263:9\n_onJSONObjectReady/<@chrome://remote/content/marionette/transport.sys.mjs:494:20\n","nativeSavedFrame":{}},"formattedStack":"observe@resource://gre/modules/AsyncShutdown.sys.mjs:570:17\nquit@chrome://remote/content/shared/Browser.sys.mjs:94:22\nGeckoDriver.prototype.quit@chrome://remote/content/marionette/driver.sys.mjs:3463:42\ndispatch@chrome://remote/content/marionette/server.sys.mjs:318:40\nexecute@chrome://remote/content/marionette/server.sys.mjs:289:16\nonPacket/<@chrome://remote/content/marionette/server.sys.mjs:262:20\nonPacket@chrome://remote/content/marionette/server.sys.mjs:263:9\n_onJSONObjectReady/<@chrome://remote/content/marionette/transport.sys.mjs:494:20\n","nativeSavedFrame":{}},"formattedStack":"downloadAsBytes@resource://services-settings/Attachments.sys.mjs:537:35\nobserve@resource://gre/modules/AsyncShutdown.sys.mjs:570:17\nquit@chrome://remote/content/shared/Browser.sys.mjs:94:22\nGeckoDriver.prototype.quit@chrome://remote/content/marionette/driver.sys.mjs:3463:42\ndispatch@chrome://remote/content/marionette/server.sys.mjs:318:40\nexecute@chrome://remote/content/marionette/server.sys.mjs:289:16\nonPacket/<@chrome://remote/content/marionette/server.sys.mjs:262:20\nonPacket@chrome://remote/content/marionette/server.sys.mjs:263:9\n_onJSONObjectReady/<@chrome://remote/content/marionette/transport.sys.mjs:494:20\n","nativeSavedFrame":{}},"formattedStack":"_fetchAttachment@resource://services-settings/Attachments.sys.mjs:560:35\ndownloadAsBytes@resource://services-settings/Attachments.sys.mjs:537:35\nobserve@resource://gre/modules/AsyncShutdown.sys.mjs:570:17\nquit@chrome://remote/content/shared/Browser.sys.mjs:94:22\nGeckoDriver.prototype.quit@chrome://remote/content/marionette/driver.sys.mjs:3463:42\ndispatch@chrome://remote/content/marionette/server.sys.mjs:318:40\nexecute@chrome://remote/content/marionette/server.sys.mjs:289:16\nonPacket/<@chrome://remote/content/marionette/server.sys.mjs:262:20\nonPacket@chrome://remote/content/marionette/server.sys.mjs:263:9\n_onJSONObjectReady/<@chrome://remote/content/marionette/transport.sys.mjs:494:20\n","nativeSavedFrame":{}},"formattedStack":"fetch@resource://services-settings/Utils.sys.mjs:224:12\n_fetchAttachment@resource://services-settings/Attachments.sys.mjs:560:35\ndownloadAsBytes@resource://services-settings/Attachments.sys.mjs:537:35\nobserve@resource://gre/modules/AsyncShutdown.sys.mjs:570:17\nquit@chrome://remote/content/shared/Browser.sys.mjs:94:22\nGeckoDriver.prototype.quit@chrome://remote/content/marionette/driver.sys.mjs:3463:42\ndispatch@chrome://remote/content/marionette/server.sys.mjs:318:40\nexecute@chrome://remote/content/marionette/server.sys.mjs:289:16\nonPacket/<@chrome://remote/content/marionette/server.sys.mjs:262:20\nonPacket@chrome://remote/content/marionette/server.sys.mjs:263:9\n_onJSONObjectReady/<@chrome://remote/content/marionette/transport.sys.mjs:494:20\n","nativeSavedFrame":{}},"formattedStack":"fetch/<@resource://services-settings/Utils.sys.mjs:273:15\nfetch@resource://services-settings/Utils.sys.mjs:224:12\n_fetchAttachment@resource://services-settings/Attachments.sys.mjs:560:35\ndownloadAsBytes@resource://services-settings/Attachments.sys.mjs:537:35\nobserve@resource://gre/modules/AsyncShutdown.sys.mjs:570:17\nquit@chrome://remote/content/shared/Browser.sys.mjs:94:22\nGeckoDriver.prototype.quit@chrome://remote/content/marionette/driver.sys.mjs:3463:42\ndispatch@chrome://remote/content/marionette/server.sys.mjs:318:40\nexecute@chrome://remote/content/marionette/server.sys.mjs:289:16\nonPacket/<@chrome://remote/content/marionette/server.sys.mjs:262:20\nonPacket@chrome://remote/content/marionette/server.sys.mjs:263:9\n_onJSONObjectReady/<@chrome://remote/content/marionette/transport.sys.mjs:494:20\n","nativeSavedFrame":{}},"formattedStack":"open@resource://gre/modules/ServiceRequest.sys.mjs:126:11\nfetch/<@resource://services-settings/Utils.sys.mjs:273:15\nfetch@resource://services-settings/Utils.sys.mjs:224:12\n_fetchAttachment@resource://services-settings/Attachments.sys.mjs:560:35\ndownloadAsBytes@resource://services-settings/Attachments.sys.mjs:537:35\nobserve@resource://gre/modules/AsyncShutdown.sys.mjs:570:17\nquit@chrome://remote/content/shared/Browser.sys.mjs:94:22\nGeckoDriver.prototype.quit@chrome://remote/content/marionette/driver.sys.mjs:3463:42\ndispatch@chrome://remote/content/marionette/server.sys.mjs:318:40\nexecute@chrome://remote/content/marionette/server.sys.mjs:289:16\nonPacket/<@chrome://remote/content/marionette/server.sys.mjs:262:20\nonPacket@chrome://remote/content/marionette/server.sys.mjs:263:9\n_onJSONObjectReady/<@chrome://remote/content/marionette/transport.sys.mjs:494:20\n","nativeSavedFrame":{}}
2026-06-19 01:38:44,510 - MainProcess[log-interceptor-1106949591]- selenium_firefox     - DEBUG   : BROWSER 1106949591: driver: - message =
2026-06-19 01:38:44,510 - MainProcess[log-interceptor-1106949591]- selenium_firefox     - DEBUG   : BROWSER 1106949591: driver: - name =
2026-06-19 01:38:44,510 - MainProcess[log-interceptor-1106949591]- selenium_firefox     - DEBUG   : BROWSER 1106949591: driver: - result = 2152071198
2026-06-19 01:38:44,511 - MainProcess[log-interceptor-1106949591]- selenium_firefox     - DEBUG   : BROWSER 1106949591: driver: - stack = open@resource://gre/modules/ServiceRequest.sys.mjs:126:11|fetch/<@resource://services-settings/Utils.sys.mjs:273:15|fetch@resource://services-settings/Utils.sys.mjs:224:12|_fetchAttachment@resource://services-settings/Attachments.sys.mjs:560:35|downloadAsBytes@resource://services-settings/Attachments.sys.mjs:537:35|observe@resource://gre/modules/AsyncShutdown.sys.mjs:570:17|quit@chrome://remote/content/shared/Browser.sys.mjs:94:22|GeckoDriver.prototype.quit@chrome://remote/content/marionette/driver.sys.mjs:3463:42|dispatch@chrome://remote/content/marionette/server.sys.mjs:318:40|execute@chrome://remote/content/marionette/server.sys.mjs:289:16|onPacket/<@chrome://remote/content/marionette/server.sys.mjs:262:20|onPacket@chrome://remote/content/marionette/server.sys.mjs:263:9|_onJSONObjectReady/<@chrome://remote/content/marionette/transport.sys.mjs:494:20|
2026-06-19 01:38:44,511 - MainProcess[log-interceptor-1106949591]- selenium_firefox     - DEBUG   : BROWSER 1106949591: driver: - prototype Object
2026-06-19 01:38:44,511 - MainProcess[log-interceptor-1106949591]- selenium_firefox     - DEBUG   : BROWSER 1106949591: driver: console.error: RemoteSecuritySettings:
2026-06-19 01:38:44,511 - MainProcess[log-interceptor-1106949591]- selenium_firefox     - DEBUG   : BROWSER 1106949591: driver: failed to download CRLite filter
2026-06-19 01:38:44,512 - MainProcess[log-interceptor-1106949591]- selenium_firefox     - DEBUG   : BROWSER 1106949591: driver: Object
2026-06-19 01:38:44,512 - MainProcess[log-interceptor-1106949591]- selenium_firefox     - DEBUG   : BROWSER 1106949591: driver: - prototype Object
2026-06-19 01:38:44,512 - MainProcess[log-interceptor-1106949591]- selenium_firefox     - DEBUG   : BROWSER 1106949591: driver: - columnNumber = 11
2026-06-19 01:38:44,512 - MainProcess[log-interceptor-1106949591]- selenium_firefox     - DEBUG   : BROWSER 1106949591: driver: - data = null
2026-06-19 01:38:44,512 - MainProcess[log-interceptor-1106949591]- selenium_firefox     - DEBUG   : BROWSER 1106949591: driver: - filename = resource://gre/modules/ServiceRequest.sys.mjs
2026-06-19 01:38:44,513 - MainProcess[log-interceptor-1106949591]- selenium_firefox     - DEBUG   : BROWSER 1106949591: driver: - lineNumber = 126
2026-06-19 01:38:44,513 - MainProcess[log-interceptor-1106949591]- selenium_firefox     - DEBUG   : BROWSER 1106949591: driver: - location = {"name":"open","filename":"resource://gre/modules/ServiceRequest.sys.mjs","sourceId":25,"lineNumber":126,"columnNumber":11,"asyncCause":null,"asyncCaller":null,"caller":{"filename":"resource://services-settings/Utils.sys.mjs","name":"fetch/<","sourceId":24,"lineNumber":273,"columnNumber":15,"asyncCause":null,"asyncCaller":null,"caller":{"filename":"resource://services-settings/Utils.sys.mjs","name":"fetch","sourceId":24,"lineNumber":224,"columnNumber":12,"asyncCause":null,"asyncCaller":null,"caller":{"filename":"resource://services-settings/Attachments.sys.mjs","name":"_fetchAttachment","sourceId":23,"lineNumber":560,"columnNumber":35,"asyncCause":null,"asyncCaller":null,"caller":{"filename":"resource://services-settings/Attachments.sys.mjs","name":"downloadAsBytes","sourceId":23,"lineNumber":537,"columnNumber":35,"asyncCause":null,"asyncCaller":null,"caller":{"filename":"resource://gre/modules/AsyncShutdown.sys.mjs","name":"observe","sourceId":15,"lineNumber":570,"columnNumber":17,"asyncCause":null,"asyncCaller":null,"caller":{"filename":"chrome://remote/content/shared/Browser.sys.mjs","name":"quit","sourceId":733,"lineNumber":94,"columnNumber":22,"asyncCause":null,"asyncCaller":null,"caller":{"filename":"chrome://remote/content/marionette/driver.sys.mjs","name":"GeckoDriver.prototype.quit","sourceId":209,"lineNumber":3463,"columnNumber":42,"asyncCause":null,"asyncCaller":null,"caller":{"filename":"chrome://remote/content/marionette/server.sys.mjs","name":"dispatch","sourceId":97,"lineNumber":318,"columnNumber":40,"asyncCause":null,"asyncCaller":null,"caller":{"filename":"chrome://remote/content/marionette/server.sys.mjs","name":"execute","sourceId":97,"lineNumber":289,"columnNumber":16,"asyncCause":null,"asyncCaller":null,"caller":{"filename":"chrome://remote/content/marionette/server.sys.mjs","name":"onPacket/<","sourceId":97,"lineNumber":262,"columnNumber":20,"asyncCause":null,"asyncCaller":null,"caller":{"filename":"chrome://remote/content/marionette/server.sys.mjs","name":"onPacket","sourceId":97,"lineNumber":263,"columnNumber":9,"asyncCause":null,"asyncCaller":null,"caller":{"filename":"chrome://remote/content/marionette/transport.sys.mjs","name":"_onJSONObjectReady/<","sourceId":208,"lineNumber":494,"columnNumber":20,"asyncCause":null,"asyncCaller":null,"caller":null,"formattedStack":"_onJSONObjectReady/<@chrome://remote/content/marionette/transport.sys.mjs:494:20\n","nativeSavedFrame":{}},"formattedStack":"onPacket@chrome://remote/content/marionette/server.sys.mjs:263:9\n_onJSONObjectReady/<@chrome://remote/content/marionette/transport.sys.mjs:494:20\n","nativeSavedFrame":{}},"formattedStack":"onPacket/<@chrome://remote/content/marionette/server.sys.mjs:262:20\nonPacket@chrome://remote/content/marionette/server.sys.mjs:263:9\n_onJSONObjectReady/<@chrome://remote/content/marionette/transport.sys.mjs:494:20\n","nativeSavedFrame":{}},"formattedStack":"execute@chrome://remote/content/marionette/server.sys.mjs:289:16\nonPacket/<@chrome://remote/content/marionette/server.sys.mjs:262:20\nonPacket@chrome://remote/content/marionette/server.sys.mjs:263:9\n_onJSONObjectReady/<@chrome://remote/content/marionette/transport.sys.mjs:494:20\n","nativeSavedFrame":{}},"formattedStack":"dispatch@chrome://remote/content/marionette/server.sys.mjs:318:40\nexecute@chrome://remote/content/marionette/server.sys.mjs:289:16\nonPacket/<@chrome://remote/content/marionette/server.sys.mjs:262:20\nonPacket@chrome://remote/content/marionette/server.sys.mjs:263:9\n_onJSONObjectReady/<@chrome://remote/content/marionette/transport.sys.mjs:494:20\n","nativeSavedFrame":{}},"formattedStack":"GeckoDriver.prototype.quit@chrome://remote/content/marionette/driver.sys.mjs:3463:42\ndispatch@chrome://remote/content/marionette/server.sys.mjs:318:40\nexecute@chrome://remote/content/marionette/server.sys.mjs:289:16\nonPacket/<@chrome://remote/content/marionette/server.sys.mjs:262:20\nonPacket@chrome://remote/content/marionette/server.sys.mjs:263:9\n_onJSONObjectReady/<@chrome://remote/content/marionette/transport.sys.mjs:494:20\n","nativeSavedFrame":{}},"formattedStack":"quit@chrome://remote/content/shared/Browser.sys.mjs:94:22\nGeckoDriver.prototype.quit@chrome://remote/content/marionette/driver.sys.mjs:3463:42\ndispatch@chrome://remote/content/marionette/server.sys.mjs:318:40\nexecute@chrome://remote/content/marionette/server.sys.mjs:289:16\nonPacket/<@chrome://remote/content/marionette/server.sys.mjs:262:20\nonPacket@chrome://remote/content/marionette/server.sys.mjs:263:9\n_onJSONObjectReady/<@chrome://remote/content/marionette/transport.sys.mjs:494:20\n","nativeSavedFrame":{}},"formattedStack":"observe@resource://gre/modules/AsyncShutdown.sys.mjs:570:17\nquit@chrome://remote/content/shared/Browser.sys.mjs:94:22\nGeckoDriver.prototype.quit@chrome://remote/content/marionette/driver.sys.mjs:3463:42\ndispatch@chrome://remote/content/marionette/server.sys.mjs:318:40\nexecute@chrome://remote/content/marionette/server.sys.mjs:289:16\nonPacket/<@chrome://remote/content/marionette/server.sys.mjs:262:20\nonPacket@chrome://remote/content/marionette/server.sys.mjs:263:9\n_onJSONObjectReady/<@chrome://remote/content/marionette/transport.sys.mjs:494:20\n","nativeSavedFrame":{}},"formattedStack":"downloadAsBytes@resource://services-settings/Attachments.sys.mjs:537:35\nobserve@resource://gre/modules/AsyncShutdown.sys.mjs:570:17\nquit@chrome://remote/content/shared/Browser.sys.mjs:94:22\nGeckoDriver.prototype.quit@chrome://remote/content/marionette/driver.sys.mjs:3463:42\ndispatch@chrome://remote/content/marionette/server.sys.mjs:318:40\nexecute@chrome://remote/content/marionette/server.sys.mjs:289:16\nonPacket/<@chrome://remote/content/marionette/server.sys.mjs:262:20\nonPacket@chrome://remote/content/marionette/server.sys.mjs:263:9\n_onJSONObjectReady/<@chrome://remote/content/marionette/transport.sys.mjs:494:20\n","nativeSavedFrame":{}},"formattedStack":"_fetchAttachment@resource://services-settings/Attachments.sys.mjs:560:35\ndownloadAsBytes@resource://services-settings/Attachments.sys.mjs:537:35\nobserve@resource://gre/modules/AsyncShutdown.sys.mjs:570:17\nquit@chrome://remote/content/shared/Browser.sys.mjs:94:22\nGeckoDriver.prototype.quit@chrome://remote/content/marionette/driver.sys.mjs:3463:42\ndispatch@chrome://remote/content/marionette/server.sys.mjs:318:40\nexecute@chrome://remote/content/marionette/server.sys.mjs:289:16\nonPacket/<@chrome://remote/content/marionette/server.sys.mjs:262:20\nonPacket@chrome://remote/content/marionette/server.sys.mjs:263:9\n_onJSONObjectReady/<@chrome://remote/content/marionette/transport.sys.mjs:494:20\n","nativeSavedFrame":{}},"formattedStack":"fetch@resource://services-settings/Utils.sys.mjs:224:12\n_fetchAttachment@resource://services-settings/Attachments.sys.mjs:560:35\ndownloadAsBytes@resource://services-settings/Attachments.sys.mjs:537:35\nobserve@resource://gre/modules/AsyncShutdown.sys.mjs:570:17\nquit@chrome://remote/content/shared/Browser.sys.mjs:94:22\nGeckoDriver.prototype.quit@chrome://remote/content/marionette/driver.sys.mjs:3463:42\ndispatch@chrome://remote/content/marionette/server.sys.mjs:318:40\nexecute@chrome://remote/content/marionette/server.sys.mjs:289:16\nonPacket/<@chrome://remote/content/marionette/server.sys.mjs:262:20\nonPacket@chrome://remote/content/marionette/server.sys.mjs:263:9\n_onJSONObjectReady/<@chrome://remote/content/marionette/transport.sys.mjs:494:20\n","nativeSavedFrame":{}},"formattedStack":"fetch/<@resource://services-settings/Utils.sys.mjs:273:15\nfetch@resource://services-settings/Utils.sys.mjs:224:12\n_fetchAttachment@resource://services-settings/Attachments.sys.mjs:560:35\ndownloadAsBytes@resource://services-settings/Attachments.sys.mjs:537:35\nobserve@resource://gre/modules/AsyncShutdown.sys.mjs:570:17\nquit@chrome://remote/content/shared/Browser.sys.mjs:94:22\nGeckoDriver.prototype.quit@chrome://remote/content/marionette/driver.sys.mjs:3463:42\ndispatch@chrome://remote/content/marionette/server.sys.mjs:318:40\nexecute@chrome://remote/content/marionette/server.sys.mjs:289:16\nonPacket/<@chrome://remote/content/marionette/server.sys.mjs:262:20\nonPacket@chrome://remote/content/marionette/server.sys.mjs:263:9\n_onJSONObjectReady/<@chrome://remote/content/marionette/transport.sys.mjs:494:20\n","nativeSavedFrame":{}},"formattedStack":"open@resource://gre/modules/ServiceRequest.sys.mjs:126:11\nfetch/<@resource://services-settings/Utils.sys.mjs:273:15\nfetch@resource://services-settings/Utils.sys.mjs:224:12\n_fetchAttachment@resource://services-settings/Attachments.sys.mjs:560:35\ndownloadAsBytes@resource://services-settings/Attachments.sys.mjs:537:35\nobserve@resource://gre/modules/AsyncShutdown.sys.mjs:570:17\nquit@chrome://remote/content/shared/Browser.sys.mjs:94:22\nGeckoDriver.prototype.quit@chrome://remote/content/marionette/driver.sys.mjs:3463:42\ndispatch@chrome://remote/content/marionette/server.sys.mjs:318:40\nexecute@chrome://remote/content/marionette/server.sys.mjs:289:16\nonPacket/<@chrome://remote/content/marionette/server.sys.mjs:262:20\nonPacket@chrome://remote/content/marionette/server.sys.mjs:263:9\n_onJSONObjectReady/<@chrome://remote/content/marionette/transport.sys.mjs:494:20\n","nativeSavedFrame":{}}
2026-06-19 01:38:44,513 - MainProcess[log-interceptor-1106949591]- selenium_firefox     - DEBUG   : BROWSER 1106949591: driver: - message =
2026-06-19 01:38:44,513 - MainProcess[log-interceptor-1106949591]- selenium_firefox     - DEBUG   : BROWSER 1106949591: driver: - name =
2026-06-19 01:38:44,513 - MainProcess[log-interceptor-1106949591]- selenium_firefox     - DEBUG   : BROWSER 1106949591: driver: - result = 2152071198
2026-06-19 01:38:44,514 - MainProcess[log-interceptor-1106949591]- selenium_firefox     - DEBUG   : BROWSER 1106949591: driver: - stack = open@resource://gre/modules/ServiceRequest.sys.mjs:126:11|fetch/<@resource://services-settings/Utils.sys.mjs:273:15|fetch@resource://services-settings/Utils.sys.mjs:224:12|_fetchAttachment@resource://services-settings/Attachments.sys.mjs:560:35|downloadAsBytes@resource://services-settings/Attachments.sys.mjs:537:35|observe@resource://gre/modules/AsyncShutdown.sys.mjs:570:17|quit@chrome://remote/content/shared/Browser.sys.mjs:94:22|GeckoDriver.prototype.quit@chrome://remote/content/marionette/driver.sys.mjs:3463:42|dispatch@chrome://remote/content/marionette/server.sys.mjs:318:40|execute@chrome://remote/content/marionette/server.sys.mjs:289:16|onPacket/<@chrome://remote/content/marionette/server.sys.mjs:262:20|onPacket@chrome://remote/content/marionette/server.sys.mjs:263:9|_onJSONObjectReady/<@chrome://remote/content/marionette/transport.sys.mjs:494:20|
2026-06-19 01:38:44,514 - MainProcess[log-interceptor-1106949591]- selenium_firefox     - DEBUG   : BROWSER 1106949591: driver: - prototype Object
2026-06-19 01:38:44,514 - MainProcess[log-interceptor-1106949591]- selenium_firefox     - DEBUG   : BROWSER 1106949591: driver: console.error: RemoteSecuritySettings:
2026-06-19 01:38:44,514 - MainProcess[log-interceptor-1106949591]- selenium_firefox     - DEBUG   : BROWSER 1106949591: driver: failed to download CRLite filter
2026-06-19 01:38:44,514 - MainProcess[log-interceptor-1106949591]- selenium_firefox     - DEBUG   : BROWSER 1106949591: driver: Object
2026-06-19 01:38:44,515 - MainProcess[log-interceptor-1106949591]- selenium_firefox     - DEBUG   : BROWSER 1106949591: driver: - prototype Object
2026-06-19 01:38:44,515 - MainProcess[log-interceptor-1106949591]- selenium_firefox     - DEBUG   : BROWSER 1106949591: driver: - columnNumber = 11
2026-06-19 01:38:44,515 - MainProcess[log-interceptor-1106949591]- selenium_firefox     - DEBUG   : BROWSER 1106949591: driver: - data = null
2026-06-19 01:38:44,515 - MainProcess[log-interceptor-1106949591]- selenium_firefox     - DEBUG   : BROWSER 1106949591: driver: - filename = resource://gre/modules/ServiceRequest.sys.mjs
2026-06-19 01:38:44,515 - MainProcess[log-interceptor-1106949591]- selenium_firefox     - DEBUG   : BROWSER 1106949591: driver: - lineNumber = 126
2026-06-19 01:38:44,516 - MainProcess[log-interceptor-1106949591]- selenium_firefox     - DEBUG   : BROWSER 1106949591: driver: - location = {"name":"open","filename":"resource://gre/modules/ServiceRequest.sys.mjs","sourceId":25,"lineNumber":126,"columnNumber":11,"asyncCause":null,"asyncCaller":null,"caller":{"filename":"resource://services-settings/Utils.sys.mjs","name":"fetch/<","sourceId":24,"lineNumber":273,"columnNumber":15,"asyncCause":null,"asyncCaller":null,"caller":{"filename":"resource://services-settings/Utils.sys.mjs","name":"fetch","sourceId":24,"lineNumber":224,"columnNumber":12,"asyncCause":null,"asyncCaller":null,"caller":{"filename":"resource://services-settings/Attachments.sys.mjs","name":"_fetchAttachment","sourceId":23,"lineNumber":560,"columnNumber":35,"asyncCause":null,"asyncCaller":null,"caller":{"filename":"resource://services-settings/Attachments.sys.mjs","name":"downloadAsBytes","sourceId":23,"lineNumber":537,"columnNumber":35,"asyncCause":null,"asyncCaller":null,"caller":{"filename":"resource://gre/modules/AsyncShutdown.sys.mjs","name":"observe","sourceId":15,"lineNumber":570,"columnNumber":17,"asyncCause":null,"asyncCaller":null,"caller":{"filename":"chrome://remote/content/shared/Browser.sys.mjs","name":"quit","sourceId":733,"lineNumber":94,"columnNumber":22,"asyncCause":null,"asyncCaller":null,"caller":{"filename":"chrome://remote/content/marionette/driver.sys.mjs","name":"GeckoDriver.prototype.quit","sourceId":209,"lineNumber":3463,"columnNumber":42,"asyncCause":null,"asyncCaller":null,"caller":{"filename":"chrome://remote/content/marionette/server.sys.mjs","name":"dispatch","sourceId":97,"lineNumber":318,"columnNumber":40,"asyncCause":null,"asyncCaller":null,"caller":{"filename":"chrome://remote/content/marionette/server.sys.mjs","name":"execute","sourceId":97,"lineNumber":289,"columnNumber":16,"asyncCause":null,"asyncCaller":null,"caller":{"filename":"chrome://remote/content/marionette/server.sys.mjs","name":"onPacket/<","sourceId":97,"lineNumber":262,"columnNumber":20,"asyncCause":null,"asyncCaller":null,"caller":{"filename":"chrome://remote/content/marionette/server.sys.mjs","name":"onPacket","sourceId":97,"lineNumber":263,"columnNumber":9,"asyncCause":null,"asyncCaller":null,"caller":{"filename":"chrome://remote/content/marionette/transport.sys.mjs","name":"_onJSONObjectReady/<","sourceId":208,"lineNumber":494,"columnNumber":20,"asyncCause":null,"asyncCaller":null,"caller":null,"formattedStack":"_onJSONObjectReady/<@chrome://remote/content/marionette/transport.sys.mjs:494:20\n","nativeSavedFrame":{}},"formattedStack":"onPacket@chrome://remote/content/marionette/server.sys.mjs:263:9\n_onJSONObjectReady/<@chrome://remote/content/marionette/transport.sys.mjs:494:20\n","nativeSavedFrame":{}},"formattedStack":"onPacket/<@chrome://remote/content/marionette/server.sys.mjs:262:20\nonPacket@chrome://remote/content/marionette/server.sys.mjs:263:9\n_onJSONObjectReady/<@chrome://remote/content/marionette/transport.sys.mjs:494:20\n","nativeSavedFrame":{}},"formattedStack":"execute@chrome://remote/content/marionette/server.sys.mjs:289:16\nonPacket/<@chrome://remote/content/marionette/server.sys.mjs:262:20\nonPacket@chrome://remote/content/marionette/server.sys.mjs:263:9\n_onJSONObjectReady/<@chrome://remote/content/marionette/transport.sys.mjs:494:20\n","nativeSavedFrame":{}},"formattedStack":"dispatch@chrome://remote/content/marionette/server.sys.mjs:318:40\nexecute@chrome://remote/content/marionette/server.sys.mjs:289:16\nonPacket/<@chrome://remote/content/marionette/server.sys.mjs:262:20\nonPacket@chrome://remote/content/marionette/server.sys.mjs:263:9\n_onJSONObjectReady/<@chrome://remote/content/marionette/transport.sys.mjs:494:20\n","nativeSavedFrame":{}},"formattedStack":"GeckoDriver.prototype.quit@chrome://remote/content/marionette/driver.sys.mjs:3463:42\ndispatch@chrome://remote/content/marionette/server.sys.mjs:318:40\nexecute@chrome://remote/content/marionette/server.sys.mjs:289:16\nonPacket/<@chrome://remote/content/marionette/server.sys.mjs:262:20\nonPacket@chrome://remote/content/marionette/server.sys.mjs:263:9\n_onJSONObjectReady/<@chrome://remote/content/marionette/transport.sys.mjs:494:20\n","nativeSavedFrame":{}},"formattedStack":"quit@chrome://remote/content/shared/Browser.sys.mjs:94:22\nGeckoDriver.prototype.quit@chrome://remote/content/marionette/driver.sys.mjs:3463:42\ndispatch@chrome://remote/content/marionette/server.sys.mjs:318:40\nexecute@chrome://remote/content/marionette/server.sys.mjs:289:16\nonPacket/<@chrome://remote/content/marionette/server.sys.mjs:262:20\nonPacket@chrome://remote/content/marionette/server.sys.mjs:263:9\n_onJSONObjectReady/<@chrome://remote/content/marionette/transport.sys.mjs:494:20\n","nativeSavedFrame":{}},"formattedStack":"observe@resource://gre/modules/AsyncShutdown.sys.mjs:570:17\nquit@chrome://remote/content/shared/Browser.sys.mjs:94:22\nGeckoDriver.prototype.quit@chrome://remote/content/marionette/driver.sys.mjs:3463:42\ndispatch@chrome://remote/content/marionette/server.sys.mjs:318:40\nexecute@chrome://remote/content/marionette/server.sys.mjs:289:16\nonPacket/<@chrome://remote/content/marionette/server.sys.mjs:262:20\nonPacket@chrome://remote/content/marionette/server.sys.mjs:263:9\n_onJSONObjectReady/<@chrome://remote/content/marionette/transport.sys.mjs:494:20\n","nativeSavedFrame":{}},"formattedStack":"downloadAsBytes@resource://services-settings/Attachments.sys.mjs:537:35\nobserve@resource://gre/modules/AsyncShutdown.sys.mjs:570:17\nquit@chrome://remote/content/shared/Browser.sys.mjs:94:22\nGeckoDriver.prototype.quit@chrome://remote/content/marionette/driver.sys.mjs:3463:42\ndispatch@chrome://remote/content/marionette/server.sys.mjs:318:40\nexecute@chrome://remote/content/marionette/server.sys.mjs:289:16\nonPacket/<@chrome://remote/content/marionette/server.sys.mjs:262:20\nonPacket@chrome://remote/content/marionette/server.sys.mjs:263:9\n_onJSONObjectReady/<@chrome://remote/content/marionette/transport.sys.mjs:494:20\n","nativeSavedFrame":{}},"formattedStack":"_fetchAttachment@resource://services-settings/Attachments.sys.mjs:560:35\ndownloadAsBytes@resource://services-settings/Attachments.sys.mjs:537:35\nobserve@resource://gre/modules/AsyncShutdown.sys.mjs:570:17\nquit@chrome://remote/content/shared/Browser.sys.mjs:94:22\nGeckoDriver.prototype.quit@chrome://remote/content/marionette/driver.sys.mjs:3463:42\ndispatch@chrome://remote/content/marionette/server.sys.mjs:318:40\nexecute@chrome://remote/content/marionette/server.sys.mjs:289:16\nonPacket/<@chrome://remote/content/marionette/server.sys.mjs:262:20\nonPacket@chrome://remote/content/marionette/server.sys.mjs:263:9\n_onJSONObjectReady/<@chrome://remote/content/marionette/transport.sys.mjs:494:20\n","nativeSavedFrame":{}},"formattedStack":"fetch@resource://services-settings/Utils.sys.mjs:224:12\n_fetchAttachment@resource://services-settings/Attachments.sys.mjs:560:35\ndownloadAsBytes@resource://services-settings/Attachments.sys.mjs:537:35\nobserve@resource://gre/modules/AsyncShutdown.sys.mjs:570:17\nquit@chrome://remote/content/shared/Browser.sys.mjs:94:22\nGeckoDriver.prototype.quit@chrome://remote/content/marionette/driver.sys.mjs:3463:42\ndispatch@chrome://remote/content/marionette/server.sys.mjs:318:40\nexecute@chrome://remote/content/marionette/server.sys.mjs:289:16\nonPacket/<@chrome://remote/content/marionette/server.sys.mjs:262:20\nonPacket@chrome://remote/content/marionette/server.sys.mjs:263:9\n_onJSONObjectReady/<@chrome://remote/content/marionette/transport.sys.mjs:494:20\n","nativeSavedFrame":{}},"formattedStack":"fetch/<@resource://services-settings/Utils.sys.mjs:273:15\nfetch@resource://services-settings/Utils.sys.mjs:224:12\n_fetchAttachment@resource://services-settings/Attachments.sys.mjs:560:35\ndownloadAsBytes@resource://services-settings/Attachments.sys.mjs:537:35\nobserve@resource://gre/modules/AsyncShutdown.sys.mjs:570:17\nquit@chrome://remote/content/shared/Browser.sys.mjs:94:22\nGeckoDriver.prototype.quit@chrome://remote/content/marionette/driver.sys.mjs:3463:42\ndispatch@chrome://remote/content/marionette/server.sys.mjs:318:40\nexecute@chrome://remote/content/marionette/server.sys.mjs:289:16\nonPacket/<@chrome://remote/content/marionette/server.sys.mjs:262:20\nonPacket@chrome://remote/content/marionette/server.sys.mjs:263:9\n_onJSONObjectReady/<@chrome://remote/content/marionette/transport.sys.mjs:494:20\n","nativeSavedFrame":{}},"formattedStack":"open@resource://gre/modules/ServiceRequest.sys.mjs:126:11\nfetch/<@resource://services-settings/Utils.sys.mjs:273:15\nfetch@resource://services-settings/Utils.sys.mjs:224:12\n_fetchAttachment@resource://services-settings/Attachments.sys.mjs:560:35\ndownloadAsBytes@resource://services-settings/Attachments.sys.mjs:537:35\nobserve@resource://gre/modules/AsyncShutdown.sys.mjs:570:17\nquit@chrome://remote/content/shared/Browser.sys.mjs:94:22\nGeckoDriver.prototype.quit@chrome://remote/content/marionette/driver.sys.mjs:3463:42\ndispatch@chrome://remote/content/marionette/server.sys.mjs:318:40\nexecute@chrome://remote/content/marionette/server.sys.mjs:289:16\nonPacket/<@chrome://remote/content/marionette/server.sys.mjs:262:20\nonPacket@chrome://remote/content/marionette/server.sys.mjs:263:9\n_onJSONObjectReady/<@chrome://remote/content/marionette/transport.sys.mjs:494:20\n","nativeSavedFrame":{}}
2026-06-19 01:38:44,516 - MainProcess[log-interceptor-1106949591]- selenium_firefox     - DEBUG   : BROWSER 1106949591: driver: - message =
2026-06-19 01:38:44,516 - MainProcess[log-interceptor-1106949591]- selenium_firefox     - DEBUG   : BROWSER 1106949591: driver: - name =
2026-06-19 01:38:44,516 - MainProcess[log-interceptor-1106949591]- selenium_firefox     - DEBUG   : BROWSER 1106949591: driver: - result = 2152071198
2026-06-19 01:38:44,516 - MainProcess[log-interceptor-1106949591]- selenium_firefox     - DEBUG   : BROWSER 1106949591: driver: - stack = open@resource://gre/modules/ServiceRequest.sys.mjs:126:11|fetch/<@resource://services-settings/Utils.sys.mjs:273:15|fetch@resource://services-settings/Utils.sys.mjs:224:12|_fetchAttachment@resource://services-settings/Attachments.sys.mjs:560:35|downloadAsBytes@resource://services-settings/Attachments.sys.mjs:537:35|observe@resource://gre/modules/AsyncShutdown.sys.mjs:570:17|quit@chrome://remote/content/shared/Browser.sys.mjs:94:22|GeckoDriver.prototype.quit@chrome://remote/content/marionette/driver.sys.mjs:3463:42|dispatch@chrome://remote/content/marionette/server.sys.mjs:318:40|execute@chrome://remote/content/marionette/server.sys.mjs:289:16|onPacket/<@chrome://remote/content/marionette/server.sys.mjs:262:20|onPacket@chrome://remote/content/marionette/server.sys.mjs:263:9|_onJSONObjectReady/<@chrome://remote/content/marionette/transport.sys.mjs:494:20|
2026-06-19 01:38:44,517 - MainProcess[log-interceptor-1106949591]- selenium_firefox     - DEBUG   : BROWSER 1106949591: driver: - prototype Object
2026-06-19 01:38:44,517 - MainProcess[log-interceptor-1106949591]- selenium_firefox     - DEBUG   : BROWSER 1106949591: driver: console.error: RemoteSecuritySettings:
2026-06-19 01:38:44,517 - MainProcess[log-interceptor-1106949591]- selenium_firefox     - DEBUG   : BROWSER 1106949591: driver: failed to download CRLite filter
2026-06-19 01:38:44,517 - MainProcess[log-interceptor-1106949591]- selenium_firefox     - DEBUG   : BROWSER 1106949591: driver: Object
2026-06-19 01:38:44,518 - MainProcess[log-interceptor-1106949591]- selenium_firefox     - DEBUG   : BROWSER 1106949591: driver: - prototype Object
2026-06-19 01:38:44,518 - MainProcess[log-interceptor-1106949591]- selenium_firefox     - DEBUG   : BROWSER 1106949591: driver: - columnNumber = 11
2026-06-19 01:38:44,518 - MainProcess[log-interceptor-1106949591]- selenium_firefox     - DEBUG   : BROWSER 1106949591: driver: - data = null
2026-06-19 01:38:44,518 - MainProcess[log-interceptor-1106949591]- selenium_firefox     - DEBUG   : BROWSER 1106949591: driver: - filename = resource://gre/modules/ServiceRequest.sys.mjs
2026-06-19 01:38:44,518 - MainProcess[log-interceptor-1106949591]- selenium_firefox     - DEBUG   : BROWSER 1106949591: driver: - lineNumber = 126
2026-06-19 01:38:44,519 - MainProcess[log-interceptor-1106949591]- selenium_firefox     - DEBUG   : BROWSER 1106949591: driver: - location = {"name":"open","filename":"resource://gre/modules/ServiceRequest.sys.mjs","sourceId":25,"lineNumber":126,"columnNumber":11,"asyncCause":null,"asyncCaller":null,"caller":{"filename":"resource://services-settings/Utils.sys.mjs","name":"fetch/<","sourceId":24,"lineNumber":273,"columnNumber":15,"asyncCause":null,"asyncCaller":null,"caller":{"filename":"resource://services-settings/Utils.sys.mjs","name":"fetch","sourceId":24,"lineNumber":224,"columnNumber":12,"asyncCause":null,"asyncCaller":null,"caller":{"filename":"resource://services-settings/Attachments.sys.mjs","name":"_fetchAttachment","sourceId":23,"lineNumber":560,"columnNumber":35,"asyncCause":null,"asyncCaller":null,"caller":{"filename":"resource://services-settings/Attachments.sys.mjs","name":"downloadAsBytes","sourceId":23,"lineNumber":537,"columnNumber":35,"asyncCause":null,"asyncCaller":null,"caller":{"filename":"resource://gre/modules/AsyncShutdown.sys.mjs","name":"observe","sourceId":15,"lineNumber":570,"columnNumber":17,"asyncCause":null,"asyncCaller":null,"caller":{"filename":"chrome://remote/content/shared/Browser.sys.mjs","name":"quit","sourceId":733,"lineNumber":94,"columnNumber":22,"asyncCause":null,"asyncCaller":null,"caller":{"filename":"chrome://remote/content/marionette/driver.sys.mjs","name":"GeckoDriver.prototype.quit","sourceId":209,"lineNumber":3463,"columnNumber":42,"asyncCause":null,"asyncCaller":null,"caller":{"filename":"chrome://remote/content/marionette/server.sys.mjs","name":"dispatch","sourceId":97,"lineNumber":318,"columnNumber":40,"asyncCause":null,"asyncCaller":null,"caller":{"filename":"chrome://remote/content/marionette/server.sys.mjs","name":"execute","sourceId":97,"lineNumber":289,"columnNumber":16,"asyncCause":null,"asyncCaller":null,"caller":{"filename":"chrome://remote/content/marionette/server.sys.mjs","name":"onPacket/<","sourceId":97,"lineNumber":262,"columnNumber":20,"asyncCause":null,"asyncCaller":null,"caller":{"filename":"chrome://remote/content/marionette/server.sys.mjs","name":"onPacket","sourceId":97,"lineNumber":263,"columnNumber":9,"asyncCause":null,"asyncCaller":null,"caller":{"filename":"chrome://remote/content/marionette/transport.sys.mjs","name":"_onJSONObjectReady/<","sourceId":208,"lineNumber":494,"columnNumber":20,"asyncCause":null,"asyncCaller":null,"caller":null,"formattedStack":"_onJSONObjectReady/<@chrome://remote/content/marionette/transport.sys.mjs:494:20\n","nativeSavedFrame":{}},"formattedStack":"onPacket@chrome://remote/content/marionette/server.sys.mjs:263:9\n_onJSONObjectReady/<@chrome://remote/content/marionette/transport.sys.mjs:494:20\n","nativeSavedFrame":{}},"formattedStack":"onPacket/<@chrome://remote/content/marionette/server.sys.mjs:262:20\nonPacket@chrome://remote/content/marionette/server.sys.mjs:263:9\n_onJSONObjectReady/<@chrome://remote/content/marionette/transport.sys.mjs:494:20\n","nativeSavedFrame":{}},"formattedStack":"execute@chrome://remote/content/marionette/server.sys.mjs:289:16\nonPacket/<@chrome://remote/content/marionette/server.sys.mjs:262:20\nonPacket@chrome://remote/content/marionette/server.sys.mjs:263:9\n_onJSONObjectReady/<@chrome://remote/content/marionette/transport.sys.mjs:494:20\n","nativeSavedFrame":{}},"formattedStack":"dispatch@chrome://remote/content/marionette/server.sys.mjs:318:40\nexecute@chrome://remote/content/marionette/server.sys.mjs:289:16\nonPacket/<@chrome://remote/content/marionette/server.sys.mjs:262:20\nonPacket@chrome://remote/content/marionette/server.sys.mjs:263:9\n_onJSONObjectReady/<@chrome://remote/content/marionette/transport.sys.mjs:494:20\n","nativeSavedFrame":{}},"formattedStack":"GeckoDriver.prototype.quit@chrome://remote/content/marionette/driver.sys.mjs:3463:42\ndispatch@chrome://remote/content/marionette/server.sys.mjs:318:40\nexecute@chrome://remote/content/marionette/server.sys.mjs:289:16\nonPacket/<@chrome://remote/content/marionette/server.sys.mjs:262:20\nonPacket@chrome://remote/content/marionette/server.sys.mjs:263:9\n_onJSONObjectReady/<@chrome://remote/content/marionette/transport.sys.mjs:494:20\n","nativeSavedFrame":{}},"formattedStack":"quit@chrome://remote/content/shared/Browser.sys.mjs:94:22\nGeckoDriver.prototype.quit@chrome://remote/content/marionette/driver.sys.mjs:3463:42\ndispatch@chrome://remote/content/marionette/server.sys.mjs:318:40\nexecute@chrome://remote/content/marionette/server.sys.mjs:289:16\nonPacket/<@chrome://remote/content/marionette/server.sys.mjs:262:20\nonPacket@chrome://remote/content/marionette/server.sys.mjs:263:9\n_onJSONObjectReady/<@chrome://remote/content/marionette/transport.sys.mjs:494:20\n","nativeSavedFrame":{}},"formattedStack":"observe@resource://gre/modules/AsyncShutdown.sys.mjs:570:17\nquit@chrome://remote/content/shared/Browser.sys.mjs:94:22\nGeckoDriver.prototype.quit@chrome://remote/content/marionette/driver.sys.mjs:3463:42\ndispatch@chrome://remote/content/marionette/server.sys.mjs:318:40\nexecute@chrome://remote/content/marionette/server.sys.mjs:289:16\nonPacket/<@chrome://remote/content/marionette/server.sys.mjs:262:20\nonPacket@chrome://remote/content/marionette/server.sys.mjs:263:9\n_onJSONObjectReady/<@chrome://remote/content/marionette/transport.sys.mjs:494:20\n","nativeSavedFrame":{}},"formattedStack":"downloadAsBytes@resource://services-settings/Attachments.sys.mjs:537:35\nobserve@resource://gre/modules/AsyncShutdown.sys.mjs:570:17\nquit@chrome://remote/content/shared/Browser.sys.mjs:94:22\nGeckoDriver.prototype.quit@chrome://remote/content/marionette/driver.sys.mjs:3463:42\ndispatch@chrome://remote/content/marionette/server.sys.mjs:318:40\nexecute@chrome://remote/content/marionette/server.sys.mjs:289:16\nonPacket/<@chrome://remote/content/marionette/server.sys.mjs:262:20\nonPacket@chrome://remote/content/marionette/server.sys.mjs:263:9\n_onJSONObjectReady/<@chrome://remote/content/marionette/transport.sys.mjs:494:20\n","nativeSavedFrame":{}},"formattedStack":"_fetchAttachment@resource://services-settings/Attachments.sys.mjs:560:35\ndownloadAsBytes@resource://services-settings/Attachments.sys.mjs:537:35\nobserve@resource://gre/modules/AsyncShutdown.sys.mjs:570:17\nquit@chrome://remote/content/shared/Browser.sys.mjs:94:22\nGeckoDriver.prototype.quit@chrome://remote/content/marionette/driver.sys.mjs:3463:42\ndispatch@chrome://remote/content/marionette/server.sys.mjs:318:40\nexecute@chrome://remote/content/marionette/server.sys.mjs:289:16\nonPacket/<@chrome://remote/content/marionette/server.sys.mjs:262:20\nonPacket@chrome://remote/content/marionette/server.sys.mjs:263:9\n_onJSONObjectReady/<@chrome://remote/content/marionette/transport.sys.mjs:494:20\n","nativeSavedFrame":{}},"formattedStack":"fetch@resource://services-settings/Utils.sys.mjs:224:12\n_fetchAttachment@resource://services-settings/Attachments.sys.mjs:560:35\ndownloadAsBytes@resource://services-settings/Attachments.sys.mjs:537:35\nobserve@resource://gre/modules/AsyncShutdown.sys.mjs:570:17\nquit@chrome://remote/content/shared/Browser.sys.mjs:94:22\nGeckoDriver.prototype.quit@chrome://remote/content/marionette/driver.sys.mjs:3463:42\ndispatch@chrome://remote/content/marionette/server.sys.mjs:318:40\nexecute@chrome://remote/content/marionette/server.sys.mjs:289:16\nonPacket/<@chrome://remote/content/marionette/server.sys.mjs:262:20\nonPacket@chrome://remote/content/marionette/server.sys.mjs:263:9\n_onJSONObjectReady/<@chrome://remote/content/marionette/transport.sys.mjs:494:20\n","nativeSavedFrame":{}},"formattedStack":"fetch/<@resource://services-settings/Utils.sys.mjs:273:15\nfetch@resource://services-settings/Utils.sys.mjs:224:12\n_fetchAttachment@resource://services-settings/Attachments.sys.mjs:560:35\ndownloadAsBytes@resource://services-settings/Attachments.sys.mjs:537:35\nobserve@resource://gre/modules/AsyncShutdown.sys.mjs:570:17\nquit@chrome://remote/content/shared/Browser.sys.mjs:94:22\nGeckoDriver.prototype.quit@chrome://remote/content/marionette/driver.sys.mjs:3463:42\ndispatch@chrome://remote/content/marionette/server.sys.mjs:318:40\nexecute@chrome://remote/content/marionette/server.sys.mjs:289:16\nonPacket/<@chrome://remote/content/marionette/server.sys.mjs:262:20\nonPacket@chrome://remote/content/marionette/server.sys.mjs:263:9\n_onJSONObjectReady/<@chrome://remote/content/marionette/transport.sys.mjs:494:20\n","nativeSavedFrame":{}},"formattedStack":"open@resource://gre/modules/ServiceRequest.sys.mjs:126:11\nfetch/<@resource://services-settings/Utils.sys.mjs:273:15\nfetch@resource://services-settings/Utils.sys.mjs:224:12\n_fetchAttachment@resource://services-settings/Attachments.sys.mjs:560:35\ndownloadAsBytes@resource://services-settings/Attachments.sys.mjs:537:35\nobserve@resource://gre/modules/AsyncShutdown.sys.mjs:570:17\nquit@chrome://remote/content/shared/Browser.sys.mjs:94:22\nGeckoDriver.prototype.quit@chrome://remote/content/marionette/driver.sys.mjs:3463:42\ndispatch@chrome://remote/content/marionette/server.sys.mjs:318:40\nexecute@chrome://remote/content/marionette/server.sys.mjs:289:16\nonPacket/<@chrome://remote/content/marionette/server.sys.mjs:262:20\nonPacket@chrome://remote/content/marionette/server.sys.mjs:263:9\n_onJSONObjectReady/<@chrome://remote/content/marionette/transport.sys.mjs:494:20\n","nativeSavedFrame":{}}
2026-06-19 01:38:44,519 - MainProcess[log-interceptor-1106949591]- selenium_firefox     - DEBUG   : BROWSER 1106949591: driver: - message =
2026-06-19 01:38:44,519 - MainProcess[log-interceptor-1106949591]- selenium_firefox     - DEBUG   : BROWSER 1106949591: driver: - name =
2026-06-19 01:38:44,519 - MainProcess[log-interceptor-1106949591]- selenium_firefox     - DEBUG   : BROWSER 1106949591: driver: - result = 2152071198
2026-06-19 01:38:44,520 - MainProcess[log-interceptor-1106949591]- selenium_firefox     - DEBUG   : BROWSER 1106949591: driver: - stack = open@resource://gre/modules/ServiceRequest.sys.mjs:126:11|fetch/<@resource://services-settings/Utils.sys.mjs:273:15|fetch@resource://services-settings/Utils.sys.mjs:224:12|_fetchAttachment@resource://services-settings/Attachments.sys.mjs:560:35|downloadAsBytes@resource://services-settings/Attachments.sys.mjs:537:35|observe@resource://gre/modules/AsyncShutdown.sys.mjs:570:17|quit@chrome://remote/content/shared/Browser.sys.mjs:94:22|GeckoDriver.prototype.quit@chrome://remote/content/marionette/driver.sys.mjs:3463:42|dispatch@chrome://remote/content/marionette/server.sys.mjs:318:40|execute@chrome://remote/content/marionette/server.sys.mjs:289:16|onPacket/<@chrome://remote/content/marionette/server.sys.mjs:262:20|onPacket@chrome://remote/content/marionette/server.sys.mjs:263:9|_onJSONObjectReady/<@chrome://remote/content/marionette/transport.sys.mjs:494:20|
2026-06-19 01:38:44,520 - MainProcess[log-interceptor-1106949591]- selenium_firefox     - DEBUG   : BROWSER 1106949591: driver: - prototype Object
2026-06-19 01:38:44,520 - MainProcess[log-interceptor-1106949591]- selenium_firefox     - DEBUG   : BROWSER 1106949591: driver: console.error: RemoteSecuritySettings:
2026-06-19 01:38:44,521 - MainProcess[log-interceptor-1106949591]- selenium_firefox     - DEBUG   : BROWSER 1106949591: driver: failed to download CRLite filter
2026-06-19 01:38:44,521 - MainProcess[log-interceptor-1106949591]- selenium_firefox     - DEBUG   : BROWSER 1106949591: driver: Object
2026-06-19 01:38:44,521 - MainProcess[log-interceptor-1106949591]- selenium_firefox     - DEBUG   : BROWSER 1106949591: driver: - prototype Object
2026-06-19 01:38:44,522 - MainProcess[log-interceptor-1106949591]- selenium_firefox     - DEBUG   : BROWSER 1106949591: driver: - columnNumber = 11
2026-06-19 01:38:44,522 - MainProcess[log-interceptor-1106949591]- selenium_firefox     - DEBUG   : BROWSER 1106949591: driver: - data = null
2026-06-19 01:38:44,523 - MainProcess[log-interceptor-1106949591]- selenium_firefox     - DEBUG   : BROWSER 1106949591: driver: - filename = resource://gre/modules/ServiceRequest.sys.mjs
2026-06-19 01:38:44,523 - MainProcess[log-interceptor-1106949591]- selenium_firefox     - DEBUG   : BROWSER 1106949591: driver: - lineNumber = 126
2026-06-19 01:38:44,523 - MainProcess[log-interceptor-1106949591]- selenium_firefox     - DEBUG   : BROWSER 1106949591: driver: - location = {"name":"open","filename":"resource://gre/modules/ServiceRequest.sys.mjs","sourceId":25,"lineNumber":126,"columnNumber":11,"asyncCause":null,"asyncCaller":null,"caller":{"filename":"resource://services-settings/Utils.sys.mjs","name":"fetch/<","sourceId":24,"lineNumber":273,"columnNumber":15,"asyncCause":null,"asyncCaller":null,"caller":{"filename":"resource://services-settings/Utils.sys.mjs","name":"fetch","sourceId":24,"lineNumber":224,"columnNumber":12,"asyncCause":null,"asyncCaller":null,"caller":{"filename":"resource://services-settings/Attachments.sys.mjs","name":"_fetchAttachment","sourceId":23,"lineNumber":560,"columnNumber":35,"asyncCause":null,"asyncCaller":null,"caller":{"filename":"resource://services-settings/Attachments.sys.mjs","name":"downloadAsBytes","sourceId":23,"lineNumber":537,"columnNumber":35,"asyncCause":null,"asyncCaller":null,"caller":{"filename":"resource://gre/modules/AsyncShutdown.sys.mjs","name":"observe","sourceId":15,"lineNumber":570,"columnNumber":17,"asyncCause":null,"asyncCaller":null,"caller":{"filename":"chrome://remote/content/shared/Browser.sys.mjs","name":"quit","sourceId":733,"lineNumber":94,"columnNumber":22,"asyncCause":null,"asyncCaller":null,"caller":{"filename":"chrome://remote/content/marionette/driver.sys.mjs","name":"GeckoDriver.prototype.quit","sourceId":209,"lineNumber":3463,"columnNumber":42,"asyncCause":null,"asyncCaller":null,"caller":{"filename":"chrome://remote/content/marionette/server.sys.mjs","name":"dispatch","sourceId":97,"lineNumber":318,"columnNumber":40,"asyncCause":null,"asyncCaller":null,"caller":{"filename":"chrome://remote/content/marionette/server.sys.mjs","name":"execute","sourceId":97,"lineNumber":289,"columnNumber":16,"asyncCause":null,"asyncCaller":null,"caller":{"filename":"chrome://remote/content/marionette/server.sys.mjs","name":"onPacket/<","sourceId":97,"lineNumber":262,"columnNumber":20,"asyncCause":null,"asyncCaller":null,"caller":{"filename":"chrome://remote/content/marionette/server.sys.mjs","name":"onPacket","sourceId":97,"lineNumber":263,"columnNumber":9,"asyncCause":null,"asyncCaller":null,"caller":{"filename":"chrome://remote/content/marionette/transport.sys.mjs","name":"_onJSONObjectReady/<","sourceId":208,"lineNumber":494,"columnNumber":20,"asyncCause":null,"asyncCaller":null,"caller":null,"formattedStack":"_onJSONObjectReady/<@chrome://remote/content/marionette/transport.sys.mjs:494:20\n","nativeSavedFrame":{}},"formattedStack":"onPacket@chrome://remote/content/marionette/server.sys.mjs:263:9\n_onJSONObjectReady/<@chrome://remote/content/marionette/transport.sys.mjs:494:20\n","nativeSavedFrame":{}},"formattedStack":"onPacket/<@chrome://remote/content/marionette/server.sys.mjs:262:20\nonPacket@chrome://remote/content/marionette/server.sys.mjs:263:9\n_onJSONObjectReady/<@chrome://remote/content/marionette/transport.sys.mjs:494:20\n","nativeSavedFrame":{}},"formattedStack":"execute@chrome://remote/content/marionette/server.sys.mjs:289:16\nonPacket/<@chrome://remote/content/marionette/server.sys.mjs:262:20\nonPacket@chrome://remote/content/marionette/server.sys.mjs:263:9\n_onJSONObjectReady/<@chrome://remote/content/marionette/transport.sys.mjs:494:20\n","nativeSavedFrame":{}},"formattedStack":"dispatch@chrome://remote/content/marionette/server.sys.mjs:318:40\nexecute@chrome://remote/content/marionette/server.sys.mjs:289:16\nonPacket/<@chrome://remote/content/marionette/server.sys.mjs:262:20\nonPacket@chrome://remote/content/marionette/server.sys.mjs:263:9\n_onJSONObjectReady/<@chrome://remote/content/marionette/transport.sys.mjs:494:20\n","nativeSavedFrame":{}},"formattedStack":"GeckoDriver.prototype.quit@chrome://remote/content/marionette/driver.sys.mjs:3463:42\ndispatch@chrome://remote/content/marionette/server.sys.mjs:318:40\nexecute@chrome://remote/content/marionette/server.sys.mjs:289:16\nonPacket/<@chrome://remote/content/marionette/server.sys.mjs:262:20\nonPacket@chrome://remote/content/marionette/server.sys.mjs:263:9\n_onJSONObjectReady/<@chrome://remote/content/marionette/transport.sys.mjs:494:20\n","nativeSavedFrame":{}},"formattedStack":"quit@chrome://remote/content/shared/Browser.sys.mjs:94:22\nGeckoDriver.prototype.quit@chrome://remote/content/marionette/driver.sys.mjs:3463:42\ndispatch@chrome://remote/content/marionette/server.sys.mjs:318:40\nexecute@chrome://remote/content/marionette/server.sys.mjs:289:16\nonPacket/<@chrome://remote/content/marionette/server.sys.mjs:262:20\nonPacket@chrome://remote/content/marionette/server.sys.mjs:263:9\n_onJSONObjectReady/<@chrome://remote/content/marionette/transport.sys.mjs:494:20\n","nativeSavedFrame":{}},"formattedStack":"observe@resource://gre/modules/AsyncShutdown.sys.mjs:570:17\nquit@chrome://remote/content/shared/Browser.sys.mjs:94:22\nGeckoDriver.prototype.quit@chrome://remote/content/marionette/driver.sys.mjs:3463:42\ndispatch@chrome://remote/content/marionette/server.sys.mjs:318:40\nexecute@chrome://remote/content/marionette/server.sys.mjs:289:16\nonPacket/<@chrome://remote/content/marionette/server.sys.mjs:262:20\nonPacket@chrome://remote/content/marionette/server.sys.mjs:263:9\n_onJSONObjectReady/<@chrome://remote/content/marionette/transport.sys.mjs:494:20\n","nativeSavedFrame":{}},"formattedStack":"downloadAsBytes@resource://services-settings/Attachments.sys.mjs:537:35\nobserve@resource://gre/modules/AsyncShutdown.sys.mjs:570:17\nquit@chrome://remote/content/shared/Browser.sys.mjs:94:22\nGeckoDriver.prototype.quit@chrome://remote/content/marionette/driver.sys.mjs:3463:42\ndispatch@chrome://remote/content/marionette/server.sys.mjs:318:40\nexecute@chrome://remote/content/marionette/server.sys.mjs:289:16\nonPacket/<@chrome://remote/content/marionette/server.sys.mjs:262:20\nonPacket@chrome://remote/content/marionette/server.sys.mjs:263:9\n_onJSONObjectReady/<@chrome://remote/content/marionette/transport.sys.mjs:494:20\n","nativeSavedFrame":{}},"formattedStack":"_fetchAttachment@resource://services-settings/Attachments.sys.mjs:560:35\ndownloadAsBytes@resource://services-settings/Attachments.sys.mjs:537:35\nobserve@resource://gre/modules/AsyncShutdown.sys.mjs:570:17\nquit@chrome://remote/content/shared/Browser.sys.mjs:94:22\nGeckoDriver.prototype.quit@chrome://remote/content/marionette/driver.sys.mjs:3463:42\ndispatch@chrome://remote/content/marionette/server.sys.mjs:318:40\nexecute@chrome://remote/content/marionette/server.sys.mjs:289:16\nonPacket/<@chrome://remote/content/marionette/server.sys.mjs:262:20\nonPacket@chrome://remote/content/marionette/server.sys.mjs:263:9\n_onJSONObjectReady/<@chrome://remote/content/marionette/transport.sys.mjs:494:20\n","nativeSavedFrame":{}},"formattedStack":"fetch@resource://services-settings/Utils.sys.mjs:224:12\n_fetchAttachment@resource://services-settings/Attachments.sys.mjs:560:35\ndownloadAsBytes@resource://services-settings/Attachments.sys.mjs:537:35\nobserve@resource://gre/modules/AsyncShutdown.sys.mjs:570:17\nquit@chrome://remote/content/shared/Browser.sys.mjs:94:22\nGeckoDriver.prototype.quit@chrome://remote/content/marionette/driver.sys.mjs:3463:42\ndispatch@chrome://remote/content/marionette/server.sys.mjs:318:40\nexecute@chrome://remote/content/marionette/server.sys.mjs:289:16\nonPacket/<@chrome://remote/content/marionette/server.sys.mjs:262:20\nonPacket@chrome://remote/content/marionette/server.sys.mjs:263:9\n_onJSONObjectReady/<@chrome://remote/content/marionette/transport.sys.mjs:494:20\n","nativeSavedFrame":{}},"formattedStack":"fetch/<@resource://services-settings/Utils.sys.mjs:273:15\nfetch@resource://services-settings/Utils.sys.mjs:224:12\n_fetchAttachment@resource://services-settings/Attachments.sys.mjs:560:35\ndownloadAsBytes@resource://services-settings/Attachments.sys.mjs:537:35\nobserve@resource://gre/modules/AsyncShutdown.sys.mjs:570:17\nquit@chrome://remote/content/shared/Browser.sys.mjs:94:22\nGeckoDriver.prototype.quit@chrome://remote/content/marionette/driver.sys.mjs:3463:42\ndispatch@chrome://remote/content/marionette/server.sys.mjs:318:40\nexecute@chrome://remote/content/marionette/server.sys.mjs:289:16\nonPacket/<@chrome://remote/content/marionette/server.sys.mjs:262:20\nonPacket@chrome://remote/content/marionette/server.sys.mjs:263:9\n_onJSONObjectReady/<@chrome://remote/content/marionette/transport.sys.mjs:494:20\n","nativeSavedFrame":{}},"formattedStack":"open@resource://gre/modules/ServiceRequest.sys.mjs:126:11\nfetch/<@resource://services-settings/Utils.sys.mjs:273:15\nfetch@resource://services-settings/Utils.sys.mjs:224:12\n_fetchAttachment@resource://services-settings/Attachments.sys.mjs:560:35\ndownloadAsBytes@resource://services-settings/Attachments.sys.mjs:537:35\nobserve@resource://gre/modules/AsyncShutdown.sys.mjs:570:17\nquit@chrome://remote/content/shared/Browser.sys.mjs:94:22\nGeckoDriver.prototype.quit@chrome://remote/content/marionette/driver.sys.mjs:3463:42\ndispatch@chrome://remote/content/marionette/server.sys.mjs:318:40\nexecute@chrome://remote/content/marionette/server.sys.mjs:289:16\nonPacket/<@chrome://remote/content/marionette/server.sys.mjs:262:20\nonPacket@chrome://remote/content/marionette/server.sys.mjs:263:9\n_onJSONObjectReady/<@chrome://remote/content/marionette/transport.sys.mjs:494:20\n","nativeSavedFrame":{}}
2026-06-19 01:38:44,524 - MainProcess[log-interceptor-1106949591]- selenium_firefox     - DEBUG   : BROWSER 1106949591: driver: - message =
2026-06-19 01:38:44,524 - MainProcess[log-interceptor-1106949591]- selenium_firefox     - DEBUG   : BROWSER 1106949591: driver: - name =
2026-06-19 01:38:44,524 - MainProcess[log-interceptor-1106949591]- selenium_firefox     - DEBUG   : BROWSER 1106949591: driver: - result = 2152071198
2026-06-19 01:38:44,524 - MainProcess[log-interceptor-1106949591]- selenium_firefox     - DEBUG   : BROWSER 1106949591: driver: - stack = open@resource://gre/modules/ServiceRequest.sys.mjs:126:11|fetch/<@resource://services-settings/Utils.sys.mjs:273:15|fetch@resource://services-settings/Utils.sys.mjs:224:12|_fetchAttachment@resource://services-settings/Attachments.sys.mjs:560:35|downloadAsBytes@resource://services-settings/Attachments.sys.mjs:537:35|observe@resource://gre/modules/AsyncShutdown.sys.mjs:570:17|quit@chrome://remote/content/shared/Browser.sys.mjs:94:22|GeckoDriver.prototype.quit@chrome://remote/content/marionette/driver.sys.mjs:3463:42|dispatch@chrome://remote/content/marionette/server.sys.mjs:318:40|execute@chrome://remote/content/marionette/server.sys.mjs:289:16|onPacket/<@chrome://remote/content/marionette/server.sys.mjs:262:20|onPacket@chrome://remote/content/marionette/server.sys.mjs:263:9|_onJSONObjectReady/<@chrome://remote/content/marionette/transport.sys.mjs:494:20|
2026-06-19 01:38:44,525 - MainProcess[log-interceptor-1106949591]- selenium_firefox     - DEBUG   : BROWSER 1106949591: driver: - prototype Object
2026-06-19 01:38:44,525 - MainProcess[log-interceptor-1106949591]- selenium_firefox     - DEBUG   : BROWSER 1106949591: driver: console.error: RemoteSecuritySettings:
2026-06-19 01:38:44,525 - MainProcess[log-interceptor-1106949591]- selenium_firefox     - DEBUG   : BROWSER 1106949591: driver: failed to download CRLite filter
2026-06-19 01:38:44,525 - MainProcess[log-interceptor-1106949591]- selenium_firefox     - DEBUG   : BROWSER 1106949591: driver: Object
2026-06-19 01:38:44,525 - MainProcess[log-interceptor-1106949591]- selenium_firefox     - DEBUG   : BROWSER 1106949591: driver: - prototype Object
2026-06-19 01:38:44,526 - MainProcess[log-interceptor-1106949591]- selenium_firefox     - DEBUG   : BROWSER 1106949591: driver: - columnNumber = 11
2026-06-19 01:38:44,526 - MainProcess[log-interceptor-1106949591]- selenium_firefox     - DEBUG   : BROWSER 1106949591: driver: - data = null
2026-06-19 01:38:44,526 - MainProcess[log-interceptor-1106949591]- selenium_firefox     - DEBUG   : BROWSER 1106949591: driver: - filename = resource://gre/modules/ServiceRequest.sys.mjs
2026-06-19 01:38:44,527 - MainProcess[log-interceptor-1106949591]- selenium_firefox     - DEBUG   : BROWSER 1106949591: driver: - lineNumber = 126
2026-06-19 01:38:44,527 - MainProcess[log-interceptor-1106949591]- selenium_firefox     - DEBUG   : BROWSER 1106949591: driver: - location = {"name":"open","filename":"resource://gre/modules/ServiceRequest.sys.mjs","sourceId":25,"lineNumber":126,"columnNumber":11,"asyncCause":null,"asyncCaller":null,"caller":{"filename":"resource://services-settings/Utils.sys.mjs","name":"fetch/<","sourceId":24,"lineNumber":273,"columnNumber":15,"asyncCause":null,"asyncCaller":null,"caller":{"filename":"resource://services-settings/Utils.sys.mjs","name":"fetch","sourceId":24,"lineNumber":224,"columnNumber":12,"asyncCause":null,"asyncCaller":null,"caller":{"filename":"resource://services-settings/Attachments.sys.mjs","name":"_fetchAttachment","sourceId":23,"lineNumber":560,"columnNumber":35,"asyncCause":null,"asyncCaller":null,"caller":{"filename":"resource://services-settings/Attachments.sys.mjs","name":"downloadAsBytes","sourceId":23,"lineNumber":537,"columnNumber":35,"asyncCause":null,"asyncCaller":null,"caller":{"filename":"resource://gre/modules/AsyncShutdown.sys.mjs","name":"observe","sourceId":15,"lineNumber":570,"columnNumber":17,"asyncCause":null,"asyncCaller":null,"caller":{"filename":"chrome://remote/content/shared/Browser.sys.mjs","name":"quit","sourceId":733,"lineNumber":94,"columnNumber":22,"asyncCause":null,"asyncCaller":null,"caller":{"filename":"chrome://remote/content/marionette/driver.sys.mjs","name":"GeckoDriver.prototype.quit","sourceId":209,"lineNumber":3463,"columnNumber":42,"asyncCause":null,"asyncCaller":null,"caller":{"filename":"chrome://remote/content/marionette/server.sys.mjs","name":"dispatch","sourceId":97,"lineNumber":318,"columnNumber":40,"asyncCause":null,"asyncCaller":null,"caller":{"filename":"chrome://remote/content/marionette/server.sys.mjs","name":"execute","sourceId":97,"lineNumber":289,"columnNumber":16,"asyncCause":null,"asyncCaller":null,"caller":{"filename":"chrome://remote/content/marionette/server.sys.mjs","name":"onPacket/<","sourceId":97,"lineNumber":262,"columnNumber":20,"asyncCause":null,"asyncCaller":null,"caller":{"filename":"chrome://remote/content/marionette/server.sys.mjs","name":"onPacket","sourceId":97,"lineNumber":263,"columnNumber":9,"asyncCause":null,"asyncCaller":null,"caller":{"filename":"chrome://remote/content/marionette/transport.sys.mjs","name":"_onJSONObjectReady/<","sourceId":208,"lineNumber":494,"columnNumber":20,"asyncCause":null,"asyncCaller":null,"caller":null,"formattedStack":"_onJSONObjectReady/<@chrome://remote/content/marionette/transport.sys.mjs:494:20\n","nativeSavedFrame":{}},"formattedStack":"onPacket@chrome://remote/content/marionette/server.sys.mjs:263:9\n_onJSONObjectReady/<@chrome://remote/content/marionette/transport.sys.mjs:494:20\n","nativeSavedFrame":{}},"formattedStack":"onPacket/<@chrome://remote/content/marionette/server.sys.mjs:262:20\nonPacket@chrome://remote/content/marionette/server.sys.mjs:263:9\n_onJSONObjectReady/<@chrome://remote/content/marionette/transport.sys.mjs:494:20\n","nativeSavedFrame":{}},"formattedStack":"execute@chrome://remote/content/marionette/server.sys.mjs:289:16\nonPacket/<@chrome://remote/content/marionette/server.sys.mjs:262:20\nonPacket@chrome://remote/content/marionette/server.sys.mjs:263:9\n_onJSONObjectReady/<@chrome://remote/content/marionette/transport.sys.mjs:494:20\n","nativeSavedFrame":{}},"formattedStack":"dispatch@chrome://remote/content/marionette/server.sys.mjs:318:40\nexecute@chrome://remote/content/marionette/server.sys.mjs:289:16\nonPacket/<@chrome://remote/content/marionette/server.sys.mjs:262:20\nonPacket@chrome://remote/content/marionette/server.sys.mjs:263:9\n_onJSONObjectReady/<@chrome://remote/content/marionette/transport.sys.mjs:494:20\n","nativeSavedFrame":{}},"formattedStack":"GeckoDriver.prototype.quit@chrome://remote/content/marionette/driver.sys.mjs:3463:42\ndispatch@chrome://remote/content/marionette/server.sys.mjs:318:40\nexecute@chrome://remote/content/marionette/server.sys.mjs:289:16\nonPacket/<@chrome://remote/content/marionette/server.sys.mjs:262:20\nonPacket@chrome://remote/content/marionette/server.sys.mjs:263:9\n_onJSONObjectReady/<@chrome://remote/content/marionette/transport.sys.mjs:494:20\n","nativeSavedFrame":{}},"formattedStack":"quit@chrome://remote/content/shared/Browser.sys.mjs:94:22\nGeckoDriver.prototype.quit@chrome://remote/content/marionette/driver.sys.mjs:3463:42\ndispatch@chrome://remote/content/marionette/server.sys.mjs:318:40\nexecute@chrome://remote/content/marionette/server.sys.mjs:289:16\nonPacket/<@chrome://remote/content/marionette/server.sys.mjs:262:20\nonPacket@chrome://remote/content/marionette/server.sys.mjs:263:9\n_onJSONObjectReady/<@chrome://remote/content/marionette/transport.sys.mjs:494:20\n","nativeSavedFrame":{}},"formattedStack":"observe@resource://gre/modules/AsyncShutdown.sys.mjs:570:17\nquit@chrome://remote/content/shared/Browser.sys.mjs:94:22\nGeckoDriver.prototype.quit@chrome://remote/content/marionette/driver.sys.mjs:3463:42\ndispatch@chrome://remote/content/marionette/server.sys.mjs:318:40\nexecute@chrome://remote/content/marionette/server.sys.mjs:289:16\nonPacket/<@chrome://remote/content/marionette/server.sys.mjs:262:20\nonPacket@chrome://remote/content/marionette/server.sys.mjs:263:9\n_onJSONObjectReady/<@chrome://remote/content/marionette/transport.sys.mjs:494:20\n","nativeSavedFrame":{}},"formattedStack":"downloadAsBytes@resource://services-settings/Attachments.sys.mjs:537:35\nobserve@resource://gre/modules/AsyncShutdown.sys.mjs:570:17\nquit@chrome://remote/content/shared/Browser.sys.mjs:94:22\nGeckoDriver.prototype.quit@chrome://remote/content/marionette/driver.sys.mjs:3463:42\ndispatch@chrome://remote/content/marionette/server.sys.mjs:318:40\nexecute@chrome://remote/content/marionette/server.sys.mjs:289:16\nonPacket/<@chrome://remote/content/marionette/server.sys.mjs:262:20\nonPacket@chrome://remote/content/marionette/server.sys.mjs:263:9\n_onJSONObjectReady/<@chrome://remote/content/marionette/transport.sys.mjs:494:20\n","nativeSavedFrame":{}},"formattedStack":"_fetchAttachment@resource://services-settings/Attachments.sys.mjs:560:35\ndownloadAsBytes@resource://services-settings/Attachments.sys.mjs:537:35\nobserve@resource://gre/modules/AsyncShutdown.sys.mjs:570:17\nquit@chrome://remote/content/shared/Browser.sys.mjs:94:22\nGeckoDriver.prototype.quit@chrome://remote/content/marionette/driver.sys.mjs:3463:42\ndispatch@chrome://remote/content/marionette/server.sys.mjs:318:40\nexecute@chrome://remote/content/marionette/server.sys.mjs:289:16\nonPacket/<@chrome://remote/content/marionette/server.sys.mjs:262:20\nonPacket@chrome://remote/content/marionette/server.sys.mjs:263:9\n_onJSONObjectReady/<@chrome://remote/content/marionette/transport.sys.mjs:494:20\n","nativeSavedFrame":{}},"formattedStack":"fetch@resource://services-settings/Utils.sys.mjs:224:12\n_fetchAttachment@resource://services-settings/Attachments.sys.mjs:560:35\ndownloadAsBytes@resource://services-settings/Attachments.sys.mjs:537:35\nobserve@resource://gre/modules/AsyncShutdown.sys.mjs:570:17\nquit@chrome://remote/content/shared/Browser.sys.mjs:94:22\nGeckoDriver.prototype.quit@chrome://remote/content/marionette/driver.sys.mjs:3463:42\ndispatch@chrome://remote/content/marionette/server.sys.mjs:318:40\nexecute@chrome://remote/content/marionette/server.sys.mjs:289:16\nonPacket/<@chrome://remote/content/marionette/server.sys.mjs:262:20\nonPacket@chrome://remote/content/marionette/server.sys.mjs:263:9\n_onJSONObjectReady/<@chrome://remote/content/marionette/transport.sys.mjs:494:20\n","nativeSavedFrame":{}},"formattedStack":"fetch/<@resource://services-settings/Utils.sys.mjs:273:15\nfetch@resource://services-settings/Utils.sys.mjs:224:12\n_fetchAttachment@resource://services-settings/Attachments.sys.mjs:560:35\ndownloadAsBytes@resource://services-settings/Attachments.sys.mjs:537:35\nobserve@resource://gre/modules/AsyncShutdown.sys.mjs:570:17\nquit@chrome://remote/content/shared/Browser.sys.mjs:94:22\nGeckoDriver.prototype.quit@chrome://remote/content/marionette/driver.sys.mjs:3463:42\ndispatch@chrome://remote/content/marionette/server.sys.mjs:318:40\nexecute@chrome://remote/content/marionette/server.sys.mjs:289:16\nonPacket/<@chrome://remote/content/marionette/server.sys.mjs:262:20\nonPacket@chrome://remote/content/marionette/server.sys.mjs:263:9\n_onJSONObjectReady/<@chrome://remote/content/marionette/transport.sys.mjs:494:20\n","nativeSavedFrame":{}},"formattedStack":"open@resource://gre/modules/ServiceRequest.sys.mjs:126:11\nfetch/<@resource://services-settings/Utils.sys.mjs:273:15\nfetch@resource://services-settings/Utils.sys.mjs:224:12\n_fetchAttachment@resource://services-settings/Attachments.sys.mjs:560:35\ndownloadAsBytes@resource://services-settings/Attachments.sys.mjs:537:35\nobserve@resource://gre/modules/AsyncShutdown.sys.mjs:570:17\nquit@chrome://remote/content/shared/Browser.sys.mjs:94:22\nGeckoDriver.prototype.quit@chrome://remote/content/marionette/driver.sys.mjs:3463:42\ndispatch@chrome://remote/content/marionette/server.sys.mjs:318:40\nexecute@chrome://remote/content/marionette/server.sys.mjs:289:16\nonPacket/<@chrome://remote/content/marionette/server.sys.mjs:262:20\nonPacket@chrome://remote/content/marionette/server.sys.mjs:263:9\n_onJSONObjectReady/<@chrome://remote/content/marionette/transport.sys.mjs:494:20\n","nativeSavedFrame":{}}
2026-06-19 01:38:44,528 - MainProcess[log-interceptor-1106949591]- selenium_firefox     - DEBUG   : BROWSER 1106949591: driver: - message =
2026-06-19 01:38:44,528 - MainProcess[log-interceptor-1106949591]- selenium_firefox     - DEBUG   : BROWSER 1106949591: driver: - name =
2026-06-19 01:38:44,528 - MainProcess[log-interceptor-1106949591]- selenium_firefox     - DEBUG   : BROWSER 1106949591: driver: - result = 2152071198
2026-06-19 01:38:44,528 - MainProcess[log-interceptor-1106949591]- selenium_firefox     - DEBUG   : BROWSER 1106949591: driver: - stack = open@resource://gre/modules/ServiceRequest.sys.mjs:126:11|fetch/<@resource://services-settings/Utils.sys.mjs:273:15|fetch@resource://services-settings/Utils.sys.mjs:224:12|_fetchAttachment@resource://services-settings/Attachments.sys.mjs:560:35|downloadAsBytes@resource://services-settings/Attachments.sys.mjs:537:35|observe@resource://gre/modules/AsyncShutdown.sys.mjs:570:17|quit@chrome://remote/content/shared/Browser.sys.mjs:94:22|GeckoDriver.prototype.quit@chrome://remote/content/marionette/driver.sys.mjs:3463:42|dispatch@chrome://remote/content/marionette/server.sys.mjs:318:40|execute@chrome://remote/content/marionette/server.sys.mjs:289:16|onPacket/<@chrome://remote/content/marionette/server.sys.mjs:262:20|onPacket@chrome://remote/content/marionette/server.sys.mjs:263:9|_onJSONObjectReady/<@chrome://remote/content/marionette/transport.sys.mjs:494:20|
2026-06-19 01:38:44,529 - MainProcess[log-interceptor-1106949591]- selenium_firefox     - DEBUG   : BROWSER 1106949591: driver: - prototype Object
2026-06-19 01:38:44,529 - MainProcess[log-interceptor-1106949591]- selenium_firefox     - DEBUG   : BROWSER 1106949591: driver: console.error: RemoteSecuritySettings:
2026-06-19 01:38:44,529 - MainProcess[log-interceptor-1106949591]- selenium_firefox     - DEBUG   : BROWSER 1106949591: driver: failed to download CRLite filter
2026-06-19 01:38:44,529 - MainProcess[log-interceptor-1106949591]- selenium_firefox     - DEBUG   : BROWSER 1106949591: driver: Object
2026-06-19 01:38:44,530 - MainProcess[log-interceptor-1106949591]- selenium_firefox     - DEBUG   : BROWSER 1106949591: driver: - prototype Object
2026-06-19 01:38:44,530 - MainProcess[log-interceptor-1106949591]- selenium_firefox     - DEBUG   : BROWSER 1106949591: driver: - columnNumber = 11
2026-06-19 01:38:44,530 - MainProcess[log-interceptor-1106949591]- selenium_firefox     - DEBUG   : BROWSER 1106949591: driver: - data = null
2026-06-19 01:38:44,530 - MainProcess[log-interceptor-1106949591]- selenium_firefox     - DEBUG   : BROWSER 1106949591: driver: - filename = resource://gre/modules/ServiceRequest.sys.mjs
2026-06-19 01:38:44,531 - MainProcess[log-interceptor-1106949591]- selenium_firefox     - DEBUG   : BROWSER 1106949591: driver: - lineNumber = 126
2026-06-19 01:38:44,531 - MainProcess[log-interceptor-1106949591]- selenium_firefox     - DEBUG   : BROWSER 1106949591: driver: - location = {"name":"open","filename":"resource://gre/modules/ServiceRequest.sys.mjs","sourceId":25,"lineNumber":126,"columnNumber":11,"asyncCause":null,"asyncCaller":null,"caller":{"filename":"resource://services-settings/Utils.sys.mjs","name":"fetch/<","sourceId":24,"lineNumber":273,"columnNumber":15,"asyncCause":null,"asyncCaller":null,"caller":{"filename":"resource://services-settings/Utils.sys.mjs","name":"fetch","sourceId":24,"lineNumber":224,"columnNumber":12,"asyncCause":null,"asyncCaller":null,"caller":{"filename":"resource://services-settings/Attachments.sys.mjs","name":"_fetchAttachment","sourceId":23,"lineNumber":560,"columnNumber":35,"asyncCause":null,"asyncCaller":null,"caller":{"filename":"resource://services-settings/Attachments.sys.mjs","name":"downloadAsBytes","sourceId":23,"lineNumber":537,"columnNumber":35,"asyncCause":null,"asyncCaller":null,"caller":{"filename":"resource://gre/modules/AsyncShutdown.sys.mjs","name":"observe","sourceId":15,"lineNumber":570,"columnNumber":17,"asyncCause":null,"asyncCaller":null,"caller":{"filename":"chrome://remote/content/shared/Browser.sys.mjs","name":"quit","sourceId":733,"lineNumber":94,"columnNumber":22,"asyncCause":null,"asyncCaller":null,"caller":{"filename":"chrome://remote/content/marionette/driver.sys.mjs","name":"GeckoDriver.prototype.quit","sourceId":209,"lineNumber":3463,"columnNumber":42,"asyncCause":null,"asyncCaller":null,"caller":{"filename":"chrome://remote/content/marionette/server.sys.mjs","name":"dispatch","sourceId":97,"lineNumber":318,"columnNumber":40,"asyncCause":null,"asyncCaller":null,"caller":{"filename":"chrome://remote/content/marionette/server.sys.mjs","name":"execute","sourceId":97,"lineNumber":289,"columnNumber":16,"asyncCause":null,"asyncCaller":null,"caller":{"filename":"chrome://remote/content/marionette/server.sys.mjs","name":"onPacket/<","sourceId":97,"lineNumber":262,"columnNumber":20,"asyncCause":null,"asyncCaller":null,"caller":{"filename":"chrome://remote/content/marionette/server.sys.mjs","name":"onPacket","sourceId":97,"lineNumber":263,"columnNumber":9,"asyncCause":null,"asyncCaller":null,"caller":{"filename":"chrome://remote/content/marionette/transport.sys.mjs","name":"_onJSONObjectReady/<","sourceId":208,"lineNumber":494,"columnNumber":20,"asyncCause":null,"asyncCaller":null,"caller":null,"formattedStack":"_onJSONObjectReady/<@chrome://remote/content/marionette/transport.sys.mjs:494:20\n","nativeSavedFrame":{}},"formattedStack":"onPacket@chrome://remote/content/marionette/server.sys.mjs:263:9\n_onJSONObjectReady/<@chrome://remote/content/marionette/transport.sys.mjs:494:20\n","nativeSavedFrame":{}},"formattedStack":"onPacket/<@chrome://remote/content/marionette/server.sys.mjs:262:20\nonPacket@chrome://remote/content/marionette/server.sys.mjs:263:9\n_onJSONObjectReady/<@chrome://remote/content/marionette/transport.sys.mjs:494:20\n","nativeSavedFrame":{}},"formattedStack":"execute@chrome://remote/content/marionette/server.sys.mjs:289:16\nonPacket/<@chrome://remote/content/marionette/server.sys.mjs:262:20\nonPacket@chrome://remote/content/marionette/server.sys.mjs:263:9\n_onJSONObjectReady/<@chrome://remote/content/marionette/transport.sys.mjs:494:20\n","nativeSavedFrame":{}},"formattedStack":"dispatch@chrome://remote/content/marionette/server.sys.mjs:318:40\nexecute@chrome://remote/content/marionette/server.sys.mjs:289:16\nonPacket/<@chrome://remote/content/marionette/server.sys.mjs:262:20\nonPacket@chrome://remote/content/marionette/server.sys.mjs:263:9\n_onJSONObjectReady/<@chrome://remote/content/marionette/transport.sys.mjs:494:20\n","nativeSavedFrame":{}},"formattedStack":"GeckoDriver.prototype.quit@chrome://remote/content/marionette/driver.sys.mjs:3463:42\ndispatch@chrome://remote/content/marionette/server.sys.mjs:318:40\nexecute@chrome://remote/content/marionette/server.sys.mjs:289:16\nonPacket/<@chrome://remote/content/marionette/server.sys.mjs:262:20\nonPacket@chrome://remote/content/marionette/server.sys.mjs:263:9\n_onJSONObjectReady/<@chrome://remote/content/marionette/transport.sys.mjs:494:20\n","nativeSavedFrame":{}},"formattedStack":"quit@chrome://remote/content/shared/Browser.sys.mjs:94:22\nGeckoDriver.prototype.quit@chrome://remote/content/marionette/driver.sys.mjs:3463:42\ndispatch@chrome://remote/content/marionette/server.sys.mjs:318:40\nexecute@chrome://remote/content/marionette/server.sys.mjs:289:16\nonPacket/<@chrome://remote/content/marionette/server.sys.mjs:262:20\nonPacket@chrome://remote/content/marionette/server.sys.mjs:263:9\n_onJSONObjectReady/<@chrome://remote/content/marionette/transport.sys.mjs:494:20\n","nativeSavedFrame":{}},"formattedStack":"observe@resource://gre/modules/AsyncShutdown.sys.mjs:570:17\nquit@chrome://remote/content/shared/Browser.sys.mjs:94:22\nGeckoDriver.prototype.quit@chrome://remote/content/marionette/driver.sys.mjs:3463:42\ndispatch@chrome://remote/content/marionette/server.sys.mjs:318:40\nexecute@chrome://remote/content/marionette/server.sys.mjs:289:16\nonPacket/<@chrome://remote/content/marionette/server.sys.mjs:262:20\nonPacket@chrome://remote/content/marionette/server.sys.mjs:263:9\n_onJSONObjectReady/<@chrome://remote/content/marionette/transport.sys.mjs:494:20\n","nativeSavedFrame":{}},"formattedStack":"downloadAsBytes@resource://services-settings/Attachments.sys.mjs:537:35\nobserve@resource://gre/modules/AsyncShutdown.sys.mjs:570:17\nquit@chrome://remote/content/shared/Browser.sys.mjs:94:22\nGeckoDriver.prototype.quit@chrome://remote/content/marionette/driver.sys.mjs:3463:42\ndispatch@chrome://remote/content/marionette/server.sys.mjs:318:40\nexecute@chrome://remote/content/marionette/server.sys.mjs:289:16\nonPacket/<@chrome://remote/content/marionette/server.sys.mjs:262:20\nonPacket@chrome://remote/content/marionette/server.sys.mjs:263:9\n_onJSONObjectReady/<@chrome://remote/content/marionette/transport.sys.mjs:494:20\n","nativeSavedFrame":{}},"formattedStack":"_fetchAttachment@resource://services-settings/Attachments.sys.mjs:560:35\ndownloadAsBytes@resource://services-settings/Attachments.sys.mjs:537:35\nobserve@resource://gre/modules/AsyncShutdown.sys.mjs:570:17\nquit@chrome://remote/content/shared/Browser.sys.mjs:94:22\nGeckoDriver.prototype.quit@chrome://remote/content/marionette/driver.sys.mjs:3463:42\ndispatch@chrome://remote/content/marionette/server.sys.mjs:318:40\nexecute@chrome://remote/content/marionette/server.sys.mjs:289:16\nonPacket/<@chrome://remote/content/marionette/server.sys.mjs:262:20\nonPacket@chrome://remote/content/marionette/server.sys.mjs:263:9\n_onJSONObjectReady/<@chrome://remote/content/marionette/transport.sys.mjs:494:20\n","nativeSavedFrame":{}},"formattedStack":"fetch@resource://services-settings/Utils.sys.mjs:224:12\n_fetchAttachment@resource://services-settings/Attachments.sys.mjs:560:35\ndownloadAsBytes@resource://services-settings/Attachments.sys.mjs:537:35\nobserve@resource://gre/modules/AsyncShutdown.sys.mjs:570:17\nquit@chrome://remote/content/shared/Browser.sys.mjs:94:22\nGeckoDriver.prototype.quit@chrome://remote/content/marionette/driver.sys.mjs:3463:42\ndispatch@chrome://remote/content/marionette/server.sys.mjs:318:40\nexecute@chrome://remote/content/marionette/server.sys.mjs:289:16\nonPacket/<@chrome://remote/content/marionette/server.sys.mjs:262:20\nonPacket@chrome://remote/content/marionette/server.sys.mjs:263:9\n_onJSONObjectReady/<@chrome://remote/content/marionette/transport.sys.mjs:494:20\n","nativeSavedFrame":{}},"formattedStack":"fetch/<@resource://services-settings/Utils.sys.mjs:273:15\nfetch@resource://services-settings/Utils.sys.mjs:224:12\n_fetchAttachment@resource://services-settings/Attachments.sys.mjs:560:35\ndownloadAsBytes@resource://services-settings/Attachments.sys.mjs:537:35\nobserve@resource://gre/modules/AsyncShutdown.sys.mjs:570:17\nquit@chrome://remote/content/shared/Browser.sys.mjs:94:22\nGeckoDriver.prototype.quit@chrome://remote/content/marionette/driver.sys.mjs:3463:42\ndispatch@chrome://remote/content/marionette/server.sys.mjs:318:40\nexecute@chrome://remote/content/marionette/server.sys.mjs:289:16\nonPacket/<@chrome://remote/content/marionette/server.sys.mjs:262:20\nonPacket@chrome://remote/content/marionette/server.sys.mjs:263:9\n_onJSONObjectReady/<@chrome://remote/content/marionette/transport.sys.mjs:494:20\n","nativeSavedFrame":{}},"formattedStack":"open@resource://gre/modules/ServiceRequest.sys.mjs:126:11\nfetch/<@resource://services-settings/Utils.sys.mjs:273:15\nfetch@resource://services-settings/Utils.sys.mjs:224:12\n_fetchAttachment@resource://services-settings/Attachments.sys.mjs:560:35\ndownloadAsBytes@resource://services-settings/Attachments.sys.mjs:537:35\nobserve@resource://gre/modules/AsyncShutdown.sys.mjs:570:17\nquit@chrome://remote/content/shared/Browser.sys.mjs:94:22\nGeckoDriver.prototype.quit@chrome://remote/content/marionette/driver.sys.mjs:3463:42\ndispatch@chrome://remote/content/marionette/server.sys.mjs:318:40\nexecute@chrome://remote/content/marionette/server.sys.mjs:289:16\nonPacket/<@chrome://remote/content/marionette/server.sys.mjs:262:20\nonPacket@chrome://remote/content/marionette/server.sys.mjs:263:9\n_onJSONObjectReady/<@chrome://remote/content/marionette/transport.sys.mjs:494:20\n","nativeSavedFrame":{}}
2026-06-19 01:38:44,531 - MainProcess[log-interceptor-1106949591]- selenium_firefox     - DEBUG   : BROWSER 1106949591: driver: - message =
2026-06-19 01:38:44,532 - MainProcess[log-interceptor-1106949591]- selenium_firefox     - DEBUG   : BROWSER 1106949591: driver: - name =
2026-06-19 01:38:44,532 - MainProcess[log-interceptor-1106949591]- selenium_firefox     - DEBUG   : BROWSER 1106949591: driver: - result = 2152071198
2026-06-19 01:38:44,533 - MainProcess[log-interceptor-1106949591]- selenium_firefox     - DEBUG   : BROWSER 1106949591: driver: - stack = open@resource://gre/modules/ServiceRequest.sys.mjs:126:11|fetch/<@resource://services-settings/Utils.sys.mjs:273:15|fetch@resource://services-settings/Utils.sys.mjs:224:12|_fetchAttachment@resource://services-settings/Attachments.sys.mjs:560:35|downloadAsBytes@resource://services-settings/Attachments.sys.mjs:537:35|observe@resource://gre/modules/AsyncShutdown.sys.mjs:570:17|quit@chrome://remote/content/shared/Browser.sys.mjs:94:22|GeckoDriver.prototype.quit@chrome://remote/content/marionette/driver.sys.mjs:3463:42|dispatch@chrome://remote/content/marionette/server.sys.mjs:318:40|execute@chrome://remote/content/marionette/server.sys.mjs:289:16|onPacket/<@chrome://remote/content/marionette/server.sys.mjs:262:20|onPacket@chrome://remote/content/marionette/server.sys.mjs:263:9|_onJSONObjectReady/<@chrome://remote/content/marionette/transport.sys.mjs:494:20|
2026-06-19 01:38:44,533 - MainProcess[log-interceptor-1106949591]- selenium_firefox     - DEBUG   : BROWSER 1106949591: driver: - prototype Object
2026-06-19 01:38:44,533 - MainProcess[log-interceptor-1106949591]- selenium_firefox     - DEBUG   : BROWSER 1106949591: driver: console.error: RemoteSecuritySettings:
2026-06-19 01:38:44,534 - MainProcess[log-interceptor-1106949591]- selenium_firefox     - DEBUG   : BROWSER 1106949591: driver: failed to download CRLite filter
2026-06-19 01:38:44,534 - MainProcess[log-interceptor-1106949591]- selenium_firefox     - DEBUG   : BROWSER 1106949591: driver: Object
2026-06-19 01:38:44,534 - MainProcess[log-interceptor-1106949591]- selenium_firefox     - DEBUG   : BROWSER 1106949591: driver: - prototype Object
2026-06-19 01:38:44,535 - MainProcess[log-interceptor-1106949591]- selenium_firefox     - DEBUG   : BROWSER 1106949591: driver: - columnNumber = 11
2026-06-19 01:38:44,535 - MainProcess[log-interceptor-1106949591]- selenium_firefox     - DEBUG   : BROWSER 1106949591: driver: - data = null
2026-06-19 01:38:44,535 - MainProcess[log-interceptor-1106949591]- selenium_firefox     - DEBUG   : BROWSER 1106949591: driver: - filename = resource://gre/modules/ServiceRequest.sys.mjs
2026-06-19 01:38:44,535 - MainProcess[log-interceptor-1106949591]- selenium_firefox     - DEBUG   : BROWSER 1106949591: driver: - lineNumber = 126
2026-06-19 01:38:44,536 - MainProcess[log-interceptor-1106949591]- selenium_firefox     - DEBUG   : BROWSER 1106949591: driver: - location = {"name":"open","filename":"resource://gre/modules/ServiceRequest.sys.mjs","sourceId":25,"lineNumber":126,"columnNumber":11,"asyncCause":null,"asyncCaller":null,"caller":{"filename":"resource://services-settings/Utils.sys.mjs","name":"fetch/<","sourceId":24,"lineNumber":273,"columnNumber":15,"asyncCause":null,"asyncCaller":null,"caller":{"filename":"resource://services-settings/Utils.sys.mjs","name":"fetch","sourceId":24,"lineNumber":224,"columnNumber":12,"asyncCause":null,"asyncCaller":null,"caller":{"filename":"resource://services-settings/Attachments.sys.mjs","name":"_fetchAttachment","sourceId":23,"lineNumber":560,"columnNumber":35,"asyncCause":null,"asyncCaller":null,"caller":{"filename":"resource://services-settings/Attachments.sys.mjs","name":"downloadAsBytes","sourceId":23,"lineNumber":537,"columnNumber":35,"asyncCause":null,"asyncCaller":null,"caller":{"filename":"resource://gre/modules/AsyncShutdown.sys.mjs","name":"observe","sourceId":15,"lineNumber":570,"columnNumber":17,"asyncCause":null,"asyncCaller":null,"caller":{"filename":"chrome://remote/content/shared/Browser.sys.mjs","name":"quit","sourceId":733,"lineNumber":94,"columnNumber":22,"asyncCause":null,"asyncCaller":null,"caller":{"filename":"chrome://remote/content/marionette/driver.sys.mjs","name":"GeckoDriver.prototype.quit","sourceId":209,"lineNumber":3463,"columnNumber":42,"asyncCause":null,"asyncCaller":null,"caller":{"filename":"chrome://remote/content/marionette/server.sys.mjs","name":"dispatch","sourceId":97,"lineNumber":318,"columnNumber":40,"asyncCause":null,"asyncCaller":null,"caller":{"filename":"chrome://remote/content/marionette/server.sys.mjs","name":"execute","sourceId":97,"lineNumber":289,"columnNumber":16,"asyncCause":null,"asyncCaller":null,"caller":{"filename":"chrome://remote/content/marionette/server.sys.mjs","name":"onPacket/<","sourceId":97,"lineNumber":262,"columnNumber":20,"asyncCause":null,"asyncCaller":null,"caller":{"filename":"chrome://remote/content/marionette/server.sys.mjs","name":"onPacket","sourceId":97,"lineNumber":263,"columnNumber":9,"asyncCause":null,"asyncCaller":null,"caller":{"filename":"chrome://remote/content/marionette/transport.sys.mjs","name":"_onJSONObjectReady/<","sourceId":208,"lineNumber":494,"columnNumber":20,"asyncCause":null,"asyncCaller":null,"caller":null,"formattedStack":"_onJSONObjectReady/<@chrome://remote/content/marionette/transport.sys.mjs:494:20\n","nativeSavedFrame":{}},"formattedStack":"onPacket@chrome://remote/content/marionette/server.sys.mjs:263:9\n_onJSONObjectReady/<@chrome://remote/content/marionette/transport.sys.mjs:494:20\n","nativeSavedFrame":{}},"formattedStack":"onPacket/<@chrome://remote/content/marionette/server.sys.mjs:262:20\nonPacket@chrome://remote/content/marionette/server.sys.mjs:263:9\n_onJSONObjectReady/<@chrome://remote/content/marionette/transport.sys.mjs:494:20\n","nativeSavedFrame":{}},"formattedStack":"execute@chrome://remote/content/marionette/server.sys.mjs:289:16\nonPacket/<@chrome://remote/content/marionette/server.sys.mjs:262:20\nonPacket@chrome://remote/content/marionette/server.sys.mjs:263:9\n_onJSONObjectReady/<@chrome://remote/content/marionette/transport.sys.mjs:494:20\n","nativeSavedFrame":{}},"formattedStack":"dispatch@chrome://remote/content/marionette/server.sys.mjs:318:40\nexecute@chrome://remote/content/marionette/server.sys.mjs:289:16\nonPacket/<@chrome://remote/content/marionette/server.sys.mjs:262:20\nonPacket@chrome://remote/content/marionette/server.sys.mjs:263:9\n_onJSONObjectReady/<@chrome://remote/content/marionette/transport.sys.mjs:494:20\n","nativeSavedFrame":{}},"formattedStack":"GeckoDriver.prototype.quit@chrome://remote/content/marionette/driver.sys.mjs:3463:42\ndispatch@chrome://remote/content/marionette/server.sys.mjs:318:40\nexecute@chrome://remote/content/marionette/server.sys.mjs:289:16\nonPacket/<@chrome://remote/content/marionette/server.sys.mjs:262:20\nonPacket@chrome://remote/content/marionette/server.sys.mjs:263:9\n_onJSONObjectReady/<@chrome://remote/content/marionette/transport.sys.mjs:494:20\n","nativeSavedFrame":{}},"formattedStack":"quit@chrome://remote/content/shared/Browser.sys.mjs:94:22\nGeckoDriver.prototype.quit@chrome://remote/content/marionette/driver.sys.mjs:3463:42\ndispatch@chrome://remote/content/marionette/server.sys.mjs:318:40\nexecute@chrome://remote/content/marionette/server.sys.mjs:289:16\nonPacket/<@chrome://remote/content/marionette/server.sys.mjs:262:20\nonPacket@chrome://remote/content/marionette/server.sys.mjs:263:9\n_onJSONObjectReady/<@chrome://remote/content/marionette/transport.sys.mjs:494:20\n","nativeSavedFrame":{}},"formattedStack":"observe@resource://gre/modules/AsyncShutdown.sys.mjs:570:17\nquit@chrome://remote/content/shared/Browser.sys.mjs:94:22\nGeckoDriver.prototype.quit@chrome://remote/content/marionette/driver.sys.mjs:3463:42\ndispatch@chrome://remote/content/marionette/server.sys.mjs:318:40\nexecute@chrome://remote/content/marionette/server.sys.mjs:289:16\nonPacket/<@chrome://remote/content/marionette/server.sys.mjs:262:20\nonPacket@chrome://remote/content/marionette/server.sys.mjs:263:9\n_onJSONObjectReady/<@chrome://remote/content/marionette/transport.sys.mjs:494:20\n","nativeSavedFrame":{}},"formattedStack":"downloadAsBytes@resource://services-settings/Attachments.sys.mjs:537:35\nobserve@resource://gre/modules/AsyncShutdown.sys.mjs:570:17\nquit@chrome://remote/content/shared/Browser.sys.mjs:94:22\nGeckoDriver.prototype.quit@chrome://remote/content/marionette/driver.sys.mjs:3463:42\ndispatch@chrome://remote/content/marionette/server.sys.mjs:318:40\nexecute@chrome://remote/content/marionette/server.sys.mjs:289:16\nonPacket/<@chrome://remote/content/marionette/server.sys.mjs:262:20\nonPacket@chrome://remote/content/marionette/server.sys.mjs:263:9\n_onJSONObjectReady/<@chrome://remote/content/marionette/transport.sys.mjs:494:20\n","nativeSavedFrame":{}},"formattedStack":"_fetchAttachment@resource://services-settings/Attachments.sys.mjs:560:35\ndownloadAsBytes@resource://services-settings/Attachments.sys.mjs:537:35\nobserve@resource://gre/modules/AsyncShutdown.sys.mjs:570:17\nquit@chrome://remote/content/shared/Browser.sys.mjs:94:22\nGeckoDriver.prototype.quit@chrome://remote/content/marionette/driver.sys.mjs:3463:42\ndispatch@chrome://remote/content/marionette/server.sys.mjs:318:40\nexecute@chrome://remote/content/marionette/server.sys.mjs:289:16\nonPacket/<@chrome://remote/content/marionette/server.sys.mjs:262:20\nonPacket@chrome://remote/content/marionette/server.sys.mjs:263:9\n_onJSONObjectReady/<@chrome://remote/content/marionette/transport.sys.mjs:494:20\n","nativeSavedFrame":{}},"formattedStack":"fetch@resource://services-settings/Utils.sys.mjs:224:12\n_fetchAttachment@resource://services-settings/Attachments.sys.mjs:560:35\ndownloadAsBytes@resource://services-settings/Attachments.sys.mjs:537:35\nobserve@resource://gre/modules/AsyncShutdown.sys.mjs:570:17\nquit@chrome://remote/content/shared/Browser.sys.mjs:94:22\nGeckoDriver.prototype.quit@chrome://remote/content/marionette/driver.sys.mjs:3463:42\ndispatch@chrome://remote/content/marionette/server.sys.mjs:318:40\nexecute@chrome://remote/content/marionette/server.sys.mjs:289:16\nonPacket/<@chrome://remote/content/marionette/server.sys.mjs:262:20\nonPacket@chrome://remote/content/marionette/server.sys.mjs:263:9\n_onJSONObjectReady/<@chrome://remote/content/marionette/transport.sys.mjs:494:20\n","nativeSavedFrame":{}},"formattedStack":"fetch/<@resource://services-settings/Utils.sys.mjs:273:15\nfetch@resource://services-settings/Utils.sys.mjs:224:12\n_fetchAttachment@resource://services-settings/Attachments.sys.mjs:560:35\ndownloadAsBytes@resource://services-settings/Attachments.sys.mjs:537:35\nobserve@resource://gre/modules/AsyncShutdown.sys.mjs:570:17\nquit@chrome://remote/content/shared/Browser.sys.mjs:94:22\nGeckoDriver.prototype.quit@chrome://remote/content/marionette/driver.sys.mjs:3463:42\ndispatch@chrome://remote/content/marionette/server.sys.mjs:318:40\nexecute@chrome://remote/content/marionette/server.sys.mjs:289:16\nonPacket/<@chrome://remote/content/marionette/server.sys.mjs:262:20\nonPacket@chrome://remote/content/marionette/server.sys.mjs:263:9\n_onJSONObjectReady/<@chrome://remote/content/marionette/transport.sys.mjs:494:20\n","nativeSavedFrame":{}},"formattedStack":"open@resource://gre/modules/ServiceRequest.sys.mjs:126:11\nfetch/<@resource://services-settings/Utils.sys.mjs:273:15\nfetch@resource://services-settings/Utils.sys.mjs:224:12\n_fetchAttachment@resource://services-settings/Attachments.sys.mjs:560:35\ndownloadAsBytes@resource://services-settings/Attachments.sys.mjs:537:35\nobserve@resource://gre/modules/AsyncShutdown.sys.mjs:570:17\nquit@chrome://remote/content/shared/Browser.sys.mjs:94:22\nGeckoDriver.prototype.quit@chrome://remote/content/marionette/driver.sys.mjs:3463:42\ndispatch@chrome://remote/content/marionette/server.sys.mjs:318:40\nexecute@chrome://remote/content/marionette/server.sys.mjs:289:16\nonPacket/<@chrome://remote/content/marionette/server.sys.mjs:262:20\nonPacket@chrome://remote/content/marionette/server.sys.mjs:263:9\n_onJSONObjectReady/<@chrome://remote/content/marionette/transport.sys.mjs:494:20\n","nativeSavedFrame":{}}
2026-06-19 01:38:44,536 - MainProcess[log-interceptor-1106949591]- selenium_firefox     - DEBUG   : BROWSER 1106949591: driver: - message =
2026-06-19 01:38:44,536 - MainProcess[log-interceptor-1106949591]- selenium_firefox     - DEBUG   : BROWSER 1106949591: driver: - name =
2026-06-19 01:38:44,536 - MainProcess[log-interceptor-1106949591]- selenium_firefox     - DEBUG   : BROWSER 1106949591: driver: - result = 2152071198
2026-06-19 01:38:44,537 - MainProcess[log-interceptor-1106949591]- selenium_firefox     - DEBUG   : BROWSER 1106949591: driver: - stack = open@resource://gre/modules/ServiceRequest.sys.mjs:126:11|fetch/<@resource://services-settings/Utils.sys.mjs:273:15|fetch@resource://services-settings/Utils.sys.mjs:224:12|_fetchAttachment@resource://services-settings/Attachments.sys.mjs:560:35|downloadAsBytes@resource://services-settings/Attachments.sys.mjs:537:35|observe@resource://gre/modules/AsyncShutdown.sys.mjs:570:17|quit@chrome://remote/content/shared/Browser.sys.mjs:94:22|GeckoDriver.prototype.quit@chrome://remote/content/marionette/driver.sys.mjs:3463:42|dispatch@chrome://remote/content/marionette/server.sys.mjs:318:40|execute@chrome://remote/content/marionette/server.sys.mjs:289:16|onPacket/<@chrome://remote/content/marionette/server.sys.mjs:262:20|onPacket@chrome://remote/content/marionette/server.sys.mjs:263:9|_onJSONObjectReady/<@chrome://remote/content/marionette/transport.sys.mjs:494:20|
2026-06-19 01:38:44,537 - MainProcess[log-interceptor-1106949591]- selenium_firefox     - DEBUG   : BROWSER 1106949591: driver: - prototype Object
2026-06-19 01:38:44,537 - MainProcess[log-interceptor-1106949591]- selenium_firefox     - DEBUG   : BROWSER 1106949591: driver: console.error: RemoteSecuritySettings:
2026-06-19 01:38:44,538 - MainProcess[log-interceptor-1106949591]- selenium_firefox     - DEBUG   : BROWSER 1106949591: driver: failed to download CRLite filter
2026-06-19 01:38:44,538 - MainProcess[log-interceptor-1106949591]- selenium_firefox     - DEBUG   : BROWSER 1106949591: driver: Object
2026-06-19 01:38:44,538 - MainProcess[log-interceptor-1106949591]- selenium_firefox     - DEBUG   : BROWSER 1106949591: driver: - prototype Object
2026-06-19 01:38:44,539 - MainProcess[log-interceptor-1106949591]- selenium_firefox     - DEBUG   : BROWSER 1106949591: driver: - columnNumber = 11
2026-06-19 01:38:44,539 - MainProcess[log-interceptor-1106949591]- selenium_firefox     - DEBUG   : BROWSER 1106949591: driver: - data = null
2026-06-19 01:38:44,539 - MainProcess[log-interceptor-1106949591]- selenium_firefox     - DEBUG   : BROWSER 1106949591: driver: - filename = resource://gre/modules/ServiceRequest.sys.mjs
2026-06-19 01:38:44,540 - MainProcess[log-interceptor-1106949591]- selenium_firefox     - DEBUG   : BROWSER 1106949591: driver: - lineNumber = 126
2026-06-19 01:38:44,540 - MainProcess[log-interceptor-1106949591]- selenium_firefox     - DEBUG   : BROWSER 1106949591: driver: - location = {"name":"open","filename":"resource://gre/modules/ServiceRequest.sys.mjs","sourceId":25,"lineNumber":126,"columnNumber":11,"asyncCause":null,"asyncCaller":null,"caller":{"filename":"resource://services-settings/Utils.sys.mjs","name":"fetch/<","sourceId":24,"lineNumber":273,"columnNumber":15,"asyncCause":null,"asyncCaller":null,"caller":{"filename":"resource://services-settings/Utils.sys.mjs","name":"fetch","sourceId":24,"lineNumber":224,"columnNumber":12,"asyncCause":null,"asyncCaller":null,"caller":{"filename":"resource://services-settings/Attachments.sys.mjs","name":"_fetchAttachment","sourceId":23,"lineNumber":560,"columnNumber":35,"asyncCause":null,"asyncCaller":null,"caller":{"filename":"resource://services-settings/Attachments.sys.mjs","name":"downloadAsBytes","sourceId":23,"lineNumber":537,"columnNumber":35,"asyncCause":null,"asyncCaller":null,"caller":{"filename":"resource://gre/modules/AsyncShutdown.sys.mjs","name":"observe","sourceId":15,"lineNumber":570,"columnNumber":17,"asyncCause":null,"asyncCaller":null,"caller":{"filename":"chrome://remote/content/shared/Browser.sys.mjs","name":"quit","sourceId":733,"lineNumber":94,"columnNumber":22,"asyncCause":null,"asyncCaller":null,"caller":{"filename":"chrome://remote/content/marionette/driver.sys.mjs","name":"GeckoDriver.prototype.quit","sourceId":209,"lineNumber":3463,"columnNumber":42,"asyncCause":null,"asyncCaller":null,"caller":{"filename":"chrome://remote/content/marionette/server.sys.mjs","name":"dispatch","sourceId":97,"lineNumber":318,"columnNumber":40,"asyncCause":null,"asyncCaller":null,"caller":{"filename":"chrome://remote/content/marionette/server.sys.mjs","name":"execute","sourceId":97,"lineNumber":289,"columnNumber":16,"asyncCause":null,"asyncCaller":null,"caller":{"filename":"chrome://remote/content/marionette/server.sys.mjs","name":"onPacket/<","sourceId":97,"lineNumber":262,"columnNumber":20,"asyncCause":null,"asyncCaller":null,"caller":{"filename":"chrome://remote/content/marionette/server.sys.mjs","name":"onPacket","sourceId":97,"lineNumber":263,"columnNumber":9,"asyncCause":null,"asyncCaller":null,"caller":{"filename":"chrome://remote/content/marionette/transport.sys.mjs","name":"_onJSONObjectReady/<","sourceId":208,"lineNumber":494,"columnNumber":20,"asyncCause":null,"asyncCaller":null,"caller":null,"formattedStack":"_onJSONObjectReady/<@chrome://remote/content/marionette/transport.sys.mjs:494:20\n","nativeSavedFrame":{}},"formattedStack":"onPacket@chrome://remote/content/marionette/server.sys.mjs:263:9\n_onJSONObjectReady/<@chrome://remote/content/marionette/transport.sys.mjs:494:20\n","nativeSavedFrame":{}},"formattedStack":"onPacket/<@chrome://remote/content/marionette/server.sys.mjs:262:20\nonPacket@chrome://remote/content/marionette/server.sys.mjs:263:9\n_onJSONObjectReady/<@chrome://remote/content/marionette/transport.sys.mjs:494:20\n","nativeSavedFrame":{}},"formattedStack":"execute@chrome://remote/content/marionette/server.sys.mjs:289:16\nonPacket/<@chrome://remote/content/marionette/server.sys.mjs:262:20\nonPacket@chrome://remote/content/marionette/server.sys.mjs:263:9\n_onJSONObjectReady/<@chrome://remote/content/marionette/transport.sys.mjs:494:20\n","nativeSavedFrame":{}},"formattedStack":"dispatch@chrome://remote/content/marionette/server.sys.mjs:318:40\nexecute@chrome://remote/content/marionette/server.sys.mjs:289:16\nonPacket/<@chrome://remote/content/marionette/server.sys.mjs:262:20\nonPacket@chrome://remote/content/marionette/server.sys.mjs:263:9\n_onJSONObjectReady/<@chrome://remote/content/marionette/transport.sys.mjs:494:20\n","nativeSavedFrame":{}},"formattedStack":"GeckoDriver.prototype.quit@chrome://remote/content/marionette/driver.sys.mjs:3463:42\ndispatch@chrome://remote/content/marionette/server.sys.mjs:318:40\nexecute@chrome://remote/content/marionette/server.sys.mjs:289:16\nonPacket/<@chrome://remote/content/marionette/server.sys.mjs:262:20\nonPacket@chrome://remote/content/marionette/server.sys.mjs:263:9\n_onJSONObjectReady/<@chrome://remote/content/marionette/transport.sys.mjs:494:20\n","nativeSavedFrame":{}},"formattedStack":"quit@chrome://remote/content/shared/Browser.sys.mjs:94:22\nGeckoDriver.prototype.quit@chrome://remote/content/marionette/driver.sys.mjs:3463:42\ndispatch@chrome://remote/content/marionette/server.sys.mjs:318:40\nexecute@chrome://remote/content/marionette/server.sys.mjs:289:16\nonPacket/<@chrome://remote/content/marionette/server.sys.mjs:262:20\nonPacket@chrome://remote/content/marionette/server.sys.mjs:263:9\n_onJSONObjectReady/<@chrome://remote/content/marionette/transport.sys.mjs:494:20\n","nativeSavedFrame":{}},"formattedStack":"observe@resource://gre/modules/AsyncShutdown.sys.mjs:570:17\nquit@chrome://remote/content/shared/Browser.sys.mjs:94:22\nGeckoDriver.prototype.quit@chrome://remote/content/marionette/driver.sys.mjs:3463:42\ndispatch@chrome://remote/content/marionette/server.sys.mjs:318:40\nexecute@chrome://remote/content/marionette/server.sys.mjs:289:16\nonPacket/<@chrome://remote/content/marionette/server.sys.mjs:262:20\nonPacket@chrome://remote/content/marionette/server.sys.mjs:263:9\n_onJSONObjectReady/<@chrome://remote/content/marionette/transport.sys.mjs:494:20\n","nativeSavedFrame":{}},"formattedStack":"downloadAsBytes@resource://services-settings/Attachments.sys.mjs:537:35\nobserve@resource://gre/modules/AsyncShutdown.sys.mjs:570:17\nquit@chrome://remote/content/shared/Browser.sys.mjs:94:22\nGeckoDriver.prototype.quit@chrome://remote/content/marionette/driver.sys.mjs:3463:42\ndispatch@chrome://remote/content/marionette/server.sys.mjs:318:40\nexecute@chrome://remote/content/marionette/server.sys.mjs:289:16\nonPacket/<@chrome://remote/content/marionette/server.sys.mjs:262:20\nonPacket@chrome://remote/content/marionette/server.sys.mjs:263:9\n_onJSONObjectReady/<@chrome://remote/content/marionette/transport.sys.mjs:494:20\n","nativeSavedFrame":{}},"formattedStack":"_fetchAttachment@resource://services-settings/Attachments.sys.mjs:560:35\ndownloadAsBytes@resource://services-settings/Attachments.sys.mjs:537:35\nobserve@resource://gre/modules/AsyncShutdown.sys.mjs:570:17\nquit@chrome://remote/content/shared/Browser.sys.mjs:94:22\nGeckoDriver.prototype.quit@chrome://remote/content/marionette/driver.sys.mjs:3463:42\ndispatch@chrome://remote/content/marionette/server.sys.mjs:318:40\nexecute@chrome://remote/content/marionette/server.sys.mjs:289:16\nonPacket/<@chrome://remote/content/marionette/server.sys.mjs:262:20\nonPacket@chrome://remote/content/marionette/server.sys.mjs:263:9\n_onJSONObjectReady/<@chrome://remote/content/marionette/transport.sys.mjs:494:20\n","nativeSavedFrame":{}},"formattedStack":"fetch@resource://services-settings/Utils.sys.mjs:224:12\n_fetchAttachment@resource://services-settings/Attachments.sys.mjs:560:35\ndownloadAsBytes@resource://services-settings/Attachments.sys.mjs:537:35\nobserve@resource://gre/modules/AsyncShutdown.sys.mjs:570:17\nquit@chrome://remote/content/shared/Browser.sys.mjs:94:22\nGeckoDriver.prototype.quit@chrome://remote/content/marionette/driver.sys.mjs:3463:42\ndispatch@chrome://remote/content/marionette/server.sys.mjs:318:40\nexecute@chrome://remote/content/marionette/server.sys.mjs:289:16\nonPacket/<@chrome://remote/content/marionette/server.sys.mjs:262:20\nonPacket@chrome://remote/content/marionette/server.sys.mjs:263:9\n_onJSONObjectReady/<@chrome://remote/content/marionette/transport.sys.mjs:494:20\n","nativeSavedFrame":{}},"formattedStack":"fetch/<@resource://services-settings/Utils.sys.mjs:273:15\nfetch@resource://services-settings/Utils.sys.mjs:224:12\n_fetchAttachment@resource://services-settings/Attachments.sys.mjs:560:35\ndownloadAsBytes@resource://services-settings/Attachments.sys.mjs:537:35\nobserve@resource://gre/modules/AsyncShutdown.sys.mjs:570:17\nquit@chrome://remote/content/shared/Browser.sys.mjs:94:22\nGeckoDriver.prototype.quit@chrome://remote/content/marionette/driver.sys.mjs:3463:42\ndispatch@chrome://remote/content/marionette/server.sys.mjs:318:40\nexecute@chrome://remote/content/marionette/server.sys.mjs:289:16\nonPacket/<@chrome://remote/content/marionette/server.sys.mjs:262:20\nonPacket@chrome://remote/content/marionette/server.sys.mjs:263:9\n_onJSONObjectReady/<@chrome://remote/content/marionette/transport.sys.mjs:494:20\n","nativeSavedFrame":{}},"formattedStack":"open@resource://gre/modules/ServiceRequest.sys.mjs:126:11\nfetch/<@resource://services-settings/Utils.sys.mjs:273:15\nfetch@resource://services-settings/Utils.sys.mjs:224:12\n_fetchAttachment@resource://services-settings/Attachments.sys.mjs:560:35\ndownloadAsBytes@resource://services-settings/Attachments.sys.mjs:537:35\nobserve@resource://gre/modules/AsyncShutdown.sys.mjs:570:17\nquit@chrome://remote/content/shared/Browser.sys.mjs:94:22\nGeckoDriver.prototype.quit@chrome://remote/content/marionette/driver.sys.mjs:3463:42\ndispatch@chrome://remote/content/marionette/server.sys.mjs:318:40\nexecute@chrome://remote/content/marionette/server.sys.mjs:289:16\nonPacket/<@chrome://remote/content/marionette/server.sys.mjs:262:20\nonPacket@chrome://remote/content/marionette/server.sys.mjs:263:9\n_onJSONObjectReady/<@chrome://remote/content/marionette/transport.sys.mjs:494:20\n","nativeSavedFrame":{}}
2026-06-19 01:38:44,540 - MainProcess[log-interceptor-1106949591]- selenium_firefox     - DEBUG   : BROWSER 1106949591: driver: - message =
2026-06-19 01:38:44,541 - MainProcess[log-interceptor-1106949591]- selenium_firefox     - DEBUG   : BROWSER 1106949591: driver: - name =
2026-06-19 01:38:44,541 - MainProcess[log-interceptor-1106949591]- selenium_firefox     - DEBUG   : BROWSER 1106949591: driver: - result = 2152071198
2026-06-19 01:38:44,541 - MainProcess[log-interceptor-1106949591]- selenium_firefox     - DEBUG   : BROWSER 1106949591: driver: - stack = open@resource://gre/modules/ServiceRequest.sys.mjs:126:11|fetch/<@resource://services-settings/Utils.sys.mjs:273:15|fetch@resource://services-settings/Utils.sys.mjs:224:12|_fetchAttachment@resource://services-settings/Attachments.sys.mjs:560:35|downloadAsBytes@resource://services-settings/Attachments.sys.mjs:537:35|observe@resource://gre/modules/AsyncShutdown.sys.mjs:570:17|quit@chrome://remote/content/shared/Browser.sys.mjs:94:22|GeckoDriver.prototype.quit@chrome://remote/content/marionette/driver.sys.mjs:3463:42|dispatch@chrome://remote/content/marionette/server.sys.mjs:318:40|execute@chrome://remote/content/marionette/server.sys.mjs:289:16|onPacket/<@chrome://remote/content/marionette/server.sys.mjs:262:20|onPacket@chrome://remote/content/marionette/server.sys.mjs:263:9|_onJSONObjectReady/<@chrome://remote/content/marionette/transport.sys.mjs:494:20|
2026-06-19 01:38:44,542 - MainProcess[log-interceptor-1106949591]- selenium_firefox     - DEBUG   : BROWSER 1106949591: driver: - prototype Object
2026-06-19 01:38:44,569 - MainProcess[log-interceptor-1106949591]- selenium_firefox     - DEBUG   : BROWSER 1106949591: driver: console.warn: TopSitesFeed: Failed to fetch data from MARS server: NetworkError when attempting to fetch resource.
2026-06-19 01:38:44,603 - MainProcess[log-interceptor-1106949591]- selenium_firefox     - DEBUG   : BROWSER 1106949591: driver: console.error: "error_support::handling: remote-settings-unexpected: Error sending request: [no-sentry] Backend error: Failed to get response status (0x80040111)"
2026-06-19 01:38:44,604 - MainProcess[log-interceptor-1106949591]- selenium_firefox     - DEBUG   : BROWSER 1106949591: driver: console.error: "app-services-error-reporter::error: Error sending request: [no-sentry] Backend error: Failed to get response status (0x80040111)"
2026-06-19 01:38:44,605 - MainProcess[log-interceptor-1106949591]- selenium_firefox     - DEBUG   : BROWSER 1106949591: driver: console.error: "error_support::handling: suggest-unexpected: Error from Remote Settings: Remote settings error: Error sending request: [no-sentry] Backend error: Failed to get response status (0x80040111)"
2026-06-19 01:38:44,605 - MainProcess[log-interceptor-1106949591]- selenium_firefox     - DEBUG   : BROWSER 1106949591: driver: console.error: "app-services-error-reporter::error: Error from Remote Settings: Remote settings error: Error sending request: [no-sentry] Backend error: Failed to get response status (0x80040111)"
2026-06-19 01:38:44,605 - MainProcess[log-interceptor-1106949591]- selenium_firefox     - DEBUG   : BROWSER 1106949591: driver: console.error: URLBar - QuickSuggest.SuggestBackendRust: "Ingest error" ({type:"Weather", error:(new Error("reason: Error from Remote Settings: Remote settings error: Error sending request: [no-sentry] Backend error: Failed to get response status (0x80040111)", "moz-src:///toolkit/components/uniffi-bindgen-gecko-js/components/generated/RustSuggest.sys.mjs", 3593)), reason:"Error from Remote Settings: Remote settings error: Error sending request: [no-sentry] Backend error: Failed to get response status (0x80040111)"})
2026-06-19 01:38:44,630 - MainProcess[MainThread]- storage_controller   - INFO    : Terminating handler for Browser-1106949591, because the underlying socket closed
2026-06-19 01:38:44,640 - MainProcess[log-interceptor-1106949591]- selenium_firefox     - DEBUG   : BROWSER 1106949591: driver: console.error: WebExtensions:
2026-06-19 01:38:44,640 - MainProcess[log-interceptor-1106949591]- selenium_firefox     - DEBUG   : BROWSER 1106949591: driver: Message: [Exception... "Component returned failure code: 0x804b0010 (NS_ERROR_OFFLINE) [nsIInputStream.available]"  nsresult: "0x804b0010 (NS_ERROR_OFFLINE)"  location: "JS frame :: jar:file:///tmp/addon-17e5ae4e-9fcd-44a1-b77a-e8c60fa1c69a.xpi!/privileged/sockets/api.js :: onInputStreamReady :: line 49"  data: no]
2026-06-19 01:38:44,641 - MainProcess[log-interceptor-1106949591]- selenium_firefox     - DEBUG   : BROWSER 1106949591: driver: Stack:
2026-06-19 01:38:44,641 - MainProcess[log-interceptor-1106949591]- selenium_firefox     - DEBUG   : BROWSER 1106949591: driver: onInputStreamReady@jar:file:///tmp/addon-17e5ae4e-9fcd-44a1-b77a-e8c60fa1c69a.xpi!/privileged/sockets/api.js:49:33
2026-06-19 01:38:44,641 - MainProcess[log-interceptor-1106949591]- selenium_firefox     - DEBUG   : BROWSER 1106949591: driver: 
2026-06-19 01:38:44,863 - MainProcess[log-interceptor-1106949591]- selenium_firefox     - DEBUG   : BROWSER 1106949591: driver: console.error: URLBar - QuickSuggest.SuggestBackendRust: "Ingest error" ({type:"Wikipedia", error:(new Error("reason: Error from Remote Settings: Remote settings error: Error sending request: [no-sentry] Backend error: Request destroyed without completion (0x80004004)", "moz-src:///toolkit/components/uniffi-bindgen-gecko-js/components/generated/RustSuggest.sys.mjs", 3593)), reason:"Error from Remote Settings: Remote settings error: Error sending request: [no-sentry] Backend error: Request destroyed without completion (0x80004004)"})
2026-06-19 01:38:44,932 - MainProcess[MainThread]- browser_manager      - DEBUG   : BROWSER 1106949591: Browser manager closed successfully.
2026-06-19 01:38:44,932 - MainProcess[MainThread]- browser_manager      - DEBUG   : BROWSER 1106949591: during_init=False | profile_archive_dir=None
2026-06-19 01:38:44,970 - MainProcess[MainThread]- storage_controller   - DEBUG   : Sending the shutdown signal to the Storage Controller...
2026-06-19 01:38:44,970 - MainProcess[MainThread]- storage_controller   - INFO    : Terminating handler for TaskManager, because the underlying socket closed
2026-06-19 01:38:45,105 - MainProcess[MainThread]- storage_controller   - INFO    : Received shutdown signal!
2026-06-19 01:38:45,106 - MainProcess[MainThread]- storage_controller   - INFO    : Closing Server
2026-06-19 01:38:45,106 - MainProcess[MainThread]- storage_controller   - INFO    : Closed Server
2026-06-19 01:38:45,107 - MainProcess[MainThread]- storage_controller   - INFO    : Cancelling status_queue_update
2026-06-19 01:38:45,107 - MainProcess[MainThread]- storage_controller   - INFO    : Cancelled status_queue_update
2026-06-19 01:38:45,108 - MainProcess[MainThread]- storage_controller   - INFO    : Cancelling timeout_check
2026-06-19 01:38:45,108 - MainProcess[MainThread]- storage_controller   - INFO    : Cancelled timeout_check
2026-06-19 01:38:45,109 - MainProcess[MainThread]- storage_controller   - INFO    : Starting wait_closed
2026-06-19 01:38:45,109 - MainProcess[MainThread]- storage_controller   - INFO    : Completed wait_closed
2026-06-19 01:38:45,109 - MainProcess[MainThread]- storage_controller   - INFO    : Entering self.shutdown
2026-06-19 01:38:50,216 - MainProcess[MainThread]- storage_controller   - INFO    : structured_storage is shut down
2026-06-19 01:38:50,254 - MainProcess[MainThread]- storage_controller   - DEBUG   : StorageControllerHandle took 5.28355860710144 seconds to close.
