2026-06-19 00:57:16,892 - MainProcess[MainThread]- browser_manager      - INFO    : BROWSER 2519834676: Launching browser...
2026-06-19 00:57:16,894 - MainProcess[MainThread]- browser_manager      - DEBUG   : BROWSER 2519834676: Spawn attempt 0 
2026-06-19 00:57:16,897 - MainProcess[MainThread]- storage_controller   - INFO    : Initializing new handler for TaskManager
2026-06-19 00:57:16,906 - MainProcess[MainThread]- deploy_firefox       - DEBUG   : BROWSER 2519834676: Saved extension config file to: /tmp/firefox_profile_mi838wni/browser_params.json
2026-06-19 00:57:16,914 - MainProcess[log-interceptor-2519834676]- selenium_firefox     - DEBUG   : BROWSER 2519834676: driver: 1781823436914	geckodriver	INFO	Listening on 127.0.0.1:13423
2026-06-19 00:57:16,951 - MainProcess[log-interceptor-2519834676]- selenium_firefox     - DEBUG   : BROWSER 2519834676: driver: 1781823436950	mozrunner::runner	INFO	Running command: MOZ_CRASHREPORTER="1" MOZ_CRASHREPORTER_NO_REPORT="1" MOZ_CRASHREPORTER_SHUTDOWN="1" "/home/pedro/Escritorio ...  "--headless" "--width=1366" "--height=768" "--remote-debugging-port" "13429" "--remote-allow-hosts" "localhost" "-no-remote"
2026-06-19 00:57:16,992 - MainProcess[log-interceptor-2519834676]- selenium_firefox     - DEBUG   : BROWSER 2519834676: driver: *** You are running in headless mode.
2026-06-19 00:57:17,098 - MainProcess[log-interceptor-2519834676]- selenium_firefox     - DEBUG   : BROWSER 2519834676: driver: console.warn: services.settings: Ignoring preference override of remote settings server
2026-06-19 00:57:17,099 - MainProcess[log-interceptor-2519834676]- selenium_firefox     - DEBUG   : BROWSER 2519834676: driver: console.warn: services.settings: Allow by setting MOZ_REMOTE_SETTINGS_DEVTOOLS=1 in the environment
2026-06-19 00:57:17,706 - MainProcess[log-interceptor-2519834676]- selenium_firefox     - DEBUG   : BROWSER 2519834676: driver: 1781823437706	Marionette	INFO	Marionette enabled
2026-06-19 00:57:17,895 - MainProcess[log-interceptor-2519834676]- selenium_firefox     - DEBUG   : BROWSER 2519834676: driver: console.error: "Warning: unrecognized command line flag" "-width"
2026-06-19 00:57:17,895 - MainProcess[log-interceptor-2519834676]- selenium_firefox     - DEBUG   : BROWSER 2519834676: driver: console.error: "Warning: unrecognized command line flag" "-height"
2026-06-19 00:57:17,928 - MainProcess[log-interceptor-2519834676]- selenium_firefox     - DEBUG   : BROWSER 2519834676: driver: 1781823437928	Marionette	INFO	Listening on port 17285
2026-06-19 00:57:17,952 - MainProcess[log-interceptor-2519834676]- selenium_firefox     - DEBUG   : BROWSER 2519834676: driver: Read port: 17285
2026-06-19 00:57:17,956 - MainProcess[log-interceptor-2519834676]- selenium_firefox     - DEBUG   : BROWSER 2519834676: driver: WebDriver BiDi listening on ws://127.0.0.1:13429
2026-06-19 00:57:18,048 - MainProcess[log-interceptor-2519834676]- selenium_firefox     - DEBUG   : BROWSER 2519834676: driver: 1781823438046	RemoteAgent	WARN	TLS certificate errors will be ignored for this session
2026-06-19 00:57:20,381 - MainProcess[MainThread]- deploy_firefox       - DEBUG   : BROWSER 2519834676: OpenWPM Firefox extension loaded
2026-06-19 00:57:20,385 - MainProcess[MainThread]- browser_manager      - DEBUG   : BROWSER 2519834676: Looking for extension port information in /tmp/firefox_profile_mi838wni
2026-06-19 00:57:20,542 - MainProcess[MainThread]- storage_controller   - INFO    : Initializing new handler for Browser-2519834676
2026-06-19 00:57:20,543 - MainProcess[Thread-1 (_start_listener)]- FirefoxExtension     - DEBUG   : Navigation instrumentation enabled
2026-06-19 00:57:20,543 - MainProcess[Thread-1 (_start_listener)]- FirefoxExtension     - DEBUG   : Cookie instrumentation enabled
2026-06-19 00:57:20,544 - MainProcess[Thread-1 (_start_listener)]- FirefoxExtension     - DEBUG   : Javascript instrumentation enabled
2026-06-19 00:57:20,546 - MainProcess[log-interceptor-2519834676]- selenium_firefox     - DEBUG   : BROWSER 2519834676: driver: console.log: WebExtensions: Wrote to /tmp/firefox_profile_mi838wni/extension_port.txt
2026-06-19 00:57:20,566 - MainProcess[Thread-1 (_start_listener)]- FirefoxExtension     - DEBUG   : HTTP Instrumentation enabled
2026-06-19 00:57:20,623 - MainProcess[Thread-1 (_start_listener)]- FirefoxExtension     - DEBUG   : DNS instrumentation enabled
2026-06-19 00:57:20,623 - MainProcess[MainThread]- browser_manager      - DEBUG   : BROWSER 2519834676: Connecting to extension on port 27841
2026-06-19 00:57:20,624 - MainProcess[log-interceptor-2519834676]- selenium_firefox     - DEBUG   : BROWSER 2519834676: driver: console.log: WebExtensions: Wrote to /tmp/firefox_profile_mi838wni/OPENWPM_STARTUP_SUCCESS.txt
2026-06-19 00:57:20,625 - MainProcess[MainThread]- browser_manager      - DEBUG   : BROWSER 2519834676: BrowserManager ready.
2026-06-19 00:57:20,626 - MainProcess[MainThread]- browser_manager      - DEBUG   : BROWSER 2519834676: Browser spawn successful!
2026-06-19 00:57:20,683 - MainProcess[MainThread]- storage_controller   - INFO    : Initializing new handler for StorageControllerHandle
2026-06-19 00:57:20,689 - MainProcess[MainThread]- storage_controller   - INFO    : Awaiting all tasks for visit_id -1
2026-06-19 00:57:20,690 - MainProcess[MainThread]- storage_controller   - DEBUG   : Awaited all tasks for visit_id -1 while finalizing
2026-06-19 00:57:20,690 - MainProcess[MainThread]- task_manager         - INFO    : 

OpenWPM Version: b'v0.32.0'
Firefox Version: b'148.0'

========== Manager Configuration ==========
{
  "_failure_limit": null,
  "data_directory": "/home/pedro/Escritorio/UNI/CUARTO/tfg/Herramienta_Priv/output/api_tasks/a6d88a9337ec/elmundo.es_20260619_005713/openwpm",
  "log_path": "/home/pedro/Escritorio/UNI/CUARTO/tfg/Herramienta_Priv/output/api_tasks/a6d88a9337ec/elmundo.es_20260619_005713/openwpm/openwpm.log",
  "logger_address": [
    "127.0.0.1",
    14821
  ],
  "memory_watchdog": false,
  "num_browsers": 1,
  "process_watchdog": false,
  "screenshot_path": "/home/pedro/Escritorio/UNI/CUARTO/tfg/Herramienta_Priv/output/api_tasks/a6d88a9337ec/elmundo.es_20260619_005713/openwpm/screenshots",
  "source_dump_path": "/home/pedro/Escritorio/UNI/CUARTO/tfg/Herramienta_Priv/output/api_tasks/a6d88a9337ec/elmundo.es_20260619_005713/openwpm/sources",
  "storage_controller_address": [
    "127.0.0.1",
    10221
  ],
  "testing": false
}

========== Browser Configuration ==========
Keys:
{
  "browser_id": 0,
  "bot_mitigation": 1,
  "browser": 2,
  "callstack_instrument": 3,
  "cookie_instrument": 4,
  "custom_params": 5,
  "display_mode": 6,
  "dns_instrument": 7,
  "donottrack": 8,
  "http_instrument": 9,
  "js_instrument": 10,
  "js_instrument_settings": 11,
  "maximum_profile_size": 12,
  "navigation_instrument": 13,
  "prefs": 14,
  "profile_path": 15,
  "recovery_tar": 16,
  "save_content": 17,
  "tmp_profile_dir": 18,
  "tp_cookies": 19,
  "tracking_protection": 20
}

         0  1      2        3      4     5    6         7     8      9     10    11                             12    13    14    15    16    17     18    19      20
----------  -----  -------  -----  ----  ---  --------  ----  -----  ----  ----  -----------------------------  ----  ----  ----  ----  ----  -----  ----  ------  -----
2519834676  False  firefox  False  True  {}   headless  True  False  True  True  ['collection_fingerprinting']        True  {}                False  /tmp  always  False

========== JS Instrument Settings ==========
{"2519834676":[{"object":"window['ScriptProcessorNode'].prototype","instrumentedName":"ScriptProcessorNode","logSettings":{"propertiesToInstrument":[],"nonExistingPropertiesToInstrument":[],"excludedProperties":[],"logCallStack":false,"logFunctionsAsStrings":false,"logFunctionGets":false,"preventSets":false,"recursive":false,"depth":5}},{"object":"window['GainNode'].prototype","instrumentedName":"GainNode","logSettings":{"propertiesToInstrument":[],"nonExistingPropertiesToInstrument":[],"excludedProperties":[],"logCallStack":false,"logFunctionsAsStrings":false,"logFunctionGets":false,"preventSets":false,"recursive":false,"depth":5}},{"object":"window['AnalyserNode'].prototype","instrumentedName":"AnalyserNode","logSettings":{"propertiesToInstrument":[],"nonExistingPropertiesToInstrument":[],"excludedProperties":[],"logCallStack":false,"logFunctionsAsStrings":false,"logFunctionGets":false,"preventSets":false,"recursive":false,"depth":5}},{"object":"window['OscillatorNode'].prototype","instrumentedName":"OscillatorNode","logSettings":{"propertiesToInstrument":[],"nonExistingPropertiesToInstrument":[],"excludedProperties":[],"logCallStack":false,"logFunctionsAsStrings":false,"logFunctionGets":false,"preventSets":false,"recursive":false,"depth":5}},{"object":"window['OfflineAudioContext'].prototype","instrumentedName":"OfflineAudioContext","logSettings":{"propertiesToInstrument":[],"nonExistingPropertiesToInstrument":[],"excludedProperties":[],"logCallStack":false,"logFunctionsAsStrings":false,"logFunctionGets":false,"preventSets":false,"recursive":false,"depth":5}},{"object":"window['AudioContext'].prototype","instrumentedName":"AudioContext","logSettings":{"propertiesToInstrument":[],"nonExistingPropertiesToInstrument":[],"excludedProperties":[],"logCallStack":false,"logFunctionsAsStrings":false,"logFunctionGets":false,"preventSets":false,"recursive":false,"depth":5}},{"object":"window['RTCPeerConnection'].prototype","instrumentedName":"RTCPeerConnection","logSettings":{"propertiesToInstrument":[],"nonExistingPropertiesToInstrument":[],"excludedProperties":[],"logCallStack":false,"logFunctionsAsStrings":false,"logFunctionGets":false,"preventSets":false,"recursive":false,"depth":5}},{"object":"window['HTMLCanvasElement'].prototype","instrumentedName":"HTMLCanvasElement","logSettings":{"propertiesToInstrument":[],"nonExistingPropertiesToInstrument":[],"excludedProperties":[],"logCallStack":false,"logFunctionsAsStrings":false,"logFunctionGets":false,"preventSets":false,"recursive":false,"depth":5}},{"object":"window['Storage'].prototype","instrumentedName":"Storage","logSettings":{"propertiesToInstrument":[],"nonExistingPropertiesToInstrument":[],"excludedProperties":[],"logCallStack":false,"logFunctionsAsStrings":false,"logFunctionGets":false,"preventSets":false,"recursive":false,"depth":5}},{"object":"window.navigator","instrumentedName":"window.navigator","logSettings":{"propertiesToInstrument":[],"nonExistingPropertiesToInstrument":[],"excludedProperties":[],"logCallStack":false,"logFunctionsAsStrings":false,"logFunctionGets":false,"preventSets":false,"recursive":false,"depth":5}},{"object":"window['CanvasRenderingContext2D'].prototype","instrumentedName":"CanvasRenderingContext2D","logSettings":{"propertiesToInstrument":[],"nonExistingPropertiesToInstrument":[],"excludedProperties":["translate","transform","closePath","drawImage","beginPath","quadraticCurveTo","moveTo","lineTo","clearRect","canvas","globalAlpha","setTransform"],"logCallStack":false,"logFunctionsAsStrings":false,"logFunctionGets":false,"preventSets":false,"recursive":false,"depth":5}},{"object":"window","instrumentedName":"window","logSettings":{"propertiesToInstrument":["localStorage","name","sessionStorage"],"nonExistingPropertiesToInstrument":[],"excludedProperties":[],"logCallStack":false,"logFunctionsAsStrings":false,"logFunctionGets":false,"preventSets":false,"recursive":false,"depth":5}},{"object":"window.document","instrumentedName":"window.document","logSettings":{"propertiesToInstrument":["cookie","referrer"],"nonExistingPropertiesToInstrument":[],"excludedProperties":[],"logCallStack":true,"logFunctionsAsStrings":false,"logFunctionGets":false,"preventSets":false,"recursive":false,"depth":5}},{"object":"window.screen","instrumentedName":"window.screen","logSettings":{"propertiesToInstrument":["colorDepth","pixelDepth"],"nonExistingPropertiesToInstrument":[],"excludedProperties":[],"logCallStack":false,"logFunctionsAsStrings":false,"logFunctionGets":false,"preventSets":false,"recursive":false,"depth":5}}]}

========== Input profile tar files ==========
  No profile tar files specified

========== Output (archive) profile dirs ==========
  No profile archive directories specified


2026-06-19 00:57:20,734 - MainProcess[MainThread]- storage_controller   - INFO    : Terminating handler for StorageControllerHandle, because the underlying socket closed
2026-06-19 00:57:21,896 - MainProcess[MainThread]- storage_controller   - DEBUG   : StorageController status: There are currently 0 scheduled tasks for 0 visit_ids
2026-06-19 00:57:21,896 - MainProcess[MainThread]- task_manager         - DEBUG   : Checking command failure status indicator...
2026-06-19 00:57:21,897 - MainProcess[BrowserManagerHandle-2519834676]- browser_manager      - INFO    : Starting to work on CommandSequence with visit_id 6419027920769063 on browser with id 2519834676
2026-06-19 00:57:21,900 - MainProcess[MainThread]- browser_manager      - INFO    : BROWSER 2519834676: EXECUTING COMMAND: InitializeCommand()
2026-06-19 00:57:21,902 - MainProcess[MainThread]- browser_manager      - INFO    : BROWSER 2519834676: EXECUTING COMMAND: GetCommand(https://www.elmundo.es/,15)
2026-06-19 00:57:21,922 - MainProcess[Thread-1 (_start_listener)]- FirefoxExtension     - DEBUG   : Setting visit_id the legacy way
2026-06-19 00:57:25,456 - MainProcess[log-interceptor-2519834676]- selenium_firefox     - DEBUG   : BROWSER 2519834676: driver: JavaScript warning: https://adtcdn.unidadeditorial.es/gexp/_gam_kv_.js, line 1: unreachable code after return statement
2026-06-19 00:57:25,457 - MainProcess[log-interceptor-2519834676]- selenium_firefox     - DEBUG   : BROWSER 2519834676: driver: JavaScript warning: https://adtcdn.unidadeditorial.es/gexp/_gam_kv_.js, line 1: unreachable code after return statement
2026-06-19 00:57:25,490 - MainProcess[log-interceptor-2519834676]- selenium_firefox     - DEBUG   : BROWSER 2519834676: driver: JavaScript warning: https://www.elmundo.es/, line 949: unreachable code after return statement
2026-06-19 00:57:26,224 - MainProcess[log-interceptor-2519834676]- selenium_firefox     - DEBUG   : BROWSER 2519834676: driver: JavaScript error: https://www.elmundo.es/, line 2226: TypeError: can't access property "mobile", navigator.userAgentData is undefined
2026-06-19 00:57:26,915 - MainProcess[MainThread]- storage_controller   - DEBUG   : StorageController status: There are currently 2 scheduled tasks for 1 visit_ids
2026-06-19 00:57:28,420 - MainProcess[log-interceptor-2519834676]- selenium_firefox     - DEBUG   : BROWSER 2519834676: driver: JavaScript warning: https://tags.tiqcdn.com/utag/unidadeditorial/elmundo/prod/utag.js, line 455: unreachable code after return statement
2026-06-19 00:57:32,007 - MainProcess[MainThread]- storage_controller   - DEBUG   : StorageController status: There are currently 16 scheduled tasks for 1 visit_ids
2026-06-19 00:57:36,626 - MainProcess[log-interceptor-2519834676]- selenium_firefox     - DEBUG   : BROWSER 2519834676: driver: JavaScript warning: https://tags.tiqcdn.com/utag/unidadeditorial/elmundo/prod/utag.js, line 455: unreachable code after return statement
2026-06-19 00:57:37,013 - MainProcess[MainThread]- storage_controller   - DEBUG   : StorageController status: There are currently 1 scheduled tasks for 1 visit_ids
2026-06-19 00:57:42,083 - MainProcess[MainThread]- storage_controller   - DEBUG   : StorageController status: There are currently 28 scheduled tasks for 1 visit_ids
2026-06-19 00:57:47,293 - MainProcess[MainThread]- storage_controller   - DEBUG   : StorageController status: There are currently 103 scheduled tasks for 1 visit_ids
2026-06-19 00:57:52,299 - MainProcess[MainThread]- storage_controller   - DEBUG   : StorageController status: There are currently 0 scheduled tasks for 1 visit_ids
2026-06-19 00:57:57,307 - MainProcess[MainThread]- storage_controller   - DEBUG   : StorageController status: There are currently 0 scheduled tasks for 1 visit_ids
2026-06-19 00:58:02,311 - MainProcess[MainThread]- storage_controller   - DEBUG   : StorageController status: There are currently 0 scheduled tasks for 1 visit_ids
2026-06-19 00:58:05,699 - MainProcess[MainThread]- browser_manager      - INFO    : BROWSER 2519834676: EXECUTING COMMAND: FinalizeCommand(5)
2026-06-19 00:58:06,184 - MainProcess[log-interceptor-2519834676]- selenium_firefox     - DEBUG   : BROWSER 2519834676: driver: JavaScript warning: https://sdk.mrf.io/statics/marfeel-sdk.js?id=2298, line 2: Script terminated by timeout at:
2026-06-19 00:58:06,185 - MainProcess[log-interceptor-2519834676]- selenium_firefox     - DEBUG   : BROWSER 2519834676: driver: getTimeSinceStart@https://sdk.mrf.io/statics/marfeel-sdk.js?id=2298:2:77541
2026-06-19 00:58:06,185 - MainProcess[log-interceptor-2519834676]- selenium_firefox     - DEBUG   : BROWSER 2519834676: driver: handleEvent@https://sdk.mrf.io/statics/marfeel-sdk.js?id=2298:2:77723
2026-06-19 00:58:06,185 - MainProcess[log-interceptor-2519834676]- selenium_firefox     - DEBUG   : BROWSER 2519834676: driver: eventTriggered@https://sdk.mrf.io/statics/marfeel-sdk.js?id=2298:2:77668
2026-06-19 00:58:06,186 - MainProcess[log-interceptor-2519834676]- selenium_firefox     - DEBUG   : BROWSER 2519834676: driver: 960/listenToEvents/this.removeBeforeLeavingListener<@https://sdk.mrf.io/statics/marfeel-sdk.js?id=2298:2:77106
2026-06-19 00:58:06,186 - MainProcess[log-interceptor-2519834676]- selenium_firefox     - DEBUG   : BROWSER 2519834676: driver: 960/P/<@https://sdk.mrf.io/statics/marfeel-sdk.js?id=2298:2:9348
2026-06-19 00:58:06,186 - MainProcess[log-interceptor-2519834676]- selenium_firefox     - DEBUG   : BROWSER 2519834676: driver: 
2026-06-19 00:58:06,186 - MainProcess[log-interceptor-2519834676]- selenium_firefox     - DEBUG   : BROWSER 2519834676: driver: JavaScript error: moz-extension://909159de-510a-40f8-a92c-0cf34e4c1282/feature.js, line 737: TypeError: can't access property "windowId", sender.tab is undefined
2026-06-19 00:58:06,189 - MainProcess[log-interceptor-2519834676]- selenium_firefox     - DEBUG   : BROWSER 2519834676: driver: JavaScript error: moz-extension://909159de-510a-40f8-a92c-0cf34e4c1282/feature.js, line 737: TypeError: can't access property "windowId", sender.tab is undefined
2026-06-19 00:58:06,190 - MainProcess[log-interceptor-2519834676]- selenium_firefox     - DEBUG   : BROWSER 2519834676: driver: JavaScript error: moz-extension://909159de-510a-40f8-a92c-0cf34e4c1282/feature.js, line 737: TypeError: can't access property "windowId", sender.tab is undefined
2026-06-19 00:58:06,192 - MainProcess[log-interceptor-2519834676]- selenium_firefox     - DEBUG   : BROWSER 2519834676: driver: JavaScript error: undefined, line 0: Error: can't access property "windowId", sender.tab is undefined
2026-06-19 00:58:06,193 - MainProcess[log-interceptor-2519834676]- selenium_firefox     - DEBUG   : BROWSER 2519834676: driver: JavaScript error: undefined, line 0: Error: can't access property "windowId", sender.tab is undefined
2026-06-19 00:58:06,193 - MainProcess[log-interceptor-2519834676]- selenium_firefox     - DEBUG   : BROWSER 2519834676: driver: JavaScript error: undefined, line 0: Error: can't access property "windowId", sender.tab is undefined
2026-06-19 00:58:06,266 - MainProcess[log-interceptor-2519834676]- selenium_firefox     - DEBUG   : BROWSER 2519834676: driver: JavaScript error: undefined, line 0: Error: Invalid tab ID: 1
2026-06-19 00:58:06,275 - MainProcess[log-interceptor-2519834676]- selenium_firefox     - DEBUG   : BROWSER 2519834676: driver: JavaScript error: moz-extension://909159de-510a-40f8-a92c-0cf34e4c1282/feature.js, line 737: TypeError: can't access property "windowId", sender.tab is undefined
2026-06-19 00:58:06,275 - MainProcess[log-interceptor-2519834676]- selenium_firefox     - DEBUG   : BROWSER 2519834676: driver: JavaScript error: moz-extension://909159de-510a-40f8-a92c-0cf34e4c1282/feature.js, line 737: TypeError: can't access property "windowId", sender.tab is undefined
2026-06-19 00:58:06,276 - MainProcess[log-interceptor-2519834676]- selenium_firefox     - DEBUG   : BROWSER 2519834676: driver: JavaScript error: undefined, line 0: Error: can't access property "windowId", sender.tab is undefined
2026-06-19 00:58:06,301 - MainProcess[log-interceptor-2519834676]- selenium_firefox     - DEBUG   : BROWSER 2519834676: driver: JavaScript error: undefined, line 0: Error: can't access property "windowId", sender.tab is undefined
2026-06-19 00:58:06,304 - MainProcess[log-interceptor-2519834676]- selenium_firefox     - DEBUG   : BROWSER 2519834676: driver: JavaScript error: moz-extension://909159de-510a-40f8-a92c-0cf34e4c1282/feature.js, line 737: TypeError: can't access property "windowId", sender.tab is undefined
2026-06-19 00:58:06,305 - MainProcess[log-interceptor-2519834676]- selenium_firefox     - DEBUG   : BROWSER 2519834676: driver: JavaScript error: undefined, line 0: Error: Invalid tab ID: 1
2026-06-19 00:58:06,314 - MainProcess[log-interceptor-2519834676]- selenium_firefox     - DEBUG   : BROWSER 2519834676: driver: JavaScript error: undefined, line 0: Error: can't access property "windowId", sender.tab is undefined
2026-06-19 00:58:06,381 - MainProcess[log-interceptor-2519834676]- selenium_firefox     - DEBUG   : BROWSER 2519834676: driver: JavaScript warning: https://buy.tinypass.com/checkout/template/cacheableShow.html?aid=wQKkKmsRpu&templateId=OT3V1725ZECP&templateVariantId=OTVGPIQS5OYS5&offerId=fakeOfferId&experienceId=EX4IKECT58I1&iframeId=offer_cc84052846b7e552d31f-0&displayMode=inline&pianoIdUrl=https%3A%2F%2Fid.tinypass.com%2Fid%2F&widget=template&url=https%3A%2F%2Fwww.elmundo.es%2F&isConsentManagerEnabled=false line 1 > injectedScript, line 33: Script terminated by timeout at:
2026-06-19 00:58:06,381 - MainProcess[log-interceptor-2519834676]- selenium_firefox     - DEBUG   : BROWSER 2519834676: driver: updateCountdown@https://buy.tinypass.com/checkout/template/cacheableShow.html?aid=wQKkKmsRpu&templateId=OT3V1725ZECP&templateVariantId=OTVGPIQS5OYS5&offerId=fakeOfferId&experienceId=EX4IKECT58I1&iframeId=offer_cc84052846b7e552d31f-0&displayMode=inline&pianoIdUrl=https%3A%2F%2Fid.tinypass.com%2Fid%2F&widget=template&url=https%3A%2F%2Fwww.elmundo.es%2F&isConsentManagerEnabled=false line 1 > injectedScript:33:36
2026-06-19 00:58:06,382 - MainProcess[log-interceptor-2519834676]- selenium_firefox     - DEBUG   : BROWSER 2519834676: driver: 
2026-06-19 00:58:07,314 - MainProcess[MainThread]- storage_controller   - DEBUG   : StorageController status: There are currently 0 scheduled tasks for 1 visit_ids
2026-06-19 00:58:11,484 - MainProcess[BrowserManagerHandle-2519834676]- browser_manager      - INFO    : Finished working on CommandSequence with visit_id 6419027920769063 on browser with id 2519834676
2026-06-19 00:58:11,486 - MainProcess[MainThread]- storage_controller   - INFO    : Awaiting all tasks for visit_id 6419027920769063
2026-06-19 00:58:11,489 - MainProcess[MainThread]- storage_controller   - DEBUG   : Awaited all tasks for visit_id 6419027920769063 while finalizing
2026-06-19 00:58:12,369 - MainProcess[MainThread]- storage_controller   - DEBUG   : StorageController status: There are currently 0 scheduled tasks for 0 visit_ids
2026-06-19 00:58:13,485 - MainProcess[MainThread]- browser_manager      - DEBUG   : BROWSER 2519834676: Closing browser manager...
2026-06-19 00:58:13,486 - MainProcess[MainThread]- browser_manager      - DEBUG   : BROWSER 2519834676: Closing browser...
2026-06-19 00:58:13,486 - MainProcess[MainThread]- browser_manager      - DEBUG   : BROWSER 2519834676: Joining command thread
2026-06-19 00:58:13,487 - MainProcess[MainThread]- browser_manager      - DEBUG   : BROWSER 2519834676: 0.000021 seconds to join command thread
2026-06-19 00:58:13,515 - MainProcess[log-interceptor-2519834676]- selenium_firefox     - DEBUG   : BROWSER 2519834676: driver: 1781823493512	Marionette	INFO	Stopped listening on port 17285
2026-06-19 00:58:15,308 - MainProcess[log-interceptor-2519834676]- selenium_firefox     - DEBUG   : BROWSER 2519834676: driver: console.warn: TopSitesFeed: Failed to fetch data from MARS server: NetworkError when attempting to fetch resource.
2026-06-19 00:58:15,312 - MainProcess[log-interceptor-2519834676]- selenium_firefox     - DEBUG   : BROWSER 2519834676: driver: console.error: "error_support::handling: remote-settings-unexpected: Error sending request: [no-sentry] Backend error: Failed to get response status (0x80040111)"
2026-06-19 00:58:15,313 - MainProcess[log-interceptor-2519834676]- selenium_firefox     - DEBUG   : BROWSER 2519834676: driver: console.error: "app-services-error-reporter::error: Error sending request: [no-sentry] Backend error: Failed to get response status (0x80040111)"
2026-06-19 00:58:15,313 - MainProcess[log-interceptor-2519834676]- selenium_firefox     - DEBUG   : BROWSER 2519834676: driver: console.error: "error_support::handling: suggest-unexpected: Error from Remote Settings: Remote settings error: Error sending request: [no-sentry] Backend error: Failed to get response status (0x80040111)"
2026-06-19 00:58:15,323 - MainProcess[log-interceptor-2519834676]- selenium_firefox     - DEBUG   : BROWSER 2519834676: driver: console.error: "app-services-error-reporter::error: Error from Remote Settings: Remote settings error: Error sending request: [no-sentry] Backend error: Failed to get response status (0x80040111)"
2026-06-19 00:58:15,324 - MainProcess[log-interceptor-2519834676]- selenium_firefox     - DEBUG   : BROWSER 2519834676: driver: console.error: URLBar - QuickSuggest.SuggestBackendRust: "Ingest error" ({type:"Weather", error:(new Error("reason: Error from Remote Settings: Remote settings error: Error sending request: [no-sentry] Backend error: Failed to get response status (0x80040111)", "moz-src:///toolkit/components/uniffi-bindgen-gecko-js/components/generated/RustSuggest.sys.mjs", 3593)), reason:"Error from Remote Settings: Remote settings error: Error sending request: [no-sentry] Backend error: Failed to get response status (0x80040111)"})
2026-06-19 00:58:15,474 - MainProcess[log-interceptor-2519834676]- selenium_firefox     - DEBUG   : BROWSER 2519834676: driver: console.error: WebExtensions:
2026-06-19 00:58:15,475 - MainProcess[MainThread]- storage_controller   - INFO    : Terminating handler for Browser-2519834676, because the underlying socket closed
2026-06-19 00:58:15,478 - MainProcess[log-interceptor-2519834676]- selenium_firefox     - DEBUG   : BROWSER 2519834676: driver: Message: [Exception... "Component returned failure code: 0x804b0010 (NS_ERROR_OFFLINE) [nsIInputStream.available]"  nsresult: "0x804b0010 (NS_ERROR_OFFLINE)"  location: "JS frame :: jar:file:///tmp/addon-a503a110-2af1-4e7e-b754-d1f8eb38e5df.xpi!/privileged/sockets/api.js :: onInputStreamReady :: line 49"  data: no]
2026-06-19 00:58:15,479 - MainProcess[log-interceptor-2519834676]- selenium_firefox     - DEBUG   : BROWSER 2519834676: driver: Stack:
2026-06-19 00:58:15,480 - MainProcess[log-interceptor-2519834676]- selenium_firefox     - DEBUG   : BROWSER 2519834676: driver: onInputStreamReady@jar:file:///tmp/addon-a503a110-2af1-4e7e-b754-d1f8eb38e5df.xpi!/privileged/sockets/api.js:49:33
2026-06-19 00:58:15,480 - MainProcess[log-interceptor-2519834676]- selenium_firefox     - DEBUG   : BROWSER 2519834676: driver: 
2026-06-19 00:58:15,576 - MainProcess[log-interceptor-2519834676]- selenium_firefox     - DEBUG   : BROWSER 2519834676: driver: console.error: RemoteSecuritySettings:
2026-06-19 00:58:15,577 - MainProcess[log-interceptor-2519834676]- selenium_firefox     - DEBUG   : BROWSER 2519834676: driver: failed to download CRLite filter
2026-06-19 00:58:15,581 - MainProcess[log-interceptor-2519834676]- selenium_firefox     - DEBUG   : BROWSER 2519834676: driver: Object
2026-06-19 00:58:15,582 - MainProcess[log-interceptor-2519834676]- selenium_firefox     - DEBUG   : BROWSER 2519834676: driver: - prototype Object
2026-06-19 00:58:15,582 - MainProcess[log-interceptor-2519834676]- selenium_firefox     - DEBUG   : BROWSER 2519834676: driver: - columnNumber = 11
2026-06-19 00:58:15,583 - MainProcess[log-interceptor-2519834676]- selenium_firefox     - DEBUG   : BROWSER 2519834676: driver: - data = null
2026-06-19 00:58:15,584 - MainProcess[log-interceptor-2519834676]- selenium_firefox     - DEBUG   : BROWSER 2519834676: driver: - filename = resource://gre/modules/ServiceRequest.sys.mjs
2026-06-19 00:58:15,584 - MainProcess[log-interceptor-2519834676]- selenium_firefox     - DEBUG   : BROWSER 2519834676: driver: - lineNumber = 126
2026-06-19 00:58:15,585 - MainProcess[log-interceptor-2519834676]- selenium_firefox     - DEBUG   : BROWSER 2519834676: driver: - location = {"name":"open","filename":"resource://gre/modules/ServiceRequest.sys.mjs","sourceId":25,"lineNumber":126,"columnNumber":11,"asyncCause":null,"asyncCaller":null,"caller":{"filename":"resource://services-settings/Utils.sys.mjs","name":"fetch/<","sourceId":24,"lineNumber":273,"columnNumber":15,"asyncCause":null,"asyncCaller":null,"caller":{"filename":"resource://services-settings/Utils.sys.mjs","name":"fetch","sourceId":24,"lineNumber":224,"columnNumber":12,"asyncCause":null,"asyncCaller":null,"caller":{"filename":"resource://services-settings/Attachments.sys.mjs","name":"_fetchAttachment","sourceId":23,"lineNumber":560,"columnNumber":35,"asyncCause":null,"asyncCaller":null,"caller":{"filename":"resource://services-settings/Attachments.sys.mjs","name":"downloadAsBytes","sourceId":23,"lineNumber":537,"columnNumber":35,"asyncCause":null,"asyncCaller":null,"caller":{"filename":"resource://gre/modules/AsyncShutdown.sys.mjs","name":"observe","sourceId":15,"lineNumber":570,"columnNumber":17,"asyncCause":null,"asyncCaller":null,"caller":null,"formattedStack":"observe@resource://gre/modules/AsyncShutdown.sys.mjs:570:17\n","nativeSavedFrame":{}},"formattedStack":"downloadAsBytes@resource://services-settings/Attachments.sys.mjs:537:35\nobserve@resource://gre/modules/AsyncShutdown.sys.mjs:570:17\n","nativeSavedFrame":{}},"formattedStack":"_fetchAttachment@resource://services-settings/Attachments.sys.mjs:560:35\ndownloadAsBytes@resource://services-settings/Attachments.sys.mjs:537:35\nobserve@resource://gre/modules/AsyncShutdown.sys.mjs:570:17\n","nativeSavedFrame":{}},"formattedStack":"fetch@resource://services-settings/Utils.sys.mjs:224:12\n_fetchAttachment@resource://services-settings/Attachments.sys.mjs:560:35\ndownloadAsBytes@resource://services-settings/Attachments.sys.mjs:537:35\nobserve@resource://gre/modules/AsyncShutdown.sys.mjs:570:17\n","nativeSavedFrame":{}},"formattedStack":"fetch/<@resource://services-settings/Utils.sys.mjs:273:15\nfetch@resource://services-settings/Utils.sys.mjs:224:12\n_fetchAttachment@resource://services-settings/Attachments.sys.mjs:560:35\ndownloadAsBytes@resource://services-settings/Attachments.sys.mjs:537:35\nobserve@resource://gre/modules/AsyncShutdown.sys.mjs:570:17\n","nativeSavedFrame":{}},"formattedStack":"open@resource://gre/modules/ServiceRequest.sys.mjs:126:11\nfetch/<@resource://services-settings/Utils.sys.mjs:273:15\nfetch@resource://services-settings/Utils.sys.mjs:224:12\n_fetchAttachment@resource://services-settings/Attachments.sys.mjs:560:35\ndownloadAsBytes@resource://services-settings/Attachments.sys.mjs:537:35\nobserve@resource://gre/modules/AsyncShutdown.sys.mjs:570:17\n","nativeSavedFrame":{}}
2026-06-19 00:58:15,585 - MainProcess[log-interceptor-2519834676]- selenium_firefox     - DEBUG   : BROWSER 2519834676: driver: - message =
2026-06-19 00:58:15,589 - MainProcess[log-interceptor-2519834676]- selenium_firefox     - DEBUG   : BROWSER 2519834676: driver: - name =
2026-06-19 00:58:15,590 - MainProcess[log-interceptor-2519834676]- selenium_firefox     - DEBUG   : BROWSER 2519834676: driver: - result = 2152071198
2026-06-19 00:58:15,590 - MainProcess[log-interceptor-2519834676]- selenium_firefox     - DEBUG   : BROWSER 2519834676: driver: - stack = open@resource://gre/modules/ServiceRequest.sys.mjs:126:11|fetch/<@resource://services-settings/Utils.sys.mjs:273:15|fetch@resource://services-settings/Utils.sys.mjs:224:12|_fetchAttachment@resource://services-settings/Attachments.sys.mjs:560:35|downloadAsBytes@resource://services-settings/Attachments.sys.mjs:537:35|observe@resource://gre/modules/AsyncShutdown.sys.mjs:570:17|
2026-06-19 00:58:15,590 - MainProcess[log-interceptor-2519834676]- selenium_firefox     - DEBUG   : BROWSER 2519834676: driver: - prototype Object
2026-06-19 00:58:15,591 - MainProcess[log-interceptor-2519834676]- selenium_firefox     - DEBUG   : BROWSER 2519834676: driver: console.error: RemoteSecuritySettings:
2026-06-19 00:58:15,591 - MainProcess[log-interceptor-2519834676]- selenium_firefox     - DEBUG   : BROWSER 2519834676: driver: failed to download CRLite filter
2026-06-19 00:58:15,592 - MainProcess[log-interceptor-2519834676]- selenium_firefox     - DEBUG   : BROWSER 2519834676: driver: Object
2026-06-19 00:58:15,592 - MainProcess[log-interceptor-2519834676]- selenium_firefox     - DEBUG   : BROWSER 2519834676: driver: - prototype Object
2026-06-19 00:58:15,600 - MainProcess[log-interceptor-2519834676]- selenium_firefox     - DEBUG   : BROWSER 2519834676: driver: - columnNumber = 11
2026-06-19 00:58:15,600 - MainProcess[log-interceptor-2519834676]- selenium_firefox     - DEBUG   : BROWSER 2519834676: driver: - data = null
2026-06-19 00:58:15,600 - MainProcess[log-interceptor-2519834676]- selenium_firefox     - DEBUG   : BROWSER 2519834676: driver: - filename = resource://gre/modules/ServiceRequest.sys.mjs
2026-06-19 00:58:15,601 - MainProcess[log-interceptor-2519834676]- selenium_firefox     - DEBUG   : BROWSER 2519834676: driver: - lineNumber = 126
2026-06-19 00:58:15,601 - MainProcess[log-interceptor-2519834676]- selenium_firefox     - DEBUG   : BROWSER 2519834676: driver: - location = {"name":"open","filename":"resource://gre/modules/ServiceRequest.sys.mjs","sourceId":25,"lineNumber":126,"columnNumber":11,"asyncCause":null,"asyncCaller":null,"caller":{"filename":"resource://services-settings/Utils.sys.mjs","name":"fetch/<","sourceId":24,"lineNumber":273,"columnNumber":15,"asyncCause":null,"asyncCaller":null,"caller":{"filename":"resource://services-settings/Utils.sys.mjs","name":"fetch","sourceId":24,"lineNumber":224,"columnNumber":12,"asyncCause":null,"asyncCaller":null,"caller":{"filename":"resource://services-settings/Attachments.sys.mjs","name":"_fetchAttachment","sourceId":23,"lineNumber":560,"columnNumber":35,"asyncCause":null,"asyncCaller":null,"caller":{"filename":"resource://services-settings/Attachments.sys.mjs","name":"downloadAsBytes","sourceId":23,"lineNumber":537,"columnNumber":35,"asyncCause":null,"asyncCaller":null,"caller":{"filename":"resource://gre/modules/AsyncShutdown.sys.mjs","name":"observe","sourceId":15,"lineNumber":570,"columnNumber":17,"asyncCause":null,"asyncCaller":null,"caller":null,"formattedStack":"observe@resource://gre/modules/AsyncShutdown.sys.mjs:570:17\n","nativeSavedFrame":{}},"formattedStack":"downloadAsBytes@resource://services-settings/Attachments.sys.mjs:537:35\nobserve@resource://gre/modules/AsyncShutdown.sys.mjs:570:17\n","nativeSavedFrame":{}},"formattedStack":"_fetchAttachment@resource://services-settings/Attachments.sys.mjs:560:35\ndownloadAsBytes@resource://services-settings/Attachments.sys.mjs:537:35\nobserve@resource://gre/modules/AsyncShutdown.sys.mjs:570:17\n","nativeSavedFrame":{}},"formattedStack":"fetch@resource://services-settings/Utils.sys.mjs:224:12\n_fetchAttachment@resource://services-settings/Attachments.sys.mjs:560:35\ndownloadAsBytes@resource://services-settings/Attachments.sys.mjs:537:35\nobserve@resource://gre/modules/AsyncShutdown.sys.mjs:570:17\n","nativeSavedFrame":{}},"formattedStack":"fetch/<@resource://services-settings/Utils.sys.mjs:273:15\nfetch@resource://services-settings/Utils.sys.mjs:224:12\n_fetchAttachment@resource://services-settings/Attachments.sys.mjs:560:35\ndownloadAsBytes@resource://services-settings/Attachments.sys.mjs:537:35\nobserve@resource://gre/modules/AsyncShutdown.sys.mjs:570:17\n","nativeSavedFrame":{}},"formattedStack":"open@resource://gre/modules/ServiceRequest.sys.mjs:126:11\nfetch/<@resource://services-settings/Utils.sys.mjs:273:15\nfetch@resource://services-settings/Utils.sys.mjs:224:12\n_fetchAttachment@resource://services-settings/Attachments.sys.mjs:560:35\ndownloadAsBytes@resource://services-settings/Attachments.sys.mjs:537:35\nobserve@resource://gre/modules/AsyncShutdown.sys.mjs:570:17\n","nativeSavedFrame":{}}
2026-06-19 00:58:15,602 - MainProcess[log-interceptor-2519834676]- selenium_firefox     - DEBUG   : BROWSER 2519834676: driver: - message =
2026-06-19 00:58:15,602 - MainProcess[log-interceptor-2519834676]- selenium_firefox     - DEBUG   : BROWSER 2519834676: driver: - name =
2026-06-19 00:58:15,602 - MainProcess[log-interceptor-2519834676]- selenium_firefox     - DEBUG   : BROWSER 2519834676: driver: - result = 2152071198
2026-06-19 00:58:15,603 - MainProcess[log-interceptor-2519834676]- selenium_firefox     - DEBUG   : BROWSER 2519834676: driver: - stack = open@resource://gre/modules/ServiceRequest.sys.mjs:126:11|fetch/<@resource://services-settings/Utils.sys.mjs:273:15|fetch@resource://services-settings/Utils.sys.mjs:224:12|_fetchAttachment@resource://services-settings/Attachments.sys.mjs:560:35|downloadAsBytes@resource://services-settings/Attachments.sys.mjs:537:35|observe@resource://gre/modules/AsyncShutdown.sys.mjs:570:17|
2026-06-19 00:58:15,603 - MainProcess[log-interceptor-2519834676]- selenium_firefox     - DEBUG   : BROWSER 2519834676: driver: - prototype Object
2026-06-19 00:58:15,609 - MainProcess[log-interceptor-2519834676]- selenium_firefox     - DEBUG   : BROWSER 2519834676: driver: console.error: RemoteSecuritySettings:
2026-06-19 00:58:15,610 - MainProcess[log-interceptor-2519834676]- selenium_firefox     - DEBUG   : BROWSER 2519834676: driver: failed to download CRLite filter
2026-06-19 00:58:15,610 - MainProcess[log-interceptor-2519834676]- selenium_firefox     - DEBUG   : BROWSER 2519834676: driver: Object
2026-06-19 00:58:15,612 - MainProcess[log-interceptor-2519834676]- selenium_firefox     - DEBUG   : BROWSER 2519834676: driver: - prototype Object
2026-06-19 00:58:15,612 - MainProcess[log-interceptor-2519834676]- selenium_firefox     - DEBUG   : BROWSER 2519834676: driver: - columnNumber = 11
2026-06-19 00:58:15,613 - MainProcess[log-interceptor-2519834676]- selenium_firefox     - DEBUG   : BROWSER 2519834676: driver: - data = null
2026-06-19 00:58:15,613 - MainProcess[log-interceptor-2519834676]- selenium_firefox     - DEBUG   : BROWSER 2519834676: driver: - filename = resource://gre/modules/ServiceRequest.sys.mjs
2026-06-19 00:58:15,615 - MainProcess[log-interceptor-2519834676]- selenium_firefox     - DEBUG   : BROWSER 2519834676: driver: - lineNumber = 126
2026-06-19 00:58:15,616 - MainProcess[log-interceptor-2519834676]- selenium_firefox     - DEBUG   : BROWSER 2519834676: driver: - location = {"name":"open","filename":"resource://gre/modules/ServiceRequest.sys.mjs","sourceId":25,"lineNumber":126,"columnNumber":11,"asyncCause":null,"asyncCaller":null,"caller":{"filename":"resource://services-settings/Utils.sys.mjs","name":"fetch/<","sourceId":24,"lineNumber":273,"columnNumber":15,"asyncCause":null,"asyncCaller":null,"caller":{"filename":"resource://services-settings/Utils.sys.mjs","name":"fetch","sourceId":24,"lineNumber":224,"columnNumber":12,"asyncCause":null,"asyncCaller":null,"caller":{"filename":"resource://services-settings/Attachments.sys.mjs","name":"_fetchAttachment","sourceId":23,"lineNumber":560,"columnNumber":35,"asyncCause":null,"asyncCaller":null,"caller":{"filename":"resource://services-settings/Attachments.sys.mjs","name":"downloadAsBytes","sourceId":23,"lineNumber":537,"columnNumber":35,"asyncCause":null,"asyncCaller":null,"caller":{"filename":"resource://gre/modules/AsyncShutdown.sys.mjs","name":"observe","sourceId":15,"lineNumber":570,"columnNumber":17,"asyncCause":null,"asyncCaller":null,"caller":null,"formattedStack":"observe@resource://gre/modules/AsyncShutdown.sys.mjs:570:17\n","nativeSavedFrame":{}},"formattedStack":"downloadAsBytes@resource://services-settings/Attachments.sys.mjs:537:35\nobserve@resource://gre/modules/AsyncShutdown.sys.mjs:570:17\n","nativeSavedFrame":{}},"formattedStack":"_fetchAttachment@resource://services-settings/Attachments.sys.mjs:560:35\ndownloadAsBytes@resource://services-settings/Attachments.sys.mjs:537:35\nobserve@resource://gre/modules/AsyncShutdown.sys.mjs:570:17\n","nativeSavedFrame":{}},"formattedStack":"fetch@resource://services-settings/Utils.sys.mjs:224:12\n_fetchAttachment@resource://services-settings/Attachments.sys.mjs:560:35\ndownloadAsBytes@resource://services-settings/Attachments.sys.mjs:537:35\nobserve@resource://gre/modules/AsyncShutdown.sys.mjs:570:17\n","nativeSavedFrame":{}},"formattedStack":"fetch/<@resource://services-settings/Utils.sys.mjs:273:15\nfetch@resource://services-settings/Utils.sys.mjs:224:12\n_fetchAttachment@resource://services-settings/Attachments.sys.mjs:560:35\ndownloadAsBytes@resource://services-settings/Attachments.sys.mjs:537:35\nobserve@resource://gre/modules/AsyncShutdown.sys.mjs:570:17\n","nativeSavedFrame":{}},"formattedStack":"open@resource://gre/modules/ServiceRequest.sys.mjs:126:11\nfetch/<@resource://services-settings/Utils.sys.mjs:273:15\nfetch@resource://services-settings/Utils.sys.mjs:224:12\n_fetchAttachment@resource://services-settings/Attachments.sys.mjs:560:35\ndownloadAsBytes@resource://services-settings/Attachments.sys.mjs:537:35\nobserve@resource://gre/modules/AsyncShutdown.sys.mjs:570:17\n","nativeSavedFrame":{}}
2026-06-19 00:58:15,617 - MainProcess[log-interceptor-2519834676]- selenium_firefox     - DEBUG   : BROWSER 2519834676: driver: - message =
2026-06-19 00:58:15,618 - MainProcess[log-interceptor-2519834676]- selenium_firefox     - DEBUG   : BROWSER 2519834676: driver: - name =
2026-06-19 00:58:15,618 - MainProcess[log-interceptor-2519834676]- selenium_firefox     - DEBUG   : BROWSER 2519834676: driver: - result = 2152071198
2026-06-19 00:58:15,619 - MainProcess[log-interceptor-2519834676]- selenium_firefox     - DEBUG   : BROWSER 2519834676: driver: - stack = open@resource://gre/modules/ServiceRequest.sys.mjs:126:11|fetch/<@resource://services-settings/Utils.sys.mjs:273:15|fetch@resource://services-settings/Utils.sys.mjs:224:12|_fetchAttachment@resource://services-settings/Attachments.sys.mjs:560:35|downloadAsBytes@resource://services-settings/Attachments.sys.mjs:537:35|observe@resource://gre/modules/AsyncShutdown.sys.mjs:570:17|
2026-06-19 00:58:15,619 - MainProcess[log-interceptor-2519834676]- selenium_firefox     - DEBUG   : BROWSER 2519834676: driver: - prototype Object
2026-06-19 00:58:15,620 - MainProcess[log-interceptor-2519834676]- selenium_firefox     - DEBUG   : BROWSER 2519834676: driver: console.error: RemoteSecuritySettings:
2026-06-19 00:58:15,620 - MainProcess[log-interceptor-2519834676]- selenium_firefox     - DEBUG   : BROWSER 2519834676: driver: failed to download CRLite filter
2026-06-19 00:58:15,621 - MainProcess[log-interceptor-2519834676]- selenium_firefox     - DEBUG   : BROWSER 2519834676: driver: Object
2026-06-19 00:58:15,621 - MainProcess[log-interceptor-2519834676]- selenium_firefox     - DEBUG   : BROWSER 2519834676: driver: - prototype Object
2026-06-19 00:58:15,622 - MainProcess[log-interceptor-2519834676]- selenium_firefox     - DEBUG   : BROWSER 2519834676: driver: - columnNumber = 11
2026-06-19 00:58:15,622 - MainProcess[log-interceptor-2519834676]- selenium_firefox     - DEBUG   : BROWSER 2519834676: driver: - data = null
2026-06-19 00:58:15,624 - MainProcess[log-interceptor-2519834676]- selenium_firefox     - DEBUG   : BROWSER 2519834676: driver: - filename = resource://gre/modules/ServiceRequest.sys.mjs
2026-06-19 00:58:15,624 - MainProcess[log-interceptor-2519834676]- selenium_firefox     - DEBUG   : BROWSER 2519834676: driver: - lineNumber = 126
2026-06-19 00:58:15,625 - MainProcess[log-interceptor-2519834676]- selenium_firefox     - DEBUG   : BROWSER 2519834676: driver: - location = {"name":"open","filename":"resource://gre/modules/ServiceRequest.sys.mjs","sourceId":25,"lineNumber":126,"columnNumber":11,"asyncCause":null,"asyncCaller":null,"caller":{"filename":"resource://services-settings/Utils.sys.mjs","name":"fetch/<","sourceId":24,"lineNumber":273,"columnNumber":15,"asyncCause":null,"asyncCaller":null,"caller":{"filename":"resource://services-settings/Utils.sys.mjs","name":"fetch","sourceId":24,"lineNumber":224,"columnNumber":12,"asyncCause":null,"asyncCaller":null,"caller":{"filename":"resource://services-settings/Attachments.sys.mjs","name":"_fetchAttachment","sourceId":23,"lineNumber":560,"columnNumber":35,"asyncCause":null,"asyncCaller":null,"caller":{"filename":"resource://services-settings/Attachments.sys.mjs","name":"downloadAsBytes","sourceId":23,"lineNumber":537,"columnNumber":35,"asyncCause":null,"asyncCaller":null,"caller":{"filename":"resource://gre/modules/AsyncShutdown.sys.mjs","name":"observe","sourceId":15,"lineNumber":570,"columnNumber":17,"asyncCause":null,"asyncCaller":null,"caller":null,"formattedStack":"observe@resource://gre/modules/AsyncShutdown.sys.mjs:570:17\n","nativeSavedFrame":{}},"formattedStack":"downloadAsBytes@resource://services-settings/Attachments.sys.mjs:537:35\nobserve@resource://gre/modules/AsyncShutdown.sys.mjs:570:17\n","nativeSavedFrame":{}},"formattedStack":"_fetchAttachment@resource://services-settings/Attachments.sys.mjs:560:35\ndownloadAsBytes@resource://services-settings/Attachments.sys.mjs:537:35\nobserve@resource://gre/modules/AsyncShutdown.sys.mjs:570:17\n","nativeSavedFrame":{}},"formattedStack":"fetch@resource://services-settings/Utils.sys.mjs:224:12\n_fetchAttachment@resource://services-settings/Attachments.sys.mjs:560:35\ndownloadAsBytes@resource://services-settings/Attachments.sys.mjs:537:35\nobserve@resource://gre/modules/AsyncShutdown.sys.mjs:570:17\n","nativeSavedFrame":{}},"formattedStack":"fetch/<@resource://services-settings/Utils.sys.mjs:273:15\nfetch@resource://services-settings/Utils.sys.mjs:224:12\n_fetchAttachment@resource://services-settings/Attachments.sys.mjs:560:35\ndownloadAsBytes@resource://services-settings/Attachments.sys.mjs:537:35\nobserve@resource://gre/modules/AsyncShutdown.sys.mjs:570:17\n","nativeSavedFrame":{}},"formattedStack":"open@resource://gre/modules/ServiceRequest.sys.mjs:126:11\nfetch/<@resource://services-settings/Utils.sys.mjs:273:15\nfetch@resource://services-settings/Utils.sys.mjs:224:12\n_fetchAttachment@resource://services-settings/Attachments.sys.mjs:560:35\ndownloadAsBytes@resource://services-settings/Attachments.sys.mjs:537:35\nobserve@resource://gre/modules/AsyncShutdown.sys.mjs:570:17\n","nativeSavedFrame":{}}
2026-06-19 00:58:15,626 - MainProcess[log-interceptor-2519834676]- selenium_firefox     - DEBUG   : BROWSER 2519834676: driver: - message =
2026-06-19 00:58:15,627 - MainProcess[log-interceptor-2519834676]- selenium_firefox     - DEBUG   : BROWSER 2519834676: driver: - name =
2026-06-19 00:58:15,629 - MainProcess[log-interceptor-2519834676]- selenium_firefox     - DEBUG   : BROWSER 2519834676: driver: - result = 2152071198
2026-06-19 00:58:15,630 - MainProcess[log-interceptor-2519834676]- selenium_firefox     - DEBUG   : BROWSER 2519834676: driver: - stack = open@resource://gre/modules/ServiceRequest.sys.mjs:126:11|fetch/<@resource://services-settings/Utils.sys.mjs:273:15|fetch@resource://services-settings/Utils.sys.mjs:224:12|_fetchAttachment@resource://services-settings/Attachments.sys.mjs:560:35|downloadAsBytes@resource://services-settings/Attachments.sys.mjs:537:35|observe@resource://gre/modules/AsyncShutdown.sys.mjs:570:17|
2026-06-19 00:58:15,630 - MainProcess[log-interceptor-2519834676]- selenium_firefox     - DEBUG   : BROWSER 2519834676: driver: - prototype Object
2026-06-19 00:58:15,631 - MainProcess[log-interceptor-2519834676]- selenium_firefox     - DEBUG   : BROWSER 2519834676: driver: console.error: RemoteSecuritySettings:
2026-06-19 00:58:15,631 - MainProcess[log-interceptor-2519834676]- selenium_firefox     - DEBUG   : BROWSER 2519834676: driver: failed to download CRLite filter
2026-06-19 00:58:15,631 - MainProcess[log-interceptor-2519834676]- selenium_firefox     - DEBUG   : BROWSER 2519834676: driver: Object
2026-06-19 00:58:15,632 - MainProcess[log-interceptor-2519834676]- selenium_firefox     - DEBUG   : BROWSER 2519834676: driver: - prototype Object
2026-06-19 00:58:15,632 - MainProcess[log-interceptor-2519834676]- selenium_firefox     - DEBUG   : BROWSER 2519834676: driver: - columnNumber = 11
2026-06-19 00:58:15,633 - MainProcess[log-interceptor-2519834676]- selenium_firefox     - DEBUG   : BROWSER 2519834676: driver: - data = null
2026-06-19 00:58:15,633 - MainProcess[log-interceptor-2519834676]- selenium_firefox     - DEBUG   : BROWSER 2519834676: driver: - filename = resource://gre/modules/ServiceRequest.sys.mjs
2026-06-19 00:58:15,634 - MainProcess[log-interceptor-2519834676]- selenium_firefox     - DEBUG   : BROWSER 2519834676: driver: - lineNumber = 126
2026-06-19 00:58:15,634 - MainProcess[log-interceptor-2519834676]- selenium_firefox     - DEBUG   : BROWSER 2519834676: driver: - location = {"name":"open","filename":"resource://gre/modules/ServiceRequest.sys.mjs","sourceId":25,"lineNumber":126,"columnNumber":11,"asyncCause":null,"asyncCaller":null,"caller":{"filename":"resource://services-settings/Utils.sys.mjs","name":"fetch/<","sourceId":24,"lineNumber":273,"columnNumber":15,"asyncCause":null,"asyncCaller":null,"caller":{"filename":"resource://services-settings/Utils.sys.mjs","name":"fetch","sourceId":24,"lineNumber":224,"columnNumber":12,"asyncCause":null,"asyncCaller":null,"caller":{"filename":"resource://services-settings/Attachments.sys.mjs","name":"_fetchAttachment","sourceId":23,"lineNumber":560,"columnNumber":35,"asyncCause":null,"asyncCaller":null,"caller":{"filename":"resource://services-settings/Attachments.sys.mjs","name":"downloadAsBytes","sourceId":23,"lineNumber":537,"columnNumber":35,"asyncCause":null,"asyncCaller":null,"caller":{"filename":"resource://gre/modules/AsyncShutdown.sys.mjs","name":"observe","sourceId":15,"lineNumber":570,"columnNumber":17,"asyncCause":null,"asyncCaller":null,"caller":null,"formattedStack":"observe@resource://gre/modules/AsyncShutdown.sys.mjs:570:17\n","nativeSavedFrame":{}},"formattedStack":"downloadAsBytes@resource://services-settings/Attachments.sys.mjs:537:35\nobserve@resource://gre/modules/AsyncShutdown.sys.mjs:570:17\n","nativeSavedFrame":{}},"formattedStack":"_fetchAttachment@resource://services-settings/Attachments.sys.mjs:560:35\ndownloadAsBytes@resource://services-settings/Attachments.sys.mjs:537:35\nobserve@resource://gre/modules/AsyncShutdown.sys.mjs:570:17\n","nativeSavedFrame":{}},"formattedStack":"fetch@resource://services-settings/Utils.sys.mjs:224:12\n_fetchAttachment@resource://services-settings/Attachments.sys.mjs:560:35\ndownloadAsBytes@resource://services-settings/Attachments.sys.mjs:537:35\nobserve@resource://gre/modules/AsyncShutdown.sys.mjs:570:17\n","nativeSavedFrame":{}},"formattedStack":"fetch/<@resource://services-settings/Utils.sys.mjs:273:15\nfetch@resource://services-settings/Utils.sys.mjs:224:12\n_fetchAttachment@resource://services-settings/Attachments.sys.mjs:560:35\ndownloadAsBytes@resource://services-settings/Attachments.sys.mjs:537:35\nobserve@resource://gre/modules/AsyncShutdown.sys.mjs:570:17\n","nativeSavedFrame":{}},"formattedStack":"open@resource://gre/modules/ServiceRequest.sys.mjs:126:11\nfetch/<@resource://services-settings/Utils.sys.mjs:273:15\nfetch@resource://services-settings/Utils.sys.mjs:224:12\n_fetchAttachment@resource://services-settings/Attachments.sys.mjs:560:35\ndownloadAsBytes@resource://services-settings/Attachments.sys.mjs:537:35\nobserve@resource://gre/modules/AsyncShutdown.sys.mjs:570:17\n","nativeSavedFrame":{}}
2026-06-19 00:58:15,635 - MainProcess[log-interceptor-2519834676]- selenium_firefox     - DEBUG   : BROWSER 2519834676: driver: - message =
2026-06-19 00:58:15,635 - MainProcess[log-interceptor-2519834676]- selenium_firefox     - DEBUG   : BROWSER 2519834676: driver: - name =
2026-06-19 00:58:15,635 - MainProcess[log-interceptor-2519834676]- selenium_firefox     - DEBUG   : BROWSER 2519834676: driver: - result = 2152071198
2026-06-19 00:58:15,636 - MainProcess[log-interceptor-2519834676]- selenium_firefox     - DEBUG   : BROWSER 2519834676: driver: - stack = open@resource://gre/modules/ServiceRequest.sys.mjs:126:11|fetch/<@resource://services-settings/Utils.sys.mjs:273:15|fetch@resource://services-settings/Utils.sys.mjs:224:12|_fetchAttachment@resource://services-settings/Attachments.sys.mjs:560:35|downloadAsBytes@resource://services-settings/Attachments.sys.mjs:537:35|observe@resource://gre/modules/AsyncShutdown.sys.mjs:570:17|
2026-06-19 00:58:15,637 - MainProcess[log-interceptor-2519834676]- selenium_firefox     - DEBUG   : BROWSER 2519834676: driver: - prototype Object
2026-06-19 00:58:15,637 - MainProcess[log-interceptor-2519834676]- selenium_firefox     - DEBUG   : BROWSER 2519834676: driver: console.error: RemoteSecuritySettings:
2026-06-19 00:58:15,638 - MainProcess[log-interceptor-2519834676]- selenium_firefox     - DEBUG   : BROWSER 2519834676: driver: failed to download CRLite filter
2026-06-19 00:58:15,639 - MainProcess[log-interceptor-2519834676]- selenium_firefox     - DEBUG   : BROWSER 2519834676: driver: Object
2026-06-19 00:58:15,640 - MainProcess[log-interceptor-2519834676]- selenium_firefox     - DEBUG   : BROWSER 2519834676: driver: - prototype Object
2026-06-19 00:58:15,640 - MainProcess[log-interceptor-2519834676]- selenium_firefox     - DEBUG   : BROWSER 2519834676: driver: - columnNumber = 11
2026-06-19 00:58:15,640 - MainProcess[log-interceptor-2519834676]- selenium_firefox     - DEBUG   : BROWSER 2519834676: driver: - data = null
2026-06-19 00:58:15,641 - MainProcess[log-interceptor-2519834676]- selenium_firefox     - DEBUG   : BROWSER 2519834676: driver: - filename = resource://gre/modules/ServiceRequest.sys.mjs
2026-06-19 00:58:15,641 - MainProcess[log-interceptor-2519834676]- selenium_firefox     - DEBUG   : BROWSER 2519834676: driver: - lineNumber = 126
2026-06-19 00:58:15,642 - MainProcess[log-interceptor-2519834676]- selenium_firefox     - DEBUG   : BROWSER 2519834676: driver: - location = {"name":"open","filename":"resource://gre/modules/ServiceRequest.sys.mjs","sourceId":25,"lineNumber":126,"columnNumber":11,"asyncCause":null,"asyncCaller":null,"caller":{"filename":"resource://services-settings/Utils.sys.mjs","name":"fetch/<","sourceId":24,"lineNumber":273,"columnNumber":15,"asyncCause":null,"asyncCaller":null,"caller":{"filename":"resource://services-settings/Utils.sys.mjs","name":"fetch","sourceId":24,"lineNumber":224,"columnNumber":12,"asyncCause":null,"asyncCaller":null,"caller":{"filename":"resource://services-settings/Attachments.sys.mjs","name":"_fetchAttachment","sourceId":23,"lineNumber":560,"columnNumber":35,"asyncCause":null,"asyncCaller":null,"caller":{"filename":"resource://services-settings/Attachments.sys.mjs","name":"downloadAsBytes","sourceId":23,"lineNumber":537,"columnNumber":35,"asyncCause":null,"asyncCaller":null,"caller":{"filename":"resource://gre/modules/AsyncShutdown.sys.mjs","name":"observe","sourceId":15,"lineNumber":570,"columnNumber":17,"asyncCause":null,"asyncCaller":null,"caller":null,"formattedStack":"observe@resource://gre/modules/AsyncShutdown.sys.mjs:570:17\n","nativeSavedFrame":{}},"formattedStack":"downloadAsBytes@resource://services-settings/Attachments.sys.mjs:537:35\nobserve@resource://gre/modules/AsyncShutdown.sys.mjs:570:17\n","nativeSavedFrame":{}},"formattedStack":"_fetchAttachment@resource://services-settings/Attachments.sys.mjs:560:35\ndownloadAsBytes@resource://services-settings/Attachments.sys.mjs:537:35\nobserve@resource://gre/modules/AsyncShutdown.sys.mjs:570:17\n","nativeSavedFrame":{}},"formattedStack":"fetch@resource://services-settings/Utils.sys.mjs:224:12\n_fetchAttachment@resource://services-settings/Attachments.sys.mjs:560:35\ndownloadAsBytes@resource://services-settings/Attachments.sys.mjs:537:35\nobserve@resource://gre/modules/AsyncShutdown.sys.mjs:570:17\n","nativeSavedFrame":{}},"formattedStack":"fetch/<@resource://services-settings/Utils.sys.mjs:273:15\nfetch@resource://services-settings/Utils.sys.mjs:224:12\n_fetchAttachment@resource://services-settings/Attachments.sys.mjs:560:35\ndownloadAsBytes@resource://services-settings/Attachments.sys.mjs:537:35\nobserve@resource://gre/modules/AsyncShutdown.sys.mjs:570:17\n","nativeSavedFrame":{}},"formattedStack":"open@resource://gre/modules/ServiceRequest.sys.mjs:126:11\nfetch/<@resource://services-settings/Utils.sys.mjs:273:15\nfetch@resource://services-settings/Utils.sys.mjs:224:12\n_fetchAttachment@resource://services-settings/Attachments.sys.mjs:560:35\ndownloadAsBytes@resource://services-settings/Attachments.sys.mjs:537:35\nobserve@resource://gre/modules/AsyncShutdown.sys.mjs:570:17\n","nativeSavedFrame":{}}
2026-06-19 00:58:15,642 - MainProcess[log-interceptor-2519834676]- selenium_firefox     - DEBUG   : BROWSER 2519834676: driver: - message =
2026-06-19 00:58:15,642 - MainProcess[log-interceptor-2519834676]- selenium_firefox     - DEBUG   : BROWSER 2519834676: driver: - name =
2026-06-19 00:58:15,643 - MainProcess[log-interceptor-2519834676]- selenium_firefox     - DEBUG   : BROWSER 2519834676: driver: - result = 2152071198
2026-06-19 00:58:15,643 - MainProcess[log-interceptor-2519834676]- selenium_firefox     - DEBUG   : BROWSER 2519834676: driver: - stack = open@resource://gre/modules/ServiceRequest.sys.mjs:126:11|fetch/<@resource://services-settings/Utils.sys.mjs:273:15|fetch@resource://services-settings/Utils.sys.mjs:224:12|_fetchAttachment@resource://services-settings/Attachments.sys.mjs:560:35|downloadAsBytes@resource://services-settings/Attachments.sys.mjs:537:35|observe@resource://gre/modules/AsyncShutdown.sys.mjs:570:17|
2026-06-19 00:58:15,643 - MainProcess[log-interceptor-2519834676]- selenium_firefox     - DEBUG   : BROWSER 2519834676: driver: - prototype Object
2026-06-19 00:58:15,644 - MainProcess[log-interceptor-2519834676]- selenium_firefox     - DEBUG   : BROWSER 2519834676: driver: console.error: RemoteSecuritySettings:
2026-06-19 00:58:15,644 - MainProcess[log-interceptor-2519834676]- selenium_firefox     - DEBUG   : BROWSER 2519834676: driver: failed to download CRLite filter
2026-06-19 00:58:15,644 - MainProcess[log-interceptor-2519834676]- selenium_firefox     - DEBUG   : BROWSER 2519834676: driver: Object
2026-06-19 00:58:15,645 - MainProcess[log-interceptor-2519834676]- selenium_firefox     - DEBUG   : BROWSER 2519834676: driver: - prototype Object
2026-06-19 00:58:15,645 - MainProcess[log-interceptor-2519834676]- selenium_firefox     - DEBUG   : BROWSER 2519834676: driver: - columnNumber = 11
2026-06-19 00:58:15,645 - MainProcess[log-interceptor-2519834676]- selenium_firefox     - DEBUG   : BROWSER 2519834676: driver: - data = null
2026-06-19 00:58:15,646 - MainProcess[log-interceptor-2519834676]- selenium_firefox     - DEBUG   : BROWSER 2519834676: driver: - filename = resource://gre/modules/ServiceRequest.sys.mjs
2026-06-19 00:58:15,646 - MainProcess[log-interceptor-2519834676]- selenium_firefox     - DEBUG   : BROWSER 2519834676: driver: - lineNumber = 126
2026-06-19 00:58:15,647 - MainProcess[log-interceptor-2519834676]- selenium_firefox     - DEBUG   : BROWSER 2519834676: driver: - location = {"name":"open","filename":"resource://gre/modules/ServiceRequest.sys.mjs","sourceId":25,"lineNumber":126,"columnNumber":11,"asyncCause":null,"asyncCaller":null,"caller":{"filename":"resource://services-settings/Utils.sys.mjs","name":"fetch/<","sourceId":24,"lineNumber":273,"columnNumber":15,"asyncCause":null,"asyncCaller":null,"caller":{"filename":"resource://services-settings/Utils.sys.mjs","name":"fetch","sourceId":24,"lineNumber":224,"columnNumber":12,"asyncCause":null,"asyncCaller":null,"caller":{"filename":"resource://services-settings/Attachments.sys.mjs","name":"_fetchAttachment","sourceId":23,"lineNumber":560,"columnNumber":35,"asyncCause":null,"asyncCaller":null,"caller":{"filename":"resource://services-settings/Attachments.sys.mjs","name":"downloadAsBytes","sourceId":23,"lineNumber":537,"columnNumber":35,"asyncCause":null,"asyncCaller":null,"caller":{"filename":"resource://gre/modules/AsyncShutdown.sys.mjs","name":"observe","sourceId":15,"lineNumber":570,"columnNumber":17,"asyncCause":null,"asyncCaller":null,"caller":null,"formattedStack":"observe@resource://gre/modules/AsyncShutdown.sys.mjs:570:17\n","nativeSavedFrame":{}},"formattedStack":"downloadAsBytes@resource://services-settings/Attachments.sys.mjs:537:35\nobserve@resource://gre/modules/AsyncShutdown.sys.mjs:570:17\n","nativeSavedFrame":{}},"formattedStack":"_fetchAttachment@resource://services-settings/Attachments.sys.mjs:560:35\ndownloadAsBytes@resource://services-settings/Attachments.sys.mjs:537:35\nobserve@resource://gre/modules/AsyncShutdown.sys.mjs:570:17\n","nativeSavedFrame":{}},"formattedStack":"fetch@resource://services-settings/Utils.sys.mjs:224:12\n_fetchAttachment@resource://services-settings/Attachments.sys.mjs:560:35\ndownloadAsBytes@resource://services-settings/Attachments.sys.mjs:537:35\nobserve@resource://gre/modules/AsyncShutdown.sys.mjs:570:17\n","nativeSavedFrame":{}},"formattedStack":"fetch/<@resource://services-settings/Utils.sys.mjs:273:15\nfetch@resource://services-settings/Utils.sys.mjs:224:12\n_fetchAttachment@resource://services-settings/Attachments.sys.mjs:560:35\ndownloadAsBytes@resource://services-settings/Attachments.sys.mjs:537:35\nobserve@resource://gre/modules/AsyncShutdown.sys.mjs:570:17\n","nativeSavedFrame":{}},"formattedStack":"open@resource://gre/modules/ServiceRequest.sys.mjs:126:11\nfetch/<@resource://services-settings/Utils.sys.mjs:273:15\nfetch@resource://services-settings/Utils.sys.mjs:224:12\n_fetchAttachment@resource://services-settings/Attachments.sys.mjs:560:35\ndownloadAsBytes@resource://services-settings/Attachments.sys.mjs:537:35\nobserve@resource://gre/modules/AsyncShutdown.sys.mjs:570:17\n","nativeSavedFrame":{}}
2026-06-19 00:58:15,649 - MainProcess[log-interceptor-2519834676]- selenium_firefox     - DEBUG   : BROWSER 2519834676: driver: - message =
2026-06-19 00:58:15,650 - MainProcess[log-interceptor-2519834676]- selenium_firefox     - DEBUG   : BROWSER 2519834676: driver: - name =
2026-06-19 00:58:15,650 - MainProcess[log-interceptor-2519834676]- selenium_firefox     - DEBUG   : BROWSER 2519834676: driver: - result = 2152071198
2026-06-19 00:58:15,650 - MainProcess[log-interceptor-2519834676]- selenium_firefox     - DEBUG   : BROWSER 2519834676: driver: - stack = open@resource://gre/modules/ServiceRequest.sys.mjs:126:11|fetch/<@resource://services-settings/Utils.sys.mjs:273:15|fetch@resource://services-settings/Utils.sys.mjs:224:12|_fetchAttachment@resource://services-settings/Attachments.sys.mjs:560:35|downloadAsBytes@resource://services-settings/Attachments.sys.mjs:537:35|observe@resource://gre/modules/AsyncShutdown.sys.mjs:570:17|
2026-06-19 00:58:15,651 - MainProcess[log-interceptor-2519834676]- selenium_firefox     - DEBUG   : BROWSER 2519834676: driver: - prototype Object
2026-06-19 00:58:15,651 - MainProcess[log-interceptor-2519834676]- selenium_firefox     - DEBUG   : BROWSER 2519834676: driver: console.error: RemoteSecuritySettings:
2026-06-19 00:58:15,652 - MainProcess[log-interceptor-2519834676]- selenium_firefox     - DEBUG   : BROWSER 2519834676: driver: failed to download CRLite filter
2026-06-19 00:58:15,652 - MainProcess[log-interceptor-2519834676]- selenium_firefox     - DEBUG   : BROWSER 2519834676: driver: Object
2026-06-19 00:58:15,654 - MainProcess[log-interceptor-2519834676]- selenium_firefox     - DEBUG   : BROWSER 2519834676: driver: - prototype Object
2026-06-19 00:58:15,654 - MainProcess[log-interceptor-2519834676]- selenium_firefox     - DEBUG   : BROWSER 2519834676: driver: - columnNumber = 11
2026-06-19 00:58:15,655 - MainProcess[log-interceptor-2519834676]- selenium_firefox     - DEBUG   : BROWSER 2519834676: driver: - data = null
2026-06-19 00:58:15,655 - MainProcess[log-interceptor-2519834676]- selenium_firefox     - DEBUG   : BROWSER 2519834676: driver: - filename = resource://gre/modules/ServiceRequest.sys.mjs
2026-06-19 00:58:15,655 - MainProcess[log-interceptor-2519834676]- selenium_firefox     - DEBUG   : BROWSER 2519834676: driver: - lineNumber = 126
2026-06-19 00:58:15,656 - MainProcess[log-interceptor-2519834676]- selenium_firefox     - DEBUG   : BROWSER 2519834676: driver: - location = {"name":"open","filename":"resource://gre/modules/ServiceRequest.sys.mjs","sourceId":25,"lineNumber":126,"columnNumber":11,"asyncCause":null,"asyncCaller":null,"caller":{"filename":"resource://services-settings/Utils.sys.mjs","name":"fetch/<","sourceId":24,"lineNumber":273,"columnNumber":15,"asyncCause":null,"asyncCaller":null,"caller":{"filename":"resource://services-settings/Utils.sys.mjs","name":"fetch","sourceId":24,"lineNumber":224,"columnNumber":12,"asyncCause":null,"asyncCaller":null,"caller":{"filename":"resource://services-settings/Attachments.sys.mjs","name":"_fetchAttachment","sourceId":23,"lineNumber":560,"columnNumber":35,"asyncCause":null,"asyncCaller":null,"caller":{"filename":"resource://services-settings/Attachments.sys.mjs","name":"downloadAsBytes","sourceId":23,"lineNumber":537,"columnNumber":35,"asyncCause":null,"asyncCaller":null,"caller":{"filename":"resource://gre/modules/AsyncShutdown.sys.mjs","name":"observe","sourceId":15,"lineNumber":570,"columnNumber":17,"asyncCause":null,"asyncCaller":null,"caller":null,"formattedStack":"observe@resource://gre/modules/AsyncShutdown.sys.mjs:570:17\n","nativeSavedFrame":{}},"formattedStack":"downloadAsBytes@resource://services-settings/Attachments.sys.mjs:537:35\nobserve@resource://gre/modules/AsyncShutdown.sys.mjs:570:17\n","nativeSavedFrame":{}},"formattedStack":"_fetchAttachment@resource://services-settings/Attachments.sys.mjs:560:35\ndownloadAsBytes@resource://services-settings/Attachments.sys.mjs:537:35\nobserve@resource://gre/modules/AsyncShutdown.sys.mjs:570:17\n","nativeSavedFrame":{}},"formattedStack":"fetch@resource://services-settings/Utils.sys.mjs:224:12\n_fetchAttachment@resource://services-settings/Attachments.sys.mjs:560:35\ndownloadAsBytes@resource://services-settings/Attachments.sys.mjs:537:35\nobserve@resource://gre/modules/AsyncShutdown.sys.mjs:570:17\n","nativeSavedFrame":{}},"formattedStack":"fetch/<@resource://services-settings/Utils.sys.mjs:273:15\nfetch@resource://services-settings/Utils.sys.mjs:224:12\n_fetchAttachment@resource://services-settings/Attachments.sys.mjs:560:35\ndownloadAsBytes@resource://services-settings/Attachments.sys.mjs:537:35\nobserve@resource://gre/modules/AsyncShutdown.sys.mjs:570:17\n","nativeSavedFrame":{}},"formattedStack":"open@resource://gre/modules/ServiceRequest.sys.mjs:126:11\nfetch/<@resource://services-settings/Utils.sys.mjs:273:15\nfetch@resource://services-settings/Utils.sys.mjs:224:12\n_fetchAttachment@resource://services-settings/Attachments.sys.mjs:560:35\ndownloadAsBytes@resource://services-settings/Attachments.sys.mjs:537:35\nobserve@resource://gre/modules/AsyncShutdown.sys.mjs:570:17\n","nativeSavedFrame":{}}
2026-06-19 00:58:15,658 - MainProcess[log-interceptor-2519834676]- selenium_firefox     - DEBUG   : BROWSER 2519834676: driver: - message =
2026-06-19 00:58:15,659 - MainProcess[log-interceptor-2519834676]- selenium_firefox     - DEBUG   : BROWSER 2519834676: driver: - name =
2026-06-19 00:58:15,659 - MainProcess[log-interceptor-2519834676]- selenium_firefox     - DEBUG   : BROWSER 2519834676: driver: - result = 2152071198
2026-06-19 00:58:15,659 - MainProcess[log-interceptor-2519834676]- selenium_firefox     - DEBUG   : BROWSER 2519834676: driver: - stack = open@resource://gre/modules/ServiceRequest.sys.mjs:126:11|fetch/<@resource://services-settings/Utils.sys.mjs:273:15|fetch@resource://services-settings/Utils.sys.mjs:224:12|_fetchAttachment@resource://services-settings/Attachments.sys.mjs:560:35|downloadAsBytes@resource://services-settings/Attachments.sys.mjs:537:35|observe@resource://gre/modules/AsyncShutdown.sys.mjs:570:17|
2026-06-19 00:58:15,660 - MainProcess[log-interceptor-2519834676]- selenium_firefox     - DEBUG   : BROWSER 2519834676: driver: - prototype Object
2026-06-19 00:58:15,660 - MainProcess[log-interceptor-2519834676]- selenium_firefox     - DEBUG   : BROWSER 2519834676: driver: console.error: RemoteSecuritySettings:
2026-06-19 00:58:15,661 - MainProcess[log-interceptor-2519834676]- selenium_firefox     - DEBUG   : BROWSER 2519834676: driver: failed to download CRLite filter
2026-06-19 00:58:15,661 - MainProcess[log-interceptor-2519834676]- selenium_firefox     - DEBUG   : BROWSER 2519834676: driver: Object
2026-06-19 00:58:15,661 - MainProcess[log-interceptor-2519834676]- selenium_firefox     - DEBUG   : BROWSER 2519834676: driver: - prototype Object
2026-06-19 00:58:15,662 - MainProcess[log-interceptor-2519834676]- selenium_firefox     - DEBUG   : BROWSER 2519834676: driver: - columnNumber = 11
2026-06-19 00:58:15,665 - MainProcess[log-interceptor-2519834676]- selenium_firefox     - DEBUG   : BROWSER 2519834676: driver: - data = null
2026-06-19 00:58:15,666 - MainProcess[log-interceptor-2519834676]- selenium_firefox     - DEBUG   : BROWSER 2519834676: driver: - filename = resource://gre/modules/ServiceRequest.sys.mjs
2026-06-19 00:58:15,667 - MainProcess[log-interceptor-2519834676]- selenium_firefox     - DEBUG   : BROWSER 2519834676: driver: - lineNumber = 126
2026-06-19 00:58:15,667 - MainProcess[log-interceptor-2519834676]- selenium_firefox     - DEBUG   : BROWSER 2519834676: driver: - location = {"name":"open","filename":"resource://gre/modules/ServiceRequest.sys.mjs","sourceId":25,"lineNumber":126,"columnNumber":11,"asyncCause":null,"asyncCaller":null,"caller":{"filename":"resource://services-settings/Utils.sys.mjs","name":"fetch/<","sourceId":24,"lineNumber":273,"columnNumber":15,"asyncCause":null,"asyncCaller":null,"caller":{"filename":"resource://services-settings/Utils.sys.mjs","name":"fetch","sourceId":24,"lineNumber":224,"columnNumber":12,"asyncCause":null,"asyncCaller":null,"caller":{"filename":"resource://services-settings/Attachments.sys.mjs","name":"_fetchAttachment","sourceId":23,"lineNumber":560,"columnNumber":35,"asyncCause":null,"asyncCaller":null,"caller":{"filename":"resource://services-settings/Attachments.sys.mjs","name":"downloadAsBytes","sourceId":23,"lineNumber":537,"columnNumber":35,"asyncCause":null,"asyncCaller":null,"caller":{"filename":"resource://gre/modules/AsyncShutdown.sys.mjs","name":"observe","sourceId":15,"lineNumber":570,"columnNumber":17,"asyncCause":null,"asyncCaller":null,"caller":null,"formattedStack":"observe@resource://gre/modules/AsyncShutdown.sys.mjs:570:17\n","nativeSavedFrame":{}},"formattedStack":"downloadAsBytes@resource://services-settings/Attachments.sys.mjs:537:35\nobserve@resource://gre/modules/AsyncShutdown.sys.mjs:570:17\n","nativeSavedFrame":{}},"formattedStack":"_fetchAttachment@resource://services-settings/Attachments.sys.mjs:560:35\ndownloadAsBytes@resource://services-settings/Attachments.sys.mjs:537:35\nobserve@resource://gre/modules/AsyncShutdown.sys.mjs:570:17\n","nativeSavedFrame":{}},"formattedStack":"fetch@resource://services-settings/Utils.sys.mjs:224:12\n_fetchAttachment@resource://services-settings/Attachments.sys.mjs:560:35\ndownloadAsBytes@resource://services-settings/Attachments.sys.mjs:537:35\nobserve@resource://gre/modules/AsyncShutdown.sys.mjs:570:17\n","nativeSavedFrame":{}},"formattedStack":"fetch/<@resource://services-settings/Utils.sys.mjs:273:15\nfetch@resource://services-settings/Utils.sys.mjs:224:12\n_fetchAttachment@resource://services-settings/Attachments.sys.mjs:560:35\ndownloadAsBytes@resource://services-settings/Attachments.sys.mjs:537:35\nobserve@resource://gre/modules/AsyncShutdown.sys.mjs:570:17\n","nativeSavedFrame":{}},"formattedStack":"open@resource://gre/modules/ServiceRequest.sys.mjs:126:11\nfetch/<@resource://services-settings/Utils.sys.mjs:273:15\nfetch@resource://services-settings/Utils.sys.mjs:224:12\n_fetchAttachment@resource://services-settings/Attachments.sys.mjs:560:35\ndownloadAsBytes@resource://services-settings/Attachments.sys.mjs:537:35\nobserve@resource://gre/modules/AsyncShutdown.sys.mjs:570:17\n","nativeSavedFrame":{}}
2026-06-19 00:58:15,668 - MainProcess[log-interceptor-2519834676]- selenium_firefox     - DEBUG   : BROWSER 2519834676: driver: - message =
2026-06-19 00:58:15,668 - MainProcess[log-interceptor-2519834676]- selenium_firefox     - DEBUG   : BROWSER 2519834676: driver: - name =
2026-06-19 00:58:15,668 - MainProcess[log-interceptor-2519834676]- selenium_firefox     - DEBUG   : BROWSER 2519834676: driver: - result = 2152071198
2026-06-19 00:58:15,668 - MainProcess[log-interceptor-2519834676]- selenium_firefox     - DEBUG   : BROWSER 2519834676: driver: - stack = open@resource://gre/modules/ServiceRequest.sys.mjs:126:11|fetch/<@resource://services-settings/Utils.sys.mjs:273:15|fetch@resource://services-settings/Utils.sys.mjs:224:12|_fetchAttachment@resource://services-settings/Attachments.sys.mjs:560:35|downloadAsBytes@resource://services-settings/Attachments.sys.mjs:537:35|observe@resource://gre/modules/AsyncShutdown.sys.mjs:570:17|
2026-06-19 00:58:15,669 - MainProcess[log-interceptor-2519834676]- selenium_firefox     - DEBUG   : BROWSER 2519834676: driver: - prototype Object
2026-06-19 00:58:15,669 - MainProcess[log-interceptor-2519834676]- selenium_firefox     - DEBUG   : BROWSER 2519834676: driver: console.error: RemoteSecuritySettings:
2026-06-19 00:58:15,670 - MainProcess[log-interceptor-2519834676]- selenium_firefox     - DEBUG   : BROWSER 2519834676: driver: failed to download CRLite filter
2026-06-19 00:58:15,670 - MainProcess[log-interceptor-2519834676]- selenium_firefox     - DEBUG   : BROWSER 2519834676: driver: Object
2026-06-19 00:58:15,670 - MainProcess[log-interceptor-2519834676]- selenium_firefox     - DEBUG   : BROWSER 2519834676: driver: - prototype Object
2026-06-19 00:58:15,671 - MainProcess[log-interceptor-2519834676]- selenium_firefox     - DEBUG   : BROWSER 2519834676: driver: - columnNumber = 11
2026-06-19 00:58:15,671 - MainProcess[log-interceptor-2519834676]- selenium_firefox     - DEBUG   : BROWSER 2519834676: driver: - data = null
2026-06-19 00:58:15,672 - MainProcess[log-interceptor-2519834676]- selenium_firefox     - DEBUG   : BROWSER 2519834676: driver: - filename = resource://gre/modules/ServiceRequest.sys.mjs
2026-06-19 00:58:15,672 - MainProcess[log-interceptor-2519834676]- selenium_firefox     - DEBUG   : BROWSER 2519834676: driver: - lineNumber = 126
2026-06-19 00:58:15,739 - MainProcess[log-interceptor-2519834676]- selenium_firefox     - DEBUG   : BROWSER 2519834676: driver: - location = {"name":"open","filename":"resource://gre/modules/ServiceRequest.sys.mjs","sourceId":25,"lineNumber":126,"columnNumber":11,"asyncCause":null,"asyncCaller":null,"caller":{"filename":"resource://services-settings/Utils.sys.mjs","name":"fetch/<","sourceId":24,"lineNumber":273,"columnNumber":15,"asyncCause":null,"asyncCaller":null,"caller":{"filename":"resource://services-settings/Utils.sys.mjs","name":"fetch","sourceId":24,"lineNumber":224,"columnNumber":12,"asyncCause":null,"asyncCaller":null,"caller":{"filename":"resource://services-settings/Attachments.sys.mjs","name":"_fetchAttachment","sourceId":23,"lineNumber":560,"columnNumber":35,"asyncCause":null,"asyncCaller":null,"caller":{"filename":"resource://services-settings/Attachments.sys.mjs","name":"downloadAsBytes","sourceId":23,"lineNumber":537,"columnNumber":35,"asyncCause":null,"asyncCaller":null,"caller":{"filename":"resource://gre/modules/AsyncShutdown.sys.mjs","name":"observe","sourceId":15,"lineNumber":570,"columnNumber":17,"asyncCause":null,"asyncCaller":null,"caller":null,"formattedStack":"observe@resource://gre/modules/AsyncShutdown.sys.mjs:570:17\n","nativeSavedFrame":{}},"formattedStack":"downloadAsBytes@resource://services-settings/Attachments.sys.mjs:537:35\nobserve@resource://gre/modules/AsyncShutdown.sys.mjs:570:17\n","nativeSavedFrame":{}},"formattedStack":"_fetchAttachment@resource://services-settings/Attachments.sys.mjs:560:35\ndownloadAsBytes@resource://services-settings/Attachments.sys.mjs:537:35\nobserve@resource://gre/modules/AsyncShutdown.sys.mjs:570:17\n","nativeSavedFrame":{}},"formattedStack":"fetch@resource://services-settings/Utils.sys.mjs:224:12\n_fetchAttachment@resource://services-settings/Attachments.sys.mjs:560:35\ndownloadAsBytes@resource://services-settings/Attachments.sys.mjs:537:35\nobserve@resource://gre/modules/AsyncShutdown.sys.mjs:570:17\n","nativeSavedFrame":{}},"formattedStack":"fetch/<@resource://services-settings/Utils.sys.mjs:273:15\nfetch@resource://services-settings/Utils.sys.mjs:224:12\n_fetchAttachment@resource://services-settings/Attachments.sys.mjs:560:35\ndownloadAsBytes@resource://services-settings/Attachments.sys.mjs:537:35\nobserve@resource://gre/modules/AsyncShutdown.sys.mjs:570:17\n","nativeSavedFrame":{}},"formattedStack":"open@resource://gre/modules/ServiceRequest.sys.mjs:126:11\nfetch/<@resource://services-settings/Utils.sys.mjs:273:15\nfetch@resource://services-settings/Utils.sys.mjs:224:12\n_fetchAttachment@resource://services-settings/Attachments.sys.mjs:560:35\ndownloadAsBytes@resource://services-settings/Attachments.sys.mjs:537:35\nobserve@resource://gre/modules/AsyncShutdown.sys.mjs:570:17\n","nativeSavedFrame":{}}
2026-06-19 00:58:15,740 - MainProcess[log-interceptor-2519834676]- selenium_firefox     - DEBUG   : BROWSER 2519834676: driver: - message =
2026-06-19 00:58:15,740 - MainProcess[log-interceptor-2519834676]- selenium_firefox     - DEBUG   : BROWSER 2519834676: driver: - name =
2026-06-19 00:58:15,740 - MainProcess[log-interceptor-2519834676]- selenium_firefox     - DEBUG   : BROWSER 2519834676: driver: - result = 2152071198
2026-06-19 00:58:15,741 - MainProcess[log-interceptor-2519834676]- selenium_firefox     - DEBUG   : BROWSER 2519834676: driver: - stack = open@resource://gre/modules/ServiceRequest.sys.mjs:126:11|fetch/<@resource://services-settings/Utils.sys.mjs:273:15|fetch@resource://services-settings/Utils.sys.mjs:224:12|_fetchAttachment@resource://services-settings/Attachments.sys.mjs:560:35|downloadAsBytes@resource://services-settings/Attachments.sys.mjs:537:35|observe@resource://gre/modules/AsyncShutdown.sys.mjs:570:17|
2026-06-19 00:58:15,741 - MainProcess[log-interceptor-2519834676]- selenium_firefox     - DEBUG   : BROWSER 2519834676: driver: - prototype Object
2026-06-19 00:58:15,741 - MainProcess[log-interceptor-2519834676]- selenium_firefox     - DEBUG   : BROWSER 2519834676: driver: console.error: RemoteSecuritySettings:
2026-06-19 00:58:15,742 - MainProcess[log-interceptor-2519834676]- selenium_firefox     - DEBUG   : BROWSER 2519834676: driver: failed to download CRLite filter
2026-06-19 00:58:15,744 - MainProcess[log-interceptor-2519834676]- selenium_firefox     - DEBUG   : BROWSER 2519834676: driver: Object
2026-06-19 00:58:15,744 - MainProcess[log-interceptor-2519834676]- selenium_firefox     - DEBUG   : BROWSER 2519834676: driver: - prototype Object
2026-06-19 00:58:15,744 - MainProcess[log-interceptor-2519834676]- selenium_firefox     - DEBUG   : BROWSER 2519834676: driver: - columnNumber = 11
2026-06-19 00:58:15,745 - MainProcess[log-interceptor-2519834676]- selenium_firefox     - DEBUG   : BROWSER 2519834676: driver: - data = null
2026-06-19 00:58:15,746 - MainProcess[log-interceptor-2519834676]- selenium_firefox     - DEBUG   : BROWSER 2519834676: driver: - filename = resource://gre/modules/ServiceRequest.sys.mjs
2026-06-19 00:58:15,746 - MainProcess[log-interceptor-2519834676]- selenium_firefox     - DEBUG   : BROWSER 2519834676: driver: - lineNumber = 126
2026-06-19 00:58:15,747 - MainProcess[log-interceptor-2519834676]- selenium_firefox     - DEBUG   : BROWSER 2519834676: driver: - location = {"name":"open","filename":"resource://gre/modules/ServiceRequest.sys.mjs","sourceId":25,"lineNumber":126,"columnNumber":11,"asyncCause":null,"asyncCaller":null,"caller":{"filename":"resource://services-settings/Utils.sys.mjs","name":"fetch/<","sourceId":24,"lineNumber":273,"columnNumber":15,"asyncCause":null,"asyncCaller":null,"caller":{"filename":"resource://services-settings/Utils.sys.mjs","name":"fetch","sourceId":24,"lineNumber":224,"columnNumber":12,"asyncCause":null,"asyncCaller":null,"caller":{"filename":"resource://services-settings/Attachments.sys.mjs","name":"_fetchAttachment","sourceId":23,"lineNumber":560,"columnNumber":35,"asyncCause":null,"asyncCaller":null,"caller":{"filename":"resource://services-settings/Attachments.sys.mjs","name":"downloadAsBytes","sourceId":23,"lineNumber":537,"columnNumber":35,"asyncCause":null,"asyncCaller":null,"caller":{"filename":"resource://gre/modules/AsyncShutdown.sys.mjs","name":"observe","sourceId":15,"lineNumber":570,"columnNumber":17,"asyncCause":null,"asyncCaller":null,"caller":null,"formattedStack":"observe@resource://gre/modules/AsyncShutdown.sys.mjs:570:17\n","nativeSavedFrame":{}},"formattedStack":"downloadAsBytes@resource://services-settings/Attachments.sys.mjs:537:35\nobserve@resource://gre/modules/AsyncShutdown.sys.mjs:570:17\n","nativeSavedFrame":{}},"formattedStack":"_fetchAttachment@resource://services-settings/Attachments.sys.mjs:560:35\ndownloadAsBytes@resource://services-settings/Attachments.sys.mjs:537:35\nobserve@resource://gre/modules/AsyncShutdown.sys.mjs:570:17\n","nativeSavedFrame":{}},"formattedStack":"fetch@resource://services-settings/Utils.sys.mjs:224:12\n_fetchAttachment@resource://services-settings/Attachments.sys.mjs:560:35\ndownloadAsBytes@resource://services-settings/Attachments.sys.mjs:537:35\nobserve@resource://gre/modules/AsyncShutdown.sys.mjs:570:17\n","nativeSavedFrame":{}},"formattedStack":"fetch/<@resource://services-settings/Utils.sys.mjs:273:15\nfetch@resource://services-settings/Utils.sys.mjs:224:12\n_fetchAttachment@resource://services-settings/Attachments.sys.mjs:560:35\ndownloadAsBytes@resource://services-settings/Attachments.sys.mjs:537:35\nobserve@resource://gre/modules/AsyncShutdown.sys.mjs:570:17\n","nativeSavedFrame":{}},"formattedStack":"open@resource://gre/modules/ServiceRequest.sys.mjs:126:11\nfetch/<@resource://services-settings/Utils.sys.mjs:273:15\nfetch@resource://services-settings/Utils.sys.mjs:224:12\n_fetchAttachment@resource://services-settings/Attachments.sys.mjs:560:35\ndownloadAsBytes@resource://services-settings/Attachments.sys.mjs:537:35\nobserve@resource://gre/modules/AsyncShutdown.sys.mjs:570:17\n","nativeSavedFrame":{}}
2026-06-19 00:58:15,747 - MainProcess[log-interceptor-2519834676]- selenium_firefox     - DEBUG   : BROWSER 2519834676: driver: - message =
2026-06-19 00:58:15,748 - MainProcess[log-interceptor-2519834676]- selenium_firefox     - DEBUG   : BROWSER 2519834676: driver: - name =
2026-06-19 00:58:15,748 - MainProcess[log-interceptor-2519834676]- selenium_firefox     - DEBUG   : BROWSER 2519834676: driver: - result = 2152071198
2026-06-19 00:58:15,751 - MainProcess[log-interceptor-2519834676]- selenium_firefox     - DEBUG   : BROWSER 2519834676: driver: - stack = open@resource://gre/modules/ServiceRequest.sys.mjs:126:11|fetch/<@resource://services-settings/Utils.sys.mjs:273:15|fetch@resource://services-settings/Utils.sys.mjs:224:12|_fetchAttachment@resource://services-settings/Attachments.sys.mjs:560:35|downloadAsBytes@resource://services-settings/Attachments.sys.mjs:537:35|observe@resource://gre/modules/AsyncShutdown.sys.mjs:570:17|
2026-06-19 00:58:15,752 - MainProcess[log-interceptor-2519834676]- selenium_firefox     - DEBUG   : BROWSER 2519834676: driver: - prototype Object
2026-06-19 00:58:15,752 - MainProcess[log-interceptor-2519834676]- selenium_firefox     - DEBUG   : BROWSER 2519834676: driver: console.error: RemoteSecuritySettings:
2026-06-19 00:58:15,753 - MainProcess[log-interceptor-2519834676]- selenium_firefox     - DEBUG   : BROWSER 2519834676: driver: failed to download CRLite filter
2026-06-19 00:58:15,753 - MainProcess[log-interceptor-2519834676]- selenium_firefox     - DEBUG   : BROWSER 2519834676: driver: Object
2026-06-19 00:58:15,755 - MainProcess[log-interceptor-2519834676]- selenium_firefox     - DEBUG   : BROWSER 2519834676: driver: - prototype Object
2026-06-19 00:58:15,757 - MainProcess[log-interceptor-2519834676]- selenium_firefox     - DEBUG   : BROWSER 2519834676: driver: - columnNumber = 11
2026-06-19 00:58:15,758 - MainProcess[log-interceptor-2519834676]- selenium_firefox     - DEBUG   : BROWSER 2519834676: driver: - data = null
2026-06-19 00:58:15,759 - MainProcess[log-interceptor-2519834676]- selenium_firefox     - DEBUG   : BROWSER 2519834676: driver: - filename = resource://gre/modules/ServiceRequest.sys.mjs
2026-06-19 00:58:15,760 - MainProcess[log-interceptor-2519834676]- selenium_firefox     - DEBUG   : BROWSER 2519834676: driver: - lineNumber = 126
2026-06-19 00:58:15,762 - MainProcess[log-interceptor-2519834676]- selenium_firefox     - DEBUG   : BROWSER 2519834676: driver: - location = {"name":"open","filename":"resource://gre/modules/ServiceRequest.sys.mjs","sourceId":25,"lineNumber":126,"columnNumber":11,"asyncCause":null,"asyncCaller":null,"caller":{"filename":"resource://services-settings/Utils.sys.mjs","name":"fetch/<","sourceId":24,"lineNumber":273,"columnNumber":15,"asyncCause":null,"asyncCaller":null,"caller":{"filename":"resource://services-settings/Utils.sys.mjs","name":"fetch","sourceId":24,"lineNumber":224,"columnNumber":12,"asyncCause":null,"asyncCaller":null,"caller":{"filename":"resource://services-settings/Attachments.sys.mjs","name":"_fetchAttachment","sourceId":23,"lineNumber":560,"columnNumber":35,"asyncCause":null,"asyncCaller":null,"caller":{"filename":"resource://services-settings/Attachments.sys.mjs","name":"downloadAsBytes","sourceId":23,"lineNumber":537,"columnNumber":35,"asyncCause":null,"asyncCaller":null,"caller":{"filename":"resource://gre/modules/AsyncShutdown.sys.mjs","name":"observe","sourceId":15,"lineNumber":570,"columnNumber":17,"asyncCause":null,"asyncCaller":null,"caller":null,"formattedStack":"observe@resource://gre/modules/AsyncShutdown.sys.mjs:570:17\n","nativeSavedFrame":{}},"formattedStack":"downloadAsBytes@resource://services-settings/Attachments.sys.mjs:537:35\nobserve@resource://gre/modules/AsyncShutdown.sys.mjs:570:17\n","nativeSavedFrame":{}},"formattedStack":"_fetchAttachment@resource://services-settings/Attachments.sys.mjs:560:35\ndownloadAsBytes@resource://services-settings/Attachments.sys.mjs:537:35\nobserve@resource://gre/modules/AsyncShutdown.sys.mjs:570:17\n","nativeSavedFrame":{}},"formattedStack":"fetch@resource://services-settings/Utils.sys.mjs:224:12\n_fetchAttachment@resource://services-settings/Attachments.sys.mjs:560:35\ndownloadAsBytes@resource://services-settings/Attachments.sys.mjs:537:35\nobserve@resource://gre/modules/AsyncShutdown.sys.mjs:570:17\n","nativeSavedFrame":{}},"formattedStack":"fetch/<@resource://services-settings/Utils.sys.mjs:273:15\nfetch@resource://services-settings/Utils.sys.mjs:224:12\n_fetchAttachment@resource://services-settings/Attachments.sys.mjs:560:35\ndownloadAsBytes@resource://services-settings/Attachments.sys.mjs:537:35\nobserve@resource://gre/modules/AsyncShutdown.sys.mjs:570:17\n","nativeSavedFrame":{}},"formattedStack":"open@resource://gre/modules/ServiceRequest.sys.mjs:126:11\nfetch/<@resource://services-settings/Utils.sys.mjs:273:15\nfetch@resource://services-settings/Utils.sys.mjs:224:12\n_fetchAttachment@resource://services-settings/Attachments.sys.mjs:560:35\ndownloadAsBytes@resource://services-settings/Attachments.sys.mjs:537:35\nobserve@resource://gre/modules/AsyncShutdown.sys.mjs:570:17\n","nativeSavedFrame":{}}
2026-06-19 00:58:15,762 - MainProcess[log-interceptor-2519834676]- selenium_firefox     - DEBUG   : BROWSER 2519834676: driver: - message =
2026-06-19 00:58:15,762 - MainProcess[log-interceptor-2519834676]- selenium_firefox     - DEBUG   : BROWSER 2519834676: driver: - name =
2026-06-19 00:58:15,763 - MainProcess[log-interceptor-2519834676]- selenium_firefox     - DEBUG   : BROWSER 2519834676: driver: - result = 2152071198
2026-06-19 00:58:15,763 - MainProcess[log-interceptor-2519834676]- selenium_firefox     - DEBUG   : BROWSER 2519834676: driver: - stack = open@resource://gre/modules/ServiceRequest.sys.mjs:126:11|fetch/<@resource://services-settings/Utils.sys.mjs:273:15|fetch@resource://services-settings/Utils.sys.mjs:224:12|_fetchAttachment@resource://services-settings/Attachments.sys.mjs:560:35|downloadAsBytes@resource://services-settings/Attachments.sys.mjs:537:35|observe@resource://gre/modules/AsyncShutdown.sys.mjs:570:17|
2026-06-19 00:58:15,763 - MainProcess[log-interceptor-2519834676]- selenium_firefox     - DEBUG   : BROWSER 2519834676: driver: - prototype Object
2026-06-19 00:58:15,764 - MainProcess[log-interceptor-2519834676]- selenium_firefox     - DEBUG   : BROWSER 2519834676: driver: console.error: RemoteSecuritySettings:
2026-06-19 00:58:15,764 - MainProcess[log-interceptor-2519834676]- selenium_firefox     - DEBUG   : BROWSER 2519834676: driver: failed to download CRLite filter
2026-06-19 00:58:15,764 - MainProcess[log-interceptor-2519834676]- selenium_firefox     - DEBUG   : BROWSER 2519834676: driver: Object
2026-06-19 00:58:15,765 - MainProcess[log-interceptor-2519834676]- selenium_firefox     - DEBUG   : BROWSER 2519834676: driver: - prototype Object
2026-06-19 00:58:15,765 - MainProcess[log-interceptor-2519834676]- selenium_firefox     - DEBUG   : BROWSER 2519834676: driver: - columnNumber = 11
2026-06-19 00:58:15,767 - MainProcess[log-interceptor-2519834676]- selenium_firefox     - DEBUG   : BROWSER 2519834676: driver: - data = null
2026-06-19 00:58:15,767 - MainProcess[log-interceptor-2519834676]- selenium_firefox     - DEBUG   : BROWSER 2519834676: driver: - filename = resource://gre/modules/ServiceRequest.sys.mjs
2026-06-19 00:58:15,768 - MainProcess[log-interceptor-2519834676]- selenium_firefox     - DEBUG   : BROWSER 2519834676: driver: - lineNumber = 126
2026-06-19 00:58:15,768 - MainProcess[log-interceptor-2519834676]- selenium_firefox     - DEBUG   : BROWSER 2519834676: driver: - location = {"name":"open","filename":"resource://gre/modules/ServiceRequest.sys.mjs","sourceId":25,"lineNumber":126,"columnNumber":11,"asyncCause":null,"asyncCaller":null,"caller":{"filename":"resource://services-settings/Utils.sys.mjs","name":"fetch/<","sourceId":24,"lineNumber":273,"columnNumber":15,"asyncCause":null,"asyncCaller":null,"caller":{"filename":"resource://services-settings/Utils.sys.mjs","name":"fetch","sourceId":24,"lineNumber":224,"columnNumber":12,"asyncCause":null,"asyncCaller":null,"caller":{"filename":"resource://services-settings/Attachments.sys.mjs","name":"_fetchAttachment","sourceId":23,"lineNumber":560,"columnNumber":35,"asyncCause":null,"asyncCaller":null,"caller":{"filename":"resource://services-settings/Attachments.sys.mjs","name":"downloadAsBytes","sourceId":23,"lineNumber":537,"columnNumber":35,"asyncCause":null,"asyncCaller":null,"caller":{"filename":"resource://gre/modules/AsyncShutdown.sys.mjs","name":"observe","sourceId":15,"lineNumber":570,"columnNumber":17,"asyncCause":null,"asyncCaller":null,"caller":null,"formattedStack":"observe@resource://gre/modules/AsyncShutdown.sys.mjs:570:17\n","nativeSavedFrame":{}},"formattedStack":"downloadAsBytes@resource://services-settings/Attachments.sys.mjs:537:35\nobserve@resource://gre/modules/AsyncShutdown.sys.mjs:570:17\n","nativeSavedFrame":{}},"formattedStack":"_fetchAttachment@resource://services-settings/Attachments.sys.mjs:560:35\ndownloadAsBytes@resource://services-settings/Attachments.sys.mjs:537:35\nobserve@resource://gre/modules/AsyncShutdown.sys.mjs:570:17\n","nativeSavedFrame":{}},"formattedStack":"fetch@resource://services-settings/Utils.sys.mjs:224:12\n_fetchAttachment@resource://services-settings/Attachments.sys.mjs:560:35\ndownloadAsBytes@resource://services-settings/Attachments.sys.mjs:537:35\nobserve@resource://gre/modules/AsyncShutdown.sys.mjs:570:17\n","nativeSavedFrame":{}},"formattedStack":"fetch/<@resource://services-settings/Utils.sys.mjs:273:15\nfetch@resource://services-settings/Utils.sys.mjs:224:12\n_fetchAttachment@resource://services-settings/Attachments.sys.mjs:560:35\ndownloadAsBytes@resource://services-settings/Attachments.sys.mjs:537:35\nobserve@resource://gre/modules/AsyncShutdown.sys.mjs:570:17\n","nativeSavedFrame":{}},"formattedStack":"open@resource://gre/modules/ServiceRequest.sys.mjs:126:11\nfetch/<@resource://services-settings/Utils.sys.mjs:273:15\nfetch@resource://services-settings/Utils.sys.mjs:224:12\n_fetchAttachment@resource://services-settings/Attachments.sys.mjs:560:35\ndownloadAsBytes@resource://services-settings/Attachments.sys.mjs:537:35\nobserve@resource://gre/modules/AsyncShutdown.sys.mjs:570:17\n","nativeSavedFrame":{}}
2026-06-19 00:58:15,768 - MainProcess[log-interceptor-2519834676]- selenium_firefox     - DEBUG   : BROWSER 2519834676: driver: - message =
2026-06-19 00:58:15,769 - MainProcess[log-interceptor-2519834676]- selenium_firefox     - DEBUG   : BROWSER 2519834676: driver: - name =
2026-06-19 00:58:15,769 - MainProcess[log-interceptor-2519834676]- selenium_firefox     - DEBUG   : BROWSER 2519834676: driver: - result = 2152071198
2026-06-19 00:58:15,769 - MainProcess[log-interceptor-2519834676]- selenium_firefox     - DEBUG   : BROWSER 2519834676: driver: - stack = open@resource://gre/modules/ServiceRequest.sys.mjs:126:11|fetch/<@resource://services-settings/Utils.sys.mjs:273:15|fetch@resource://services-settings/Utils.sys.mjs:224:12|_fetchAttachment@resource://services-settings/Attachments.sys.mjs:560:35|downloadAsBytes@resource://services-settings/Attachments.sys.mjs:537:35|observe@resource://gre/modules/AsyncShutdown.sys.mjs:570:17|
2026-06-19 00:58:15,770 - MainProcess[log-interceptor-2519834676]- selenium_firefox     - DEBUG   : BROWSER 2519834676: driver: - prototype Object
2026-06-19 00:58:15,770 - MainProcess[log-interceptor-2519834676]- selenium_firefox     - DEBUG   : BROWSER 2519834676: driver: console.error: RemoteSecuritySettings:
2026-06-19 00:58:15,771 - MainProcess[log-interceptor-2519834676]- selenium_firefox     - DEBUG   : BROWSER 2519834676: driver: failed to download CRLite filter
2026-06-19 00:58:15,771 - MainProcess[log-interceptor-2519834676]- selenium_firefox     - DEBUG   : BROWSER 2519834676: driver: Object
2026-06-19 00:58:15,772 - MainProcess[log-interceptor-2519834676]- selenium_firefox     - DEBUG   : BROWSER 2519834676: driver: - prototype Object
2026-06-19 00:58:15,772 - MainProcess[log-interceptor-2519834676]- selenium_firefox     - DEBUG   : BROWSER 2519834676: driver: - columnNumber = 11
2026-06-19 00:58:15,773 - MainProcess[log-interceptor-2519834676]- selenium_firefox     - DEBUG   : BROWSER 2519834676: driver: - data = null
2026-06-19 00:58:15,773 - MainProcess[log-interceptor-2519834676]- selenium_firefox     - DEBUG   : BROWSER 2519834676: driver: - filename = resource://gre/modules/ServiceRequest.sys.mjs
2026-06-19 00:58:15,773 - MainProcess[log-interceptor-2519834676]- selenium_firefox     - DEBUG   : BROWSER 2519834676: driver: - lineNumber = 126
2026-06-19 00:58:15,774 - MainProcess[log-interceptor-2519834676]- selenium_firefox     - DEBUG   : BROWSER 2519834676: driver: - location = {"name":"open","filename":"resource://gre/modules/ServiceRequest.sys.mjs","sourceId":25,"lineNumber":126,"columnNumber":11,"asyncCause":null,"asyncCaller":null,"caller":{"filename":"resource://services-settings/Utils.sys.mjs","name":"fetch/<","sourceId":24,"lineNumber":273,"columnNumber":15,"asyncCause":null,"asyncCaller":null,"caller":{"filename":"resource://services-settings/Utils.sys.mjs","name":"fetch","sourceId":24,"lineNumber":224,"columnNumber":12,"asyncCause":null,"asyncCaller":null,"caller":{"filename":"resource://services-settings/Attachments.sys.mjs","name":"_fetchAttachment","sourceId":23,"lineNumber":560,"columnNumber":35,"asyncCause":null,"asyncCaller":null,"caller":{"filename":"resource://services-settings/Attachments.sys.mjs","name":"downloadAsBytes","sourceId":23,"lineNumber":537,"columnNumber":35,"asyncCause":null,"asyncCaller":null,"caller":{"filename":"resource://gre/modules/AsyncShutdown.sys.mjs","name":"observe","sourceId":15,"lineNumber":570,"columnNumber":17,"asyncCause":null,"asyncCaller":null,"caller":null,"formattedStack":"observe@resource://gre/modules/AsyncShutdown.sys.mjs:570:17\n","nativeSavedFrame":{}},"formattedStack":"downloadAsBytes@resource://services-settings/Attachments.sys.mjs:537:35\nobserve@resource://gre/modules/AsyncShutdown.sys.mjs:570:17\n","nativeSavedFrame":{}},"formattedStack":"_fetchAttachment@resource://services-settings/Attachments.sys.mjs:560:35\ndownloadAsBytes@resource://services-settings/Attachments.sys.mjs:537:35\nobserve@resource://gre/modules/AsyncShutdown.sys.mjs:570:17\n","nativeSavedFrame":{}},"formattedStack":"fetch@resource://services-settings/Utils.sys.mjs:224:12\n_fetchAttachment@resource://services-settings/Attachments.sys.mjs:560:35\ndownloadAsBytes@resource://services-settings/Attachments.sys.mjs:537:35\nobserve@resource://gre/modules/AsyncShutdown.sys.mjs:570:17\n","nativeSavedFrame":{}},"formattedStack":"fetch/<@resource://services-settings/Utils.sys.mjs:273:15\nfetch@resource://services-settings/Utils.sys.mjs:224:12\n_fetchAttachment@resource://services-settings/Attachments.sys.mjs:560:35\ndownloadAsBytes@resource://services-settings/Attachments.sys.mjs:537:35\nobserve@resource://gre/modules/AsyncShutdown.sys.mjs:570:17\n","nativeSavedFrame":{}},"formattedStack":"open@resource://gre/modules/ServiceRequest.sys.mjs:126:11\nfetch/<@resource://services-settings/Utils.sys.mjs:273:15\nfetch@resource://services-settings/Utils.sys.mjs:224:12\n_fetchAttachment@resource://services-settings/Attachments.sys.mjs:560:35\ndownloadAsBytes@resource://services-settings/Attachments.sys.mjs:537:35\nobserve@resource://gre/modules/AsyncShutdown.sys.mjs:570:17\n","nativeSavedFrame":{}}
2026-06-19 00:58:15,776 - MainProcess[log-interceptor-2519834676]- selenium_firefox     - DEBUG   : BROWSER 2519834676: driver: - message =
2026-06-19 00:58:15,777 - MainProcess[log-interceptor-2519834676]- selenium_firefox     - DEBUG   : BROWSER 2519834676: driver: - name =
2026-06-19 00:58:15,779 - MainProcess[log-interceptor-2519834676]- selenium_firefox     - DEBUG   : BROWSER 2519834676: driver: - result = 2152071198
2026-06-19 00:58:15,779 - MainProcess[log-interceptor-2519834676]- selenium_firefox     - DEBUG   : BROWSER 2519834676: driver: - stack = open@resource://gre/modules/ServiceRequest.sys.mjs:126:11|fetch/<@resource://services-settings/Utils.sys.mjs:273:15|fetch@resource://services-settings/Utils.sys.mjs:224:12|_fetchAttachment@resource://services-settings/Attachments.sys.mjs:560:35|downloadAsBytes@resource://services-settings/Attachments.sys.mjs:537:35|observe@resource://gre/modules/AsyncShutdown.sys.mjs:570:17|
2026-06-19 00:58:15,779 - MainProcess[log-interceptor-2519834676]- selenium_firefox     - DEBUG   : BROWSER 2519834676: driver: - prototype Object
2026-06-19 00:58:15,780 - MainProcess[log-interceptor-2519834676]- selenium_firefox     - DEBUG   : BROWSER 2519834676: driver: console.error: RemoteSecuritySettings:
2026-06-19 00:58:15,780 - MainProcess[log-interceptor-2519834676]- selenium_firefox     - DEBUG   : BROWSER 2519834676: driver: failed to download CRLite filter
2026-06-19 00:58:15,780 - MainProcess[log-interceptor-2519834676]- selenium_firefox     - DEBUG   : BROWSER 2519834676: driver: Object
2026-06-19 00:58:15,781 - MainProcess[log-interceptor-2519834676]- selenium_firefox     - DEBUG   : BROWSER 2519834676: driver: - prototype Object
2026-06-19 00:58:15,781 - MainProcess[log-interceptor-2519834676]- selenium_firefox     - DEBUG   : BROWSER 2519834676: driver: - columnNumber = 11
2026-06-19 00:58:15,783 - MainProcess[log-interceptor-2519834676]- selenium_firefox     - DEBUG   : BROWSER 2519834676: driver: - data = null
2026-06-19 00:58:15,783 - MainProcess[log-interceptor-2519834676]- selenium_firefox     - DEBUG   : BROWSER 2519834676: driver: - filename = resource://gre/modules/ServiceRequest.sys.mjs
2026-06-19 00:58:15,783 - MainProcess[log-interceptor-2519834676]- selenium_firefox     - DEBUG   : BROWSER 2519834676: driver: - lineNumber = 126
2026-06-19 00:58:15,784 - MainProcess[log-interceptor-2519834676]- selenium_firefox     - DEBUG   : BROWSER 2519834676: driver: - location = {"name":"open","filename":"resource://gre/modules/ServiceRequest.sys.mjs","sourceId":25,"lineNumber":126,"columnNumber":11,"asyncCause":null,"asyncCaller":null,"caller":{"filename":"resource://services-settings/Utils.sys.mjs","name":"fetch/<","sourceId":24,"lineNumber":273,"columnNumber":15,"asyncCause":null,"asyncCaller":null,"caller":{"filename":"resource://services-settings/Utils.sys.mjs","name":"fetch","sourceId":24,"lineNumber":224,"columnNumber":12,"asyncCause":null,"asyncCaller":null,"caller":{"filename":"resource://services-settings/Attachments.sys.mjs","name":"_fetchAttachment","sourceId":23,"lineNumber":560,"columnNumber":35,"asyncCause":null,"asyncCaller":null,"caller":{"filename":"resource://services-settings/Attachments.sys.mjs","name":"downloadAsBytes","sourceId":23,"lineNumber":537,"columnNumber":35,"asyncCause":null,"asyncCaller":null,"caller":{"filename":"resource://gre/modules/AsyncShutdown.sys.mjs","name":"observe","sourceId":15,"lineNumber":570,"columnNumber":17,"asyncCause":null,"asyncCaller":null,"caller":null,"formattedStack":"observe@resource://gre/modules/AsyncShutdown.sys.mjs:570:17\n","nativeSavedFrame":{}},"formattedStack":"downloadAsBytes@resource://services-settings/Attachments.sys.mjs:537:35\nobserve@resource://gre/modules/AsyncShutdown.sys.mjs:570:17\n","nativeSavedFrame":{}},"formattedStack":"_fetchAttachment@resource://services-settings/Attachments.sys.mjs:560:35\ndownloadAsBytes@resource://services-settings/Attachments.sys.mjs:537:35\nobserve@resource://gre/modules/AsyncShutdown.sys.mjs:570:17\n","nativeSavedFrame":{}},"formattedStack":"fetch@resource://services-settings/Utils.sys.mjs:224:12\n_fetchAttachment@resource://services-settings/Attachments.sys.mjs:560:35\ndownloadAsBytes@resource://services-settings/Attachments.sys.mjs:537:35\nobserve@resource://gre/modules/AsyncShutdown.sys.mjs:570:17\n","nativeSavedFrame":{}},"formattedStack":"fetch/<@resource://services-settings/Utils.sys.mjs:273:15\nfetch@resource://services-settings/Utils.sys.mjs:224:12\n_fetchAttachment@resource://services-settings/Attachments.sys.mjs:560:35\ndownloadAsBytes@resource://services-settings/Attachments.sys.mjs:537:35\nobserve@resource://gre/modules/AsyncShutdown.sys.mjs:570:17\n","nativeSavedFrame":{}},"formattedStack":"open@resource://gre/modules/ServiceRequest.sys.mjs:126:11\nfetch/<@resource://services-settings/Utils.sys.mjs:273:15\nfetch@resource://services-settings/Utils.sys.mjs:224:12\n_fetchAttachment@resource://services-settings/Attachments.sys.mjs:560:35\ndownloadAsBytes@resource://services-settings/Attachments.sys.mjs:537:35\nobserve@resource://gre/modules/AsyncShutdown.sys.mjs:570:17\n","nativeSavedFrame":{}}
2026-06-19 00:58:15,784 - MainProcess[log-interceptor-2519834676]- selenium_firefox     - DEBUG   : BROWSER 2519834676: driver: - message =
2026-06-19 00:58:15,784 - MainProcess[log-interceptor-2519834676]- selenium_firefox     - DEBUG   : BROWSER 2519834676: driver: - name =
2026-06-19 00:58:15,785 - MainProcess[log-interceptor-2519834676]- selenium_firefox     - DEBUG   : BROWSER 2519834676: driver: - result = 2152071198
2026-06-19 00:58:15,786 - MainProcess[log-interceptor-2519834676]- selenium_firefox     - DEBUG   : BROWSER 2519834676: driver: - stack = open@resource://gre/modules/ServiceRequest.sys.mjs:126:11|fetch/<@resource://services-settings/Utils.sys.mjs:273:15|fetch@resource://services-settings/Utils.sys.mjs:224:12|_fetchAttachment@resource://services-settings/Attachments.sys.mjs:560:35|downloadAsBytes@resource://services-settings/Attachments.sys.mjs:537:35|observe@resource://gre/modules/AsyncShutdown.sys.mjs:570:17|
2026-06-19 00:58:15,787 - MainProcess[log-interceptor-2519834676]- selenium_firefox     - DEBUG   : BROWSER 2519834676: driver: - prototype Object
2026-06-19 00:58:15,787 - MainProcess[log-interceptor-2519834676]- selenium_firefox     - DEBUG   : BROWSER 2519834676: driver: console.error: RemoteSecuritySettings:
2026-06-19 00:58:15,788 - MainProcess[log-interceptor-2519834676]- selenium_firefox     - DEBUG   : BROWSER 2519834676: driver: failed to download CRLite filter
2026-06-19 00:58:15,788 - MainProcess[log-interceptor-2519834676]- selenium_firefox     - DEBUG   : BROWSER 2519834676: driver: Object
2026-06-19 00:58:15,788 - MainProcess[log-interceptor-2519834676]- selenium_firefox     - DEBUG   : BROWSER 2519834676: driver: - prototype Object
2026-06-19 00:58:15,789 - MainProcess[log-interceptor-2519834676]- selenium_firefox     - DEBUG   : BROWSER 2519834676: driver: - columnNumber = 11
2026-06-19 00:58:15,789 - MainProcess[log-interceptor-2519834676]- selenium_firefox     - DEBUG   : BROWSER 2519834676: driver: - data = null
2026-06-19 00:58:15,789 - MainProcess[log-interceptor-2519834676]- selenium_firefox     - DEBUG   : BROWSER 2519834676: driver: - filename = resource://gre/modules/ServiceRequest.sys.mjs
2026-06-19 00:58:15,789 - MainProcess[log-interceptor-2519834676]- selenium_firefox     - DEBUG   : BROWSER 2519834676: driver: - lineNumber = 126
2026-06-19 00:58:15,790 - MainProcess[log-interceptor-2519834676]- selenium_firefox     - DEBUG   : BROWSER 2519834676: driver: - location = {"name":"open","filename":"resource://gre/modules/ServiceRequest.sys.mjs","sourceId":25,"lineNumber":126,"columnNumber":11,"asyncCause":null,"asyncCaller":null,"caller":{"filename":"resource://services-settings/Utils.sys.mjs","name":"fetch/<","sourceId":24,"lineNumber":273,"columnNumber":15,"asyncCause":null,"asyncCaller":null,"caller":{"filename":"resource://services-settings/Utils.sys.mjs","name":"fetch","sourceId":24,"lineNumber":224,"columnNumber":12,"asyncCause":null,"asyncCaller":null,"caller":{"filename":"resource://services-settings/Attachments.sys.mjs","name":"_fetchAttachment","sourceId":23,"lineNumber":560,"columnNumber":35,"asyncCause":null,"asyncCaller":null,"caller":{"filename":"resource://services-settings/Attachments.sys.mjs","name":"downloadAsBytes","sourceId":23,"lineNumber":537,"columnNumber":35,"asyncCause":null,"asyncCaller":null,"caller":{"filename":"resource://gre/modules/AsyncShutdown.sys.mjs","name":"observe","sourceId":15,"lineNumber":570,"columnNumber":17,"asyncCause":null,"asyncCaller":null,"caller":null,"formattedStack":"observe@resource://gre/modules/AsyncShutdown.sys.mjs:570:17\n","nativeSavedFrame":{}},"formattedStack":"downloadAsBytes@resource://services-settings/Attachments.sys.mjs:537:35\nobserve@resource://gre/modules/AsyncShutdown.sys.mjs:570:17\n","nativeSavedFrame":{}},"formattedStack":"_fetchAttachment@resource://services-settings/Attachments.sys.mjs:560:35\ndownloadAsBytes@resource://services-settings/Attachments.sys.mjs:537:35\nobserve@resource://gre/modules/AsyncShutdown.sys.mjs:570:17\n","nativeSavedFrame":{}},"formattedStack":"fetch@resource://services-settings/Utils.sys.mjs:224:12\n_fetchAttachment@resource://services-settings/Attachments.sys.mjs:560:35\ndownloadAsBytes@resource://services-settings/Attachments.sys.mjs:537:35\nobserve@resource://gre/modules/AsyncShutdown.sys.mjs:570:17\n","nativeSavedFrame":{}},"formattedStack":"fetch/<@resource://services-settings/Utils.sys.mjs:273:15\nfetch@resource://services-settings/Utils.sys.mjs:224:12\n_fetchAttachment@resource://services-settings/Attachments.sys.mjs:560:35\ndownloadAsBytes@resource://services-settings/Attachments.sys.mjs:537:35\nobserve@resource://gre/modules/AsyncShutdown.sys.mjs:570:17\n","nativeSavedFrame":{}},"formattedStack":"open@resource://gre/modules/ServiceRequest.sys.mjs:126:11\nfetch/<@resource://services-settings/Utils.sys.mjs:273:15\nfetch@resource://services-settings/Utils.sys.mjs:224:12\n_fetchAttachment@resource://services-settings/Attachments.sys.mjs:560:35\ndownloadAsBytes@resource://services-settings/Attachments.sys.mjs:537:35\nobserve@resource://gre/modules/AsyncShutdown.sys.mjs:570:17\n","nativeSavedFrame":{}}
2026-06-19 00:58:15,792 - MainProcess[log-interceptor-2519834676]- selenium_firefox     - DEBUG   : BROWSER 2519834676: driver: - message =
2026-06-19 00:58:15,793 - MainProcess[log-interceptor-2519834676]- selenium_firefox     - DEBUG   : BROWSER 2519834676: driver: - name =
2026-06-19 00:58:15,793 - MainProcess[log-interceptor-2519834676]- selenium_firefox     - DEBUG   : BROWSER 2519834676: driver: - result = 2152071198
2026-06-19 00:58:15,793 - MainProcess[log-interceptor-2519834676]- selenium_firefox     - DEBUG   : BROWSER 2519834676: driver: - stack = open@resource://gre/modules/ServiceRequest.sys.mjs:126:11|fetch/<@resource://services-settings/Utils.sys.mjs:273:15|fetch@resource://services-settings/Utils.sys.mjs:224:12|_fetchAttachment@resource://services-settings/Attachments.sys.mjs:560:35|downloadAsBytes@resource://services-settings/Attachments.sys.mjs:537:35|observe@resource://gre/modules/AsyncShutdown.sys.mjs:570:17|
2026-06-19 00:58:15,794 - MainProcess[log-interceptor-2519834676]- selenium_firefox     - DEBUG   : BROWSER 2519834676: driver: - prototype Object
2026-06-19 00:58:15,794 - MainProcess[log-interceptor-2519834676]- selenium_firefox     - DEBUG   : BROWSER 2519834676: driver: console.error: RemoteSecuritySettings:
2026-06-19 00:58:15,794 - MainProcess[log-interceptor-2519834676]- selenium_firefox     - DEBUG   : BROWSER 2519834676: driver: failed to download CRLite filter
2026-06-19 00:58:15,795 - MainProcess[log-interceptor-2519834676]- selenium_firefox     - DEBUG   : BROWSER 2519834676: driver: Object
2026-06-19 00:58:15,795 - MainProcess[log-interceptor-2519834676]- selenium_firefox     - DEBUG   : BROWSER 2519834676: driver: - prototype Object
2026-06-19 00:58:15,797 - MainProcess[log-interceptor-2519834676]- selenium_firefox     - DEBUG   : BROWSER 2519834676: driver: - columnNumber = 11
2026-06-19 00:58:15,798 - MainProcess[log-interceptor-2519834676]- selenium_firefox     - DEBUG   : BROWSER 2519834676: driver: - data = null
2026-06-19 00:58:15,799 - MainProcess[log-interceptor-2519834676]- selenium_firefox     - DEBUG   : BROWSER 2519834676: driver: - filename = resource://gre/modules/ServiceRequest.sys.mjs
2026-06-19 00:58:15,799 - MainProcess[log-interceptor-2519834676]- selenium_firefox     - DEBUG   : BROWSER 2519834676: driver: - lineNumber = 126
2026-06-19 00:58:15,804 - MainProcess[log-interceptor-2519834676]- selenium_firefox     - DEBUG   : BROWSER 2519834676: driver: - location = {"name":"open","filename":"resource://gre/modules/ServiceRequest.sys.mjs","sourceId":25,"lineNumber":126,"columnNumber":11,"asyncCause":null,"asyncCaller":null,"caller":{"filename":"resource://services-settings/Utils.sys.mjs","name":"fetch/<","sourceId":24,"lineNumber":273,"columnNumber":15,"asyncCause":null,"asyncCaller":null,"caller":{"filename":"resource://services-settings/Utils.sys.mjs","name":"fetch","sourceId":24,"lineNumber":224,"columnNumber":12,"asyncCause":null,"asyncCaller":null,"caller":{"filename":"resource://services-settings/Attachments.sys.mjs","name":"_fetchAttachment","sourceId":23,"lineNumber":560,"columnNumber":35,"asyncCause":null,"asyncCaller":null,"caller":{"filename":"resource://services-settings/Attachments.sys.mjs","name":"downloadAsBytes","sourceId":23,"lineNumber":537,"columnNumber":35,"asyncCause":null,"asyncCaller":null,"caller":{"filename":"resource://gre/modules/AsyncShutdown.sys.mjs","name":"observe","sourceId":15,"lineNumber":570,"columnNumber":17,"asyncCause":null,"asyncCaller":null,"caller":null,"formattedStack":"observe@resource://gre/modules/AsyncShutdown.sys.mjs:570:17\n","nativeSavedFrame":{}},"formattedStack":"downloadAsBytes@resource://services-settings/Attachments.sys.mjs:537:35\nobserve@resource://gre/modules/AsyncShutdown.sys.mjs:570:17\n","nativeSavedFrame":{}},"formattedStack":"_fetchAttachment@resource://services-settings/Attachments.sys.mjs:560:35\ndownloadAsBytes@resource://services-settings/Attachments.sys.mjs:537:35\nobserve@resource://gre/modules/AsyncShutdown.sys.mjs:570:17\n","nativeSavedFrame":{}},"formattedStack":"fetch@resource://services-settings/Utils.sys.mjs:224:12\n_fetchAttachment@resource://services-settings/Attachments.sys.mjs:560:35\ndownloadAsBytes@resource://services-settings/Attachments.sys.mjs:537:35\nobserve@resource://gre/modules/AsyncShutdown.sys.mjs:570:17\n","nativeSavedFrame":{}},"formattedStack":"fetch/<@resource://services-settings/Utils.sys.mjs:273:15\nfetch@resource://services-settings/Utils.sys.mjs:224:12\n_fetchAttachment@resource://services-settings/Attachments.sys.mjs:560:35\ndownloadAsBytes@resource://services-settings/Attachments.sys.mjs:537:35\nobserve@resource://gre/modules/AsyncShutdown.sys.mjs:570:17\n","nativeSavedFrame":{}},"formattedStack":"open@resource://gre/modules/ServiceRequest.sys.mjs:126:11\nfetch/<@resource://services-settings/Utils.sys.mjs:273:15\nfetch@resource://services-settings/Utils.sys.mjs:224:12\n_fetchAttachment@resource://services-settings/Attachments.sys.mjs:560:35\ndownloadAsBytes@resource://services-settings/Attachments.sys.mjs:537:35\nobserve@resource://gre/modules/AsyncShutdown.sys.mjs:570:17\n","nativeSavedFrame":{}}
2026-06-19 00:58:15,804 - MainProcess[log-interceptor-2519834676]- selenium_firefox     - DEBUG   : BROWSER 2519834676: driver: - message =
2026-06-19 00:58:15,805 - MainProcess[log-interceptor-2519834676]- selenium_firefox     - DEBUG   : BROWSER 2519834676: driver: - name =
2026-06-19 00:58:15,805 - MainProcess[log-interceptor-2519834676]- selenium_firefox     - DEBUG   : BROWSER 2519834676: driver: - result = 2152071198
2026-06-19 00:58:15,806 - MainProcess[log-interceptor-2519834676]- selenium_firefox     - DEBUG   : BROWSER 2519834676: driver: - stack = open@resource://gre/modules/ServiceRequest.sys.mjs:126:11|fetch/<@resource://services-settings/Utils.sys.mjs:273:15|fetch@resource://services-settings/Utils.sys.mjs:224:12|_fetchAttachment@resource://services-settings/Attachments.sys.mjs:560:35|downloadAsBytes@resource://services-settings/Attachments.sys.mjs:537:35|observe@resource://gre/modules/AsyncShutdown.sys.mjs:570:17|
2026-06-19 00:58:15,808 - MainProcess[log-interceptor-2519834676]- selenium_firefox     - DEBUG   : BROWSER 2519834676: driver: - prototype Object
2026-06-19 00:58:15,808 - MainProcess[log-interceptor-2519834676]- selenium_firefox     - DEBUG   : BROWSER 2519834676: driver: console.error: RemoteSecuritySettings:
2026-06-19 00:58:15,809 - MainProcess[log-interceptor-2519834676]- selenium_firefox     - DEBUG   : BROWSER 2519834676: driver: failed to download CRLite filter
2026-06-19 00:58:15,809 - MainProcess[log-interceptor-2519834676]- selenium_firefox     - DEBUG   : BROWSER 2519834676: driver: Object
2026-06-19 00:58:15,810 - MainProcess[log-interceptor-2519834676]- selenium_firefox     - DEBUG   : BROWSER 2519834676: driver: - prototype Object
2026-06-19 00:58:15,810 - MainProcess[log-interceptor-2519834676]- selenium_firefox     - DEBUG   : BROWSER 2519834676: driver: - columnNumber = 11
2026-06-19 00:58:15,810 - MainProcess[log-interceptor-2519834676]- selenium_firefox     - DEBUG   : BROWSER 2519834676: driver: - data = null
2026-06-19 00:58:15,811 - MainProcess[log-interceptor-2519834676]- selenium_firefox     - DEBUG   : BROWSER 2519834676: driver: - filename = resource://gre/modules/ServiceRequest.sys.mjs
2026-06-19 00:58:15,811 - MainProcess[log-interceptor-2519834676]- selenium_firefox     - DEBUG   : BROWSER 2519834676: driver: - lineNumber = 126
2026-06-19 00:58:15,812 - MainProcess[log-interceptor-2519834676]- selenium_firefox     - DEBUG   : BROWSER 2519834676: driver: - location = {"name":"open","filename":"resource://gre/modules/ServiceRequest.sys.mjs","sourceId":25,"lineNumber":126,"columnNumber":11,"asyncCause":null,"asyncCaller":null,"caller":{"filename":"resource://services-settings/Utils.sys.mjs","name":"fetch/<","sourceId":24,"lineNumber":273,"columnNumber":15,"asyncCause":null,"asyncCaller":null,"caller":{"filename":"resource://services-settings/Utils.sys.mjs","name":"fetch","sourceId":24,"lineNumber":224,"columnNumber":12,"asyncCause":null,"asyncCaller":null,"caller":{"filename":"resource://services-settings/Attachments.sys.mjs","name":"_fetchAttachment","sourceId":23,"lineNumber":560,"columnNumber":35,"asyncCause":null,"asyncCaller":null,"caller":{"filename":"resource://services-settings/Attachments.sys.mjs","name":"downloadAsBytes","sourceId":23,"lineNumber":537,"columnNumber":35,"asyncCause":null,"asyncCaller":null,"caller":{"filename":"resource://gre/modules/AsyncShutdown.sys.mjs","name":"observe","sourceId":15,"lineNumber":570,"columnNumber":17,"asyncCause":null,"asyncCaller":null,"caller":null,"formattedStack":"observe@resource://gre/modules/AsyncShutdown.sys.mjs:570:17\n","nativeSavedFrame":{}},"formattedStack":"downloadAsBytes@resource://services-settings/Attachments.sys.mjs:537:35\nobserve@resource://gre/modules/AsyncShutdown.sys.mjs:570:17\n","nativeSavedFrame":{}},"formattedStack":"_fetchAttachment@resource://services-settings/Attachments.sys.mjs:560:35\ndownloadAsBytes@resource://services-settings/Attachments.sys.mjs:537:35\nobserve@resource://gre/modules/AsyncShutdown.sys.mjs:570:17\n","nativeSavedFrame":{}},"formattedStack":"fetch@resource://services-settings/Utils.sys.mjs:224:12\n_fetchAttachment@resource://services-settings/Attachments.sys.mjs:560:35\ndownloadAsBytes@resource://services-settings/Attachments.sys.mjs:537:35\nobserve@resource://gre/modules/AsyncShutdown.sys.mjs:570:17\n","nativeSavedFrame":{}},"formattedStack":"fetch/<@resource://services-settings/Utils.sys.mjs:273:15\nfetch@resource://services-settings/Utils.sys.mjs:224:12\n_fetchAttachment@resource://services-settings/Attachments.sys.mjs:560:35\ndownloadAsBytes@resource://services-settings/Attachments.sys.mjs:537:35\nobserve@resource://gre/modules/AsyncShutdown.sys.mjs:570:17\n","nativeSavedFrame":{}},"formattedStack":"open@resource://gre/modules/ServiceRequest.sys.mjs:126:11\nfetch/<@resource://services-settings/Utils.sys.mjs:273:15\nfetch@resource://services-settings/Utils.sys.mjs:224:12\n_fetchAttachment@resource://services-settings/Attachments.sys.mjs:560:35\ndownloadAsBytes@resource://services-settings/Attachments.sys.mjs:537:35\nobserve@resource://gre/modules/AsyncShutdown.sys.mjs:570:17\n","nativeSavedFrame":{}}
2026-06-19 00:58:15,812 - MainProcess[log-interceptor-2519834676]- selenium_firefox     - DEBUG   : BROWSER 2519834676: driver: - message =
2026-06-19 00:58:15,813 - MainProcess[log-interceptor-2519834676]- selenium_firefox     - DEBUG   : BROWSER 2519834676: driver: - name =
2026-06-19 00:58:15,813 - MainProcess[log-interceptor-2519834676]- selenium_firefox     - DEBUG   : BROWSER 2519834676: driver: - result = 2152071198
2026-06-19 00:58:15,813 - MainProcess[log-interceptor-2519834676]- selenium_firefox     - DEBUG   : BROWSER 2519834676: driver: - stack = open@resource://gre/modules/ServiceRequest.sys.mjs:126:11|fetch/<@resource://services-settings/Utils.sys.mjs:273:15|fetch@resource://services-settings/Utils.sys.mjs:224:12|_fetchAttachment@resource://services-settings/Attachments.sys.mjs:560:35|downloadAsBytes@resource://services-settings/Attachments.sys.mjs:537:35|observe@resource://gre/modules/AsyncShutdown.sys.mjs:570:17|
2026-06-19 00:58:15,813 - MainProcess[log-interceptor-2519834676]- selenium_firefox     - DEBUG   : BROWSER 2519834676: driver: - prototype Object
2026-06-19 00:58:15,814 - MainProcess[log-interceptor-2519834676]- selenium_firefox     - DEBUG   : BROWSER 2519834676: driver: console.error: RemoteSecuritySettings:
2026-06-19 00:58:15,814 - MainProcess[log-interceptor-2519834676]- selenium_firefox     - DEBUG   : BROWSER 2519834676: driver: failed to download CRLite filter
2026-06-19 00:58:15,814 - MainProcess[log-interceptor-2519834676]- selenium_firefox     - DEBUG   : BROWSER 2519834676: driver: Object
2026-06-19 00:58:15,815 - MainProcess[log-interceptor-2519834676]- selenium_firefox     - DEBUG   : BROWSER 2519834676: driver: - prototype Object
2026-06-19 00:58:15,815 - MainProcess[log-interceptor-2519834676]- selenium_firefox     - DEBUG   : BROWSER 2519834676: driver: - columnNumber = 11
2026-06-19 00:58:15,817 - MainProcess[log-interceptor-2519834676]- selenium_firefox     - DEBUG   : BROWSER 2519834676: driver: - data = null
2026-06-19 00:58:15,817 - MainProcess[log-interceptor-2519834676]- selenium_firefox     - DEBUG   : BROWSER 2519834676: driver: - filename = resource://gre/modules/ServiceRequest.sys.mjs
2026-06-19 00:58:15,818 - MainProcess[log-interceptor-2519834676]- selenium_firefox     - DEBUG   : BROWSER 2519834676: driver: - lineNumber = 126
2026-06-19 00:58:15,818 - MainProcess[log-interceptor-2519834676]- selenium_firefox     - DEBUG   : BROWSER 2519834676: driver: - location = {"name":"open","filename":"resource://gre/modules/ServiceRequest.sys.mjs","sourceId":25,"lineNumber":126,"columnNumber":11,"asyncCause":null,"asyncCaller":null,"caller":{"filename":"resource://services-settings/Utils.sys.mjs","name":"fetch/<","sourceId":24,"lineNumber":273,"columnNumber":15,"asyncCause":null,"asyncCaller":null,"caller":{"filename":"resource://services-settings/Utils.sys.mjs","name":"fetch","sourceId":24,"lineNumber":224,"columnNumber":12,"asyncCause":null,"asyncCaller":null,"caller":{"filename":"resource://services-settings/Attachments.sys.mjs","name":"_fetchAttachment","sourceId":23,"lineNumber":560,"columnNumber":35,"asyncCause":null,"asyncCaller":null,"caller":{"filename":"resource://services-settings/Attachments.sys.mjs","name":"downloadAsBytes","sourceId":23,"lineNumber":537,"columnNumber":35,"asyncCause":null,"asyncCaller":null,"caller":{"filename":"resource://gre/modules/AsyncShutdown.sys.mjs","name":"observe","sourceId":15,"lineNumber":570,"columnNumber":17,"asyncCause":null,"asyncCaller":null,"caller":null,"formattedStack":"observe@resource://gre/modules/AsyncShutdown.sys.mjs:570:17\n","nativeSavedFrame":{}},"formattedStack":"downloadAsBytes@resource://services-settings/Attachments.sys.mjs:537:35\nobserve@resource://gre/modules/AsyncShutdown.sys.mjs:570:17\n","nativeSavedFrame":{}},"formattedStack":"_fetchAttachment@resource://services-settings/Attachments.sys.mjs:560:35\ndownloadAsBytes@resource://services-settings/Attachments.sys.mjs:537:35\nobserve@resource://gre/modules/AsyncShutdown.sys.mjs:570:17\n","nativeSavedFrame":{}},"formattedStack":"fetch@resource://services-settings/Utils.sys.mjs:224:12\n_fetchAttachment@resource://services-settings/Attachments.sys.mjs:560:35\ndownloadAsBytes@resource://services-settings/Attachments.sys.mjs:537:35\nobserve@resource://gre/modules/AsyncShutdown.sys.mjs:570:17\n","nativeSavedFrame":{}},"formattedStack":"fetch/<@resource://services-settings/Utils.sys.mjs:273:15\nfetch@resource://services-settings/Utils.sys.mjs:224:12\n_fetchAttachment@resource://services-settings/Attachments.sys.mjs:560:35\ndownloadAsBytes@resource://services-settings/Attachments.sys.mjs:537:35\nobserve@resource://gre/modules/AsyncShutdown.sys.mjs:570:17\n","nativeSavedFrame":{}},"formattedStack":"open@resource://gre/modules/ServiceRequest.sys.mjs:126:11\nfetch/<@resource://services-settings/Utils.sys.mjs:273:15\nfetch@resource://services-settings/Utils.sys.mjs:224:12\n_fetchAttachment@resource://services-settings/Attachments.sys.mjs:560:35\ndownloadAsBytes@resource://services-settings/Attachments.sys.mjs:537:35\nobserve@resource://gre/modules/AsyncShutdown.sys.mjs:570:17\n","nativeSavedFrame":{}}
2026-06-19 00:58:15,818 - MainProcess[log-interceptor-2519834676]- selenium_firefox     - DEBUG   : BROWSER 2519834676: driver: - message =
2026-06-19 00:58:15,819 - MainProcess[log-interceptor-2519834676]- selenium_firefox     - DEBUG   : BROWSER 2519834676: driver: - name =
2026-06-19 00:58:15,819 - MainProcess[log-interceptor-2519834676]- selenium_firefox     - DEBUG   : BROWSER 2519834676: driver: - result = 2152071198
2026-06-19 00:58:15,819 - MainProcess[log-interceptor-2519834676]- selenium_firefox     - DEBUG   : BROWSER 2519834676: driver: - stack = open@resource://gre/modules/ServiceRequest.sys.mjs:126:11|fetch/<@resource://services-settings/Utils.sys.mjs:273:15|fetch@resource://services-settings/Utils.sys.mjs:224:12|_fetchAttachment@resource://services-settings/Attachments.sys.mjs:560:35|downloadAsBytes@resource://services-settings/Attachments.sys.mjs:537:35|observe@resource://gre/modules/AsyncShutdown.sys.mjs:570:17|
2026-06-19 00:58:15,820 - MainProcess[log-interceptor-2519834676]- selenium_firefox     - DEBUG   : BROWSER 2519834676: driver: - prototype Object
2026-06-19 00:58:15,820 - MainProcess[log-interceptor-2519834676]- selenium_firefox     - DEBUG   : BROWSER 2519834676: driver: console.error: RemoteSecuritySettings:
2026-06-19 00:58:15,820 - MainProcess[log-interceptor-2519834676]- selenium_firefox     - DEBUG   : BROWSER 2519834676: driver: failed to download CRLite filter
2026-06-19 00:58:15,820 - MainProcess[log-interceptor-2519834676]- selenium_firefox     - DEBUG   : BROWSER 2519834676: driver: Object
2026-06-19 00:58:15,821 - MainProcess[log-interceptor-2519834676]- selenium_firefox     - DEBUG   : BROWSER 2519834676: driver: - prototype Object
2026-06-19 00:58:15,821 - MainProcess[log-interceptor-2519834676]- selenium_firefox     - DEBUG   : BROWSER 2519834676: driver: - columnNumber = 11
2026-06-19 00:58:15,821 - MainProcess[log-interceptor-2519834676]- selenium_firefox     - DEBUG   : BROWSER 2519834676: driver: - data = null
2026-06-19 00:58:15,822 - MainProcess[log-interceptor-2519834676]- selenium_firefox     - DEBUG   : BROWSER 2519834676: driver: - filename = resource://gre/modules/ServiceRequest.sys.mjs
2026-06-19 00:58:15,822 - MainProcess[log-interceptor-2519834676]- selenium_firefox     - DEBUG   : BROWSER 2519834676: driver: - lineNumber = 126
2026-06-19 00:58:15,822 - MainProcess[log-interceptor-2519834676]- selenium_firefox     - DEBUG   : BROWSER 2519834676: driver: - location = {"name":"open","filename":"resource://gre/modules/ServiceRequest.sys.mjs","sourceId":25,"lineNumber":126,"columnNumber":11,"asyncCause":null,"asyncCaller":null,"caller":{"filename":"resource://services-settings/Utils.sys.mjs","name":"fetch/<","sourceId":24,"lineNumber":273,"columnNumber":15,"asyncCause":null,"asyncCaller":null,"caller":{"filename":"resource://services-settings/Utils.sys.mjs","name":"fetch","sourceId":24,"lineNumber":224,"columnNumber":12,"asyncCause":null,"asyncCaller":null,"caller":{"filename":"resource://services-settings/Attachments.sys.mjs","name":"_fetchAttachment","sourceId":23,"lineNumber":560,"columnNumber":35,"asyncCause":null,"asyncCaller":null,"caller":{"filename":"resource://services-settings/Attachments.sys.mjs","name":"downloadAsBytes","sourceId":23,"lineNumber":537,"columnNumber":35,"asyncCause":null,"asyncCaller":null,"caller":{"filename":"resource://gre/modules/AsyncShutdown.sys.mjs","name":"observe","sourceId":15,"lineNumber":570,"columnNumber":17,"asyncCause":null,"asyncCaller":null,"caller":null,"formattedStack":"observe@resource://gre/modules/AsyncShutdown.sys.mjs:570:17\n","nativeSavedFrame":{}},"formattedStack":"downloadAsBytes@resource://services-settings/Attachments.sys.mjs:537:35\nobserve@resource://gre/modules/AsyncShutdown.sys.mjs:570:17\n","nativeSavedFrame":{}},"formattedStack":"_fetchAttachment@resource://services-settings/Attachments.sys.mjs:560:35\ndownloadAsBytes@resource://services-settings/Attachments.sys.mjs:537:35\nobserve@resource://gre/modules/AsyncShutdown.sys.mjs:570:17\n","nativeSavedFrame":{}},"formattedStack":"fetch@resource://services-settings/Utils.sys.mjs:224:12\n_fetchAttachment@resource://services-settings/Attachments.sys.mjs:560:35\ndownloadAsBytes@resource://services-settings/Attachments.sys.mjs:537:35\nobserve@resource://gre/modules/AsyncShutdown.sys.mjs:570:17\n","nativeSavedFrame":{}},"formattedStack":"fetch/<@resource://services-settings/Utils.sys.mjs:273:15\nfetch@resource://services-settings/Utils.sys.mjs:224:12\n_fetchAttachment@resource://services-settings/Attachments.sys.mjs:560:35\ndownloadAsBytes@resource://services-settings/Attachments.sys.mjs:537:35\nobserve@resource://gre/modules/AsyncShutdown.sys.mjs:570:17\n","nativeSavedFrame":{}},"formattedStack":"open@resource://gre/modules/ServiceRequest.sys.mjs:126:11\nfetch/<@resource://services-settings/Utils.sys.mjs:273:15\nfetch@resource://services-settings/Utils.sys.mjs:224:12\n_fetchAttachment@resource://services-settings/Attachments.sys.mjs:560:35\ndownloadAsBytes@resource://services-settings/Attachments.sys.mjs:537:35\nobserve@resource://gre/modules/AsyncShutdown.sys.mjs:570:17\n","nativeSavedFrame":{}}
2026-06-19 00:58:15,823 - MainProcess[log-interceptor-2519834676]- selenium_firefox     - DEBUG   : BROWSER 2519834676: driver: - message =
2026-06-19 00:58:15,823 - MainProcess[log-interceptor-2519834676]- selenium_firefox     - DEBUG   : BROWSER 2519834676: driver: - name =
2026-06-19 00:58:15,823 - MainProcess[log-interceptor-2519834676]- selenium_firefox     - DEBUG   : BROWSER 2519834676: driver: - result = 2152071198
2026-06-19 00:58:15,823 - MainProcess[log-interceptor-2519834676]- selenium_firefox     - DEBUG   : BROWSER 2519834676: driver: - stack = open@resource://gre/modules/ServiceRequest.sys.mjs:126:11|fetch/<@resource://services-settings/Utils.sys.mjs:273:15|fetch@resource://services-settings/Utils.sys.mjs:224:12|_fetchAttachment@resource://services-settings/Attachments.sys.mjs:560:35|downloadAsBytes@resource://services-settings/Attachments.sys.mjs:537:35|observe@resource://gre/modules/AsyncShutdown.sys.mjs:570:17|
2026-06-19 00:58:15,824 - MainProcess[log-interceptor-2519834676]- selenium_firefox     - DEBUG   : BROWSER 2519834676: driver: - prototype Object
2026-06-19 00:58:15,824 - MainProcess[log-interceptor-2519834676]- selenium_firefox     - DEBUG   : BROWSER 2519834676: driver: console.error: RemoteSecuritySettings:
2026-06-19 00:58:15,824 - MainProcess[log-interceptor-2519834676]- selenium_firefox     - DEBUG   : BROWSER 2519834676: driver: failed to download CRLite filter
2026-06-19 00:58:15,825 - MainProcess[log-interceptor-2519834676]- selenium_firefox     - DEBUG   : BROWSER 2519834676: driver: Object
2026-06-19 00:58:15,825 - MainProcess[log-interceptor-2519834676]- selenium_firefox     - DEBUG   : BROWSER 2519834676: driver: - prototype Object
2026-06-19 00:58:15,825 - MainProcess[log-interceptor-2519834676]- selenium_firefox     - DEBUG   : BROWSER 2519834676: driver: - columnNumber = 11
2026-06-19 00:58:15,826 - MainProcess[log-interceptor-2519834676]- selenium_firefox     - DEBUG   : BROWSER 2519834676: driver: - data = null
2026-06-19 00:58:15,826 - MainProcess[log-interceptor-2519834676]- selenium_firefox     - DEBUG   : BROWSER 2519834676: driver: - filename = resource://gre/modules/ServiceRequest.sys.mjs
2026-06-19 00:58:15,826 - MainProcess[log-interceptor-2519834676]- selenium_firefox     - DEBUG   : BROWSER 2519834676: driver: - lineNumber = 126
2026-06-19 00:58:15,826 - MainProcess[log-interceptor-2519834676]- selenium_firefox     - DEBUG   : BROWSER 2519834676: driver: - location = {"name":"open","filename":"resource://gre/modules/ServiceRequest.sys.mjs","sourceId":25,"lineNumber":126,"columnNumber":11,"asyncCause":null,"asyncCaller":null,"caller":{"filename":"resource://services-settings/Utils.sys.mjs","name":"fetch/<","sourceId":24,"lineNumber":273,"columnNumber":15,"asyncCause":null,"asyncCaller":null,"caller":{"filename":"resource://services-settings/Utils.sys.mjs","name":"fetch","sourceId":24,"lineNumber":224,"columnNumber":12,"asyncCause":null,"asyncCaller":null,"caller":{"filename":"resource://services-settings/Attachments.sys.mjs","name":"_fetchAttachment","sourceId":23,"lineNumber":560,"columnNumber":35,"asyncCause":null,"asyncCaller":null,"caller":{"filename":"resource://services-settings/Attachments.sys.mjs","name":"downloadAsBytes","sourceId":23,"lineNumber":537,"columnNumber":35,"asyncCause":null,"asyncCaller":null,"caller":{"filename":"resource://gre/modules/AsyncShutdown.sys.mjs","name":"observe","sourceId":15,"lineNumber":570,"columnNumber":17,"asyncCause":null,"asyncCaller":null,"caller":null,"formattedStack":"observe@resource://gre/modules/AsyncShutdown.sys.mjs:570:17\n","nativeSavedFrame":{}},"formattedStack":"downloadAsBytes@resource://services-settings/Attachments.sys.mjs:537:35\nobserve@resource://gre/modules/AsyncShutdown.sys.mjs:570:17\n","nativeSavedFrame":{}},"formattedStack":"_fetchAttachment@resource://services-settings/Attachments.sys.mjs:560:35\ndownloadAsBytes@resource://services-settings/Attachments.sys.mjs:537:35\nobserve@resource://gre/modules/AsyncShutdown.sys.mjs:570:17\n","nativeSavedFrame":{}},"formattedStack":"fetch@resource://services-settings/Utils.sys.mjs:224:12\n_fetchAttachment@resource://services-settings/Attachments.sys.mjs:560:35\ndownloadAsBytes@resource://services-settings/Attachments.sys.mjs:537:35\nobserve@resource://gre/modules/AsyncShutdown.sys.mjs:570:17\n","nativeSavedFrame":{}},"formattedStack":"fetch/<@resource://services-settings/Utils.sys.mjs:273:15\nfetch@resource://services-settings/Utils.sys.mjs:224:12\n_fetchAttachment@resource://services-settings/Attachments.sys.mjs:560:35\ndownloadAsBytes@resource://services-settings/Attachments.sys.mjs:537:35\nobserve@resource://gre/modules/AsyncShutdown.sys.mjs:570:17\n","nativeSavedFrame":{}},"formattedStack":"open@resource://gre/modules/ServiceRequest.sys.mjs:126:11\nfetch/<@resource://services-settings/Utils.sys.mjs:273:15\nfetch@resource://services-settings/Utils.sys.mjs:224:12\n_fetchAttachment@resource://services-settings/Attachments.sys.mjs:560:35\ndownloadAsBytes@resource://services-settings/Attachments.sys.mjs:537:35\nobserve@resource://gre/modules/AsyncShutdown.sys.mjs:570:17\n","nativeSavedFrame":{}}
2026-06-19 00:58:15,827 - MainProcess[log-interceptor-2519834676]- selenium_firefox     - DEBUG   : BROWSER 2519834676: driver: - message =
2026-06-19 00:58:15,827 - MainProcess[log-interceptor-2519834676]- selenium_firefox     - DEBUG   : BROWSER 2519834676: driver: - name =
2026-06-19 00:58:15,827 - MainProcess[log-interceptor-2519834676]- selenium_firefox     - DEBUG   : BROWSER 2519834676: driver: - result = 2152071198
2026-06-19 00:58:15,828 - MainProcess[log-interceptor-2519834676]- selenium_firefox     - DEBUG   : BROWSER 2519834676: driver: - stack = open@resource://gre/modules/ServiceRequest.sys.mjs:126:11|fetch/<@resource://services-settings/Utils.sys.mjs:273:15|fetch@resource://services-settings/Utils.sys.mjs:224:12|_fetchAttachment@resource://services-settings/Attachments.sys.mjs:560:35|downloadAsBytes@resource://services-settings/Attachments.sys.mjs:537:35|observe@resource://gre/modules/AsyncShutdown.sys.mjs:570:17|
2026-06-19 00:58:15,828 - MainProcess[log-interceptor-2519834676]- selenium_firefox     - DEBUG   : BROWSER 2519834676: driver: - prototype Object
2026-06-19 00:58:15,828 - MainProcess[log-interceptor-2519834676]- selenium_firefox     - DEBUG   : BROWSER 2519834676: driver: console.error: RemoteSecuritySettings:
2026-06-19 00:58:15,829 - MainProcess[log-interceptor-2519834676]- selenium_firefox     - DEBUG   : BROWSER 2519834676: driver: failed to download CRLite filter
2026-06-19 00:58:15,829 - MainProcess[log-interceptor-2519834676]- selenium_firefox     - DEBUG   : BROWSER 2519834676: driver: Object
2026-06-19 00:58:15,829 - MainProcess[log-interceptor-2519834676]- selenium_firefox     - DEBUG   : BROWSER 2519834676: driver: - prototype Object
2026-06-19 00:58:15,830 - MainProcess[log-interceptor-2519834676]- selenium_firefox     - DEBUG   : BROWSER 2519834676: driver: - columnNumber = 11
2026-06-19 00:58:15,830 - MainProcess[log-interceptor-2519834676]- selenium_firefox     - DEBUG   : BROWSER 2519834676: driver: - data = null
2026-06-19 00:58:15,830 - MainProcess[log-interceptor-2519834676]- selenium_firefox     - DEBUG   : BROWSER 2519834676: driver: - filename = resource://gre/modules/ServiceRequest.sys.mjs
2026-06-19 00:58:15,830 - MainProcess[log-interceptor-2519834676]- selenium_firefox     - DEBUG   : BROWSER 2519834676: driver: - lineNumber = 126
2026-06-19 00:58:15,831 - MainProcess[log-interceptor-2519834676]- selenium_firefox     - DEBUG   : BROWSER 2519834676: driver: - location = {"name":"open","filename":"resource://gre/modules/ServiceRequest.sys.mjs","sourceId":25,"lineNumber":126,"columnNumber":11,"asyncCause":null,"asyncCaller":null,"caller":{"filename":"resource://services-settings/Utils.sys.mjs","name":"fetch/<","sourceId":24,"lineNumber":273,"columnNumber":15,"asyncCause":null,"asyncCaller":null,"caller":{"filename":"resource://services-settings/Utils.sys.mjs","name":"fetch","sourceId":24,"lineNumber":224,"columnNumber":12,"asyncCause":null,"asyncCaller":null,"caller":{"filename":"resource://services-settings/Attachments.sys.mjs","name":"_fetchAttachment","sourceId":23,"lineNumber":560,"columnNumber":35,"asyncCause":null,"asyncCaller":null,"caller":{"filename":"resource://services-settings/Attachments.sys.mjs","name":"downloadAsBytes","sourceId":23,"lineNumber":537,"columnNumber":35,"asyncCause":null,"asyncCaller":null,"caller":{"filename":"resource://gre/modules/AsyncShutdown.sys.mjs","name":"observe","sourceId":15,"lineNumber":570,"columnNumber":17,"asyncCause":null,"asyncCaller":null,"caller":null,"formattedStack":"observe@resource://gre/modules/AsyncShutdown.sys.mjs:570:17\n","nativeSavedFrame":{}},"formattedStack":"downloadAsBytes@resource://services-settings/Attachments.sys.mjs:537:35\nobserve@resource://gre/modules/AsyncShutdown.sys.mjs:570:17\n","nativeSavedFrame":{}},"formattedStack":"_fetchAttachment@resource://services-settings/Attachments.sys.mjs:560:35\ndownloadAsBytes@resource://services-settings/Attachments.sys.mjs:537:35\nobserve@resource://gre/modules/AsyncShutdown.sys.mjs:570:17\n","nativeSavedFrame":{}},"formattedStack":"fetch@resource://services-settings/Utils.sys.mjs:224:12\n_fetchAttachment@resource://services-settings/Attachments.sys.mjs:560:35\ndownloadAsBytes@resource://services-settings/Attachments.sys.mjs:537:35\nobserve@resource://gre/modules/AsyncShutdown.sys.mjs:570:17\n","nativeSavedFrame":{}},"formattedStack":"fetch/<@resource://services-settings/Utils.sys.mjs:273:15\nfetch@resource://services-settings/Utils.sys.mjs:224:12\n_fetchAttachment@resource://services-settings/Attachments.sys.mjs:560:35\ndownloadAsBytes@resource://services-settings/Attachments.sys.mjs:537:35\nobserve@resource://gre/modules/AsyncShutdown.sys.mjs:570:17\n","nativeSavedFrame":{}},"formattedStack":"open@resource://gre/modules/ServiceRequest.sys.mjs:126:11\nfetch/<@resource://services-settings/Utils.sys.mjs:273:15\nfetch@resource://services-settings/Utils.sys.mjs:224:12\n_fetchAttachment@resource://services-settings/Attachments.sys.mjs:560:35\ndownloadAsBytes@resource://services-settings/Attachments.sys.mjs:537:35\nobserve@resource://gre/modules/AsyncShutdown.sys.mjs:570:17\n","nativeSavedFrame":{}}
2026-06-19 00:58:15,831 - MainProcess[log-interceptor-2519834676]- selenium_firefox     - DEBUG   : BROWSER 2519834676: driver: - message =
2026-06-19 00:58:15,831 - MainProcess[log-interceptor-2519834676]- selenium_firefox     - DEBUG   : BROWSER 2519834676: driver: - name =
2026-06-19 00:58:15,832 - MainProcess[log-interceptor-2519834676]- selenium_firefox     - DEBUG   : BROWSER 2519834676: driver: - result = 2152071198
2026-06-19 00:58:15,832 - MainProcess[log-interceptor-2519834676]- selenium_firefox     - DEBUG   : BROWSER 2519834676: driver: - stack = open@resource://gre/modules/ServiceRequest.sys.mjs:126:11|fetch/<@resource://services-settings/Utils.sys.mjs:273:15|fetch@resource://services-settings/Utils.sys.mjs:224:12|_fetchAttachment@resource://services-settings/Attachments.sys.mjs:560:35|downloadAsBytes@resource://services-settings/Attachments.sys.mjs:537:35|observe@resource://gre/modules/AsyncShutdown.sys.mjs:570:17|
2026-06-19 00:58:15,832 - MainProcess[log-interceptor-2519834676]- selenium_firefox     - DEBUG   : BROWSER 2519834676: driver: - prototype Object
2026-06-19 00:58:15,833 - MainProcess[log-interceptor-2519834676]- selenium_firefox     - DEBUG   : BROWSER 2519834676: driver: console.error: RemoteSecuritySettings:
2026-06-19 00:58:15,833 - MainProcess[log-interceptor-2519834676]- selenium_firefox     - DEBUG   : BROWSER 2519834676: driver: failed to download CRLite filter
2026-06-19 00:58:15,833 - MainProcess[log-interceptor-2519834676]- selenium_firefox     - DEBUG   : BROWSER 2519834676: driver: Object
2026-06-19 00:58:15,834 - MainProcess[log-interceptor-2519834676]- selenium_firefox     - DEBUG   : BROWSER 2519834676: driver: - prototype Object
2026-06-19 00:58:15,834 - MainProcess[log-interceptor-2519834676]- selenium_firefox     - DEBUG   : BROWSER 2519834676: driver: - columnNumber = 11
2026-06-19 00:58:15,834 - MainProcess[log-interceptor-2519834676]- selenium_firefox     - DEBUG   : BROWSER 2519834676: driver: - data = null
2026-06-19 00:58:15,834 - MainProcess[log-interceptor-2519834676]- selenium_firefox     - DEBUG   : BROWSER 2519834676: driver: - filename = resource://gre/modules/ServiceRequest.sys.mjs
2026-06-19 00:58:15,834 - MainProcess[log-interceptor-2519834676]- selenium_firefox     - DEBUG   : BROWSER 2519834676: driver: - lineNumber = 126
2026-06-19 00:58:15,835 - MainProcess[log-interceptor-2519834676]- selenium_firefox     - DEBUG   : BROWSER 2519834676: driver: - location = {"name":"open","filename":"resource://gre/modules/ServiceRequest.sys.mjs","sourceId":25,"lineNumber":126,"columnNumber":11,"asyncCause":null,"asyncCaller":null,"caller":{"filename":"resource://services-settings/Utils.sys.mjs","name":"fetch/<","sourceId":24,"lineNumber":273,"columnNumber":15,"asyncCause":null,"asyncCaller":null,"caller":{"filename":"resource://services-settings/Utils.sys.mjs","name":"fetch","sourceId":24,"lineNumber":224,"columnNumber":12,"asyncCause":null,"asyncCaller":null,"caller":{"filename":"resource://services-settings/Attachments.sys.mjs","name":"_fetchAttachment","sourceId":23,"lineNumber":560,"columnNumber":35,"asyncCause":null,"asyncCaller":null,"caller":{"filename":"resource://services-settings/Attachments.sys.mjs","name":"downloadAsBytes","sourceId":23,"lineNumber":537,"columnNumber":35,"asyncCause":null,"asyncCaller":null,"caller":{"filename":"resource://gre/modules/AsyncShutdown.sys.mjs","name":"observe","sourceId":15,"lineNumber":570,"columnNumber":17,"asyncCause":null,"asyncCaller":null,"caller":null,"formattedStack":"observe@resource://gre/modules/AsyncShutdown.sys.mjs:570:17\n","nativeSavedFrame":{}},"formattedStack":"downloadAsBytes@resource://services-settings/Attachments.sys.mjs:537:35\nobserve@resource://gre/modules/AsyncShutdown.sys.mjs:570:17\n","nativeSavedFrame":{}},"formattedStack":"_fetchAttachment@resource://services-settings/Attachments.sys.mjs:560:35\ndownloadAsBytes@resource://services-settings/Attachments.sys.mjs:537:35\nobserve@resource://gre/modules/AsyncShutdown.sys.mjs:570:17\n","nativeSavedFrame":{}},"formattedStack":"fetch@resource://services-settings/Utils.sys.mjs:224:12\n_fetchAttachment@resource://services-settings/Attachments.sys.mjs:560:35\ndownloadAsBytes@resource://services-settings/Attachments.sys.mjs:537:35\nobserve@resource://gre/modules/AsyncShutdown.sys.mjs:570:17\n","nativeSavedFrame":{}},"formattedStack":"fetch/<@resource://services-settings/Utils.sys.mjs:273:15\nfetch@resource://services-settings/Utils.sys.mjs:224:12\n_fetchAttachment@resource://services-settings/Attachments.sys.mjs:560:35\ndownloadAsBytes@resource://services-settings/Attachments.sys.mjs:537:35\nobserve@resource://gre/modules/AsyncShutdown.sys.mjs:570:17\n","nativeSavedFrame":{}},"formattedStack":"open@resource://gre/modules/ServiceRequest.sys.mjs:126:11\nfetch/<@resource://services-settings/Utils.sys.mjs:273:15\nfetch@resource://services-settings/Utils.sys.mjs:224:12\n_fetchAttachment@resource://services-settings/Attachments.sys.mjs:560:35\ndownloadAsBytes@resource://services-settings/Attachments.sys.mjs:537:35\nobserve@resource://gre/modules/AsyncShutdown.sys.mjs:570:17\n","nativeSavedFrame":{}}
2026-06-19 00:58:15,835 - MainProcess[log-interceptor-2519834676]- selenium_firefox     - DEBUG   : BROWSER 2519834676: driver: - message =
2026-06-19 00:58:15,835 - MainProcess[log-interceptor-2519834676]- selenium_firefox     - DEBUG   : BROWSER 2519834676: driver: - name =
2026-06-19 00:58:15,835 - MainProcess[log-interceptor-2519834676]- selenium_firefox     - DEBUG   : BROWSER 2519834676: driver: - result = 2152071198
2026-06-19 00:58:15,835 - MainProcess[log-interceptor-2519834676]- selenium_firefox     - DEBUG   : BROWSER 2519834676: driver: - stack = open@resource://gre/modules/ServiceRequest.sys.mjs:126:11|fetch/<@resource://services-settings/Utils.sys.mjs:273:15|fetch@resource://services-settings/Utils.sys.mjs:224:12|_fetchAttachment@resource://services-settings/Attachments.sys.mjs:560:35|downloadAsBytes@resource://services-settings/Attachments.sys.mjs:537:35|observe@resource://gre/modules/AsyncShutdown.sys.mjs:570:17|
2026-06-19 00:58:15,836 - MainProcess[log-interceptor-2519834676]- selenium_firefox     - DEBUG   : BROWSER 2519834676: driver: - prototype Object
2026-06-19 00:58:15,836 - MainProcess[log-interceptor-2519834676]- selenium_firefox     - DEBUG   : BROWSER 2519834676: driver: console.error: RemoteSecuritySettings:
2026-06-19 00:58:15,836 - MainProcess[log-interceptor-2519834676]- selenium_firefox     - DEBUG   : BROWSER 2519834676: driver: failed to download CRLite filter
2026-06-19 00:58:15,836 - MainProcess[log-interceptor-2519834676]- selenium_firefox     - DEBUG   : BROWSER 2519834676: driver: Object
2026-06-19 00:58:15,836 - MainProcess[log-interceptor-2519834676]- selenium_firefox     - DEBUG   : BROWSER 2519834676: driver: - prototype Object
2026-06-19 00:58:15,836 - MainProcess[log-interceptor-2519834676]- selenium_firefox     - DEBUG   : BROWSER 2519834676: driver: - columnNumber = 11
2026-06-19 00:58:15,837 - MainProcess[log-interceptor-2519834676]- selenium_firefox     - DEBUG   : BROWSER 2519834676: driver: - data = null
2026-06-19 00:58:15,837 - MainProcess[log-interceptor-2519834676]- selenium_firefox     - DEBUG   : BROWSER 2519834676: driver: - filename = resource://gre/modules/ServiceRequest.sys.mjs
2026-06-19 00:58:15,837 - MainProcess[log-interceptor-2519834676]- selenium_firefox     - DEBUG   : BROWSER 2519834676: driver: - lineNumber = 126
2026-06-19 00:58:15,837 - MainProcess[log-interceptor-2519834676]- selenium_firefox     - DEBUG   : BROWSER 2519834676: driver: - location = {"name":"open","filename":"resource://gre/modules/ServiceRequest.sys.mjs","sourceId":25,"lineNumber":126,"columnNumber":11,"asyncCause":null,"asyncCaller":null,"caller":{"filename":"resource://services-settings/Utils.sys.mjs","name":"fetch/<","sourceId":24,"lineNumber":273,"columnNumber":15,"asyncCause":null,"asyncCaller":null,"caller":{"filename":"resource://services-settings/Utils.sys.mjs","name":"fetch","sourceId":24,"lineNumber":224,"columnNumber":12,"asyncCause":null,"asyncCaller":null,"caller":{"filename":"resource://services-settings/Attachments.sys.mjs","name":"_fetchAttachment","sourceId":23,"lineNumber":560,"columnNumber":35,"asyncCause":null,"asyncCaller":null,"caller":{"filename":"resource://services-settings/Attachments.sys.mjs","name":"downloadAsBytes","sourceId":23,"lineNumber":537,"columnNumber":35,"asyncCause":null,"asyncCaller":null,"caller":{"filename":"resource://gre/modules/AsyncShutdown.sys.mjs","name":"observe","sourceId":15,"lineNumber":570,"columnNumber":17,"asyncCause":null,"asyncCaller":null,"caller":null,"formattedStack":"observe@resource://gre/modules/AsyncShutdown.sys.mjs:570:17\n","nativeSavedFrame":{}},"formattedStack":"downloadAsBytes@resource://services-settings/Attachments.sys.mjs:537:35\nobserve@resource://gre/modules/AsyncShutdown.sys.mjs:570:17\n","nativeSavedFrame":{}},"formattedStack":"_fetchAttachment@resource://services-settings/Attachments.sys.mjs:560:35\ndownloadAsBytes@resource://services-settings/Attachments.sys.mjs:537:35\nobserve@resource://gre/modules/AsyncShutdown.sys.mjs:570:17\n","nativeSavedFrame":{}},"formattedStack":"fetch@resource://services-settings/Utils.sys.mjs:224:12\n_fetchAttachment@resource://services-settings/Attachments.sys.mjs:560:35\ndownloadAsBytes@resource://services-settings/Attachments.sys.mjs:537:35\nobserve@resource://gre/modules/AsyncShutdown.sys.mjs:570:17\n","nativeSavedFrame":{}},"formattedStack":"fetch/<@resource://services-settings/Utils.sys.mjs:273:15\nfetch@resource://services-settings/Utils.sys.mjs:224:12\n_fetchAttachment@resource://services-settings/Attachments.sys.mjs:560:35\ndownloadAsBytes@resource://services-settings/Attachments.sys.mjs:537:35\nobserve@resource://gre/modules/AsyncShutdown.sys.mjs:570:17\n","nativeSavedFrame":{}},"formattedStack":"open@resource://gre/modules/ServiceRequest.sys.mjs:126:11\nfetch/<@resource://services-settings/Utils.sys.mjs:273:15\nfetch@resource://services-settings/Utils.sys.mjs:224:12\n_fetchAttachment@resource://services-settings/Attachments.sys.mjs:560:35\ndownloadAsBytes@resource://services-settings/Attachments.sys.mjs:537:35\nobserve@resource://gre/modules/AsyncShutdown.sys.mjs:570:17\n","nativeSavedFrame":{}}
2026-06-19 00:58:15,837 - MainProcess[log-interceptor-2519834676]- selenium_firefox     - DEBUG   : BROWSER 2519834676: driver: - message =
2026-06-19 00:58:15,838 - MainProcess[log-interceptor-2519834676]- selenium_firefox     - DEBUG   : BROWSER 2519834676: driver: - name =
2026-06-19 00:58:15,838 - MainProcess[log-interceptor-2519834676]- selenium_firefox     - DEBUG   : BROWSER 2519834676: driver: - result = 2152071198
2026-06-19 00:58:15,838 - MainProcess[log-interceptor-2519834676]- selenium_firefox     - DEBUG   : BROWSER 2519834676: driver: - stack = open@resource://gre/modules/ServiceRequest.sys.mjs:126:11|fetch/<@resource://services-settings/Utils.sys.mjs:273:15|fetch@resource://services-settings/Utils.sys.mjs:224:12|_fetchAttachment@resource://services-settings/Attachments.sys.mjs:560:35|downloadAsBytes@resource://services-settings/Attachments.sys.mjs:537:35|observe@resource://gre/modules/AsyncShutdown.sys.mjs:570:17|
2026-06-19 00:58:15,838 - MainProcess[log-interceptor-2519834676]- selenium_firefox     - DEBUG   : BROWSER 2519834676: driver: - prototype Object
2026-06-19 00:58:15,838 - MainProcess[log-interceptor-2519834676]- selenium_firefox     - DEBUG   : BROWSER 2519834676: driver: console.error: RemoteSecuritySettings:
2026-06-19 00:58:15,838 - MainProcess[log-interceptor-2519834676]- selenium_firefox     - DEBUG   : BROWSER 2519834676: driver: failed to download CRLite filter
2026-06-19 00:58:15,839 - MainProcess[log-interceptor-2519834676]- selenium_firefox     - DEBUG   : BROWSER 2519834676: driver: Object
2026-06-19 00:58:15,839 - MainProcess[log-interceptor-2519834676]- selenium_firefox     - DEBUG   : BROWSER 2519834676: driver: - prototype Object
2026-06-19 00:58:15,839 - MainProcess[log-interceptor-2519834676]- selenium_firefox     - DEBUG   : BROWSER 2519834676: driver: - columnNumber = 11
2026-06-19 00:58:15,839 - MainProcess[log-interceptor-2519834676]- selenium_firefox     - DEBUG   : BROWSER 2519834676: driver: - data = null
2026-06-19 00:58:15,840 - MainProcess[log-interceptor-2519834676]- selenium_firefox     - DEBUG   : BROWSER 2519834676: driver: - filename = resource://gre/modules/ServiceRequest.sys.mjs
2026-06-19 00:58:15,840 - MainProcess[log-interceptor-2519834676]- selenium_firefox     - DEBUG   : BROWSER 2519834676: driver: - lineNumber = 126
2026-06-19 00:58:15,840 - MainProcess[log-interceptor-2519834676]- selenium_firefox     - DEBUG   : BROWSER 2519834676: driver: - location = {"name":"open","filename":"resource://gre/modules/ServiceRequest.sys.mjs","sourceId":25,"lineNumber":126,"columnNumber":11,"asyncCause":null,"asyncCaller":null,"caller":{"filename":"resource://services-settings/Utils.sys.mjs","name":"fetch/<","sourceId":24,"lineNumber":273,"columnNumber":15,"asyncCause":null,"asyncCaller":null,"caller":{"filename":"resource://services-settings/Utils.sys.mjs","name":"fetch","sourceId":24,"lineNumber":224,"columnNumber":12,"asyncCause":null,"asyncCaller":null,"caller":{"filename":"resource://services-settings/Attachments.sys.mjs","name":"_fetchAttachment","sourceId":23,"lineNumber":560,"columnNumber":35,"asyncCause":null,"asyncCaller":null,"caller":{"filename":"resource://services-settings/Attachments.sys.mjs","name":"downloadAsBytes","sourceId":23,"lineNumber":537,"columnNumber":35,"asyncCause":null,"asyncCaller":null,"caller":{"filename":"resource://gre/modules/AsyncShutdown.sys.mjs","name":"observe","sourceId":15,"lineNumber":570,"columnNumber":17,"asyncCause":null,"asyncCaller":null,"caller":null,"formattedStack":"observe@resource://gre/modules/AsyncShutdown.sys.mjs:570:17\n","nativeSavedFrame":{}},"formattedStack":"downloadAsBytes@resource://services-settings/Attachments.sys.mjs:537:35\nobserve@resource://gre/modules/AsyncShutdown.sys.mjs:570:17\n","nativeSavedFrame":{}},"formattedStack":"_fetchAttachment@resource://services-settings/Attachments.sys.mjs:560:35\ndownloadAsBytes@resource://services-settings/Attachments.sys.mjs:537:35\nobserve@resource://gre/modules/AsyncShutdown.sys.mjs:570:17\n","nativeSavedFrame":{}},"formattedStack":"fetch@resource://services-settings/Utils.sys.mjs:224:12\n_fetchAttachment@resource://services-settings/Attachments.sys.mjs:560:35\ndownloadAsBytes@resource://services-settings/Attachments.sys.mjs:537:35\nobserve@resource://gre/modules/AsyncShutdown.sys.mjs:570:17\n","nativeSavedFrame":{}},"formattedStack":"fetch/<@resource://services-settings/Utils.sys.mjs:273:15\nfetch@resource://services-settings/Utils.sys.mjs:224:12\n_fetchAttachment@resource://services-settings/Attachments.sys.mjs:560:35\ndownloadAsBytes@resource://services-settings/Attachments.sys.mjs:537:35\nobserve@resource://gre/modules/AsyncShutdown.sys.mjs:570:17\n","nativeSavedFrame":{}},"formattedStack":"open@resource://gre/modules/ServiceRequest.sys.mjs:126:11\nfetch/<@resource://services-settings/Utils.sys.mjs:273:15\nfetch@resource://services-settings/Utils.sys.mjs:224:12\n_fetchAttachment@resource://services-settings/Attachments.sys.mjs:560:35\ndownloadAsBytes@resource://services-settings/Attachments.sys.mjs:537:35\nobserve@resource://gre/modules/AsyncShutdown.sys.mjs:570:17\n","nativeSavedFrame":{}}
2026-06-19 00:58:15,841 - MainProcess[log-interceptor-2519834676]- selenium_firefox     - DEBUG   : BROWSER 2519834676: driver: - message =
2026-06-19 00:58:15,841 - MainProcess[log-interceptor-2519834676]- selenium_firefox     - DEBUG   : BROWSER 2519834676: driver: - name =
2026-06-19 00:58:15,841 - MainProcess[log-interceptor-2519834676]- selenium_firefox     - DEBUG   : BROWSER 2519834676: driver: - result = 2152071198
2026-06-19 00:58:15,842 - MainProcess[log-interceptor-2519834676]- selenium_firefox     - DEBUG   : BROWSER 2519834676: driver: - stack = open@resource://gre/modules/ServiceRequest.sys.mjs:126:11|fetch/<@resource://services-settings/Utils.sys.mjs:273:15|fetch@resource://services-settings/Utils.sys.mjs:224:12|_fetchAttachment@resource://services-settings/Attachments.sys.mjs:560:35|downloadAsBytes@resource://services-settings/Attachments.sys.mjs:537:35|observe@resource://gre/modules/AsyncShutdown.sys.mjs:570:17|
2026-06-19 00:58:15,842 - MainProcess[log-interceptor-2519834676]- selenium_firefox     - DEBUG   : BROWSER 2519834676: driver: - prototype Object
2026-06-19 00:58:15,843 - MainProcess[log-interceptor-2519834676]- selenium_firefox     - DEBUG   : BROWSER 2519834676: driver: console.error: RemoteSecuritySettings:
2026-06-19 00:58:15,843 - MainProcess[log-interceptor-2519834676]- selenium_firefox     - DEBUG   : BROWSER 2519834676: driver: failed to download CRLite filter
2026-06-19 00:58:15,845 - MainProcess[log-interceptor-2519834676]- selenium_firefox     - DEBUG   : BROWSER 2519834676: driver: Object
2026-06-19 00:58:15,845 - MainProcess[log-interceptor-2519834676]- selenium_firefox     - DEBUG   : BROWSER 2519834676: driver: - prototype Object
2026-06-19 00:58:15,846 - MainProcess[log-interceptor-2519834676]- selenium_firefox     - DEBUG   : BROWSER 2519834676: driver: - columnNumber = 11
2026-06-19 00:58:15,846 - MainProcess[log-interceptor-2519834676]- selenium_firefox     - DEBUG   : BROWSER 2519834676: driver: - data = null
2026-06-19 00:58:15,846 - MainProcess[log-interceptor-2519834676]- selenium_firefox     - DEBUG   : BROWSER 2519834676: driver: - filename = resource://gre/modules/ServiceRequest.sys.mjs
2026-06-19 00:58:15,847 - MainProcess[log-interceptor-2519834676]- selenium_firefox     - DEBUG   : BROWSER 2519834676: driver: - lineNumber = 126
2026-06-19 00:58:15,847 - MainProcess[log-interceptor-2519834676]- selenium_firefox     - DEBUG   : BROWSER 2519834676: driver: - location = {"name":"open","filename":"resource://gre/modules/ServiceRequest.sys.mjs","sourceId":25,"lineNumber":126,"columnNumber":11,"asyncCause":null,"asyncCaller":null,"caller":{"filename":"resource://services-settings/Utils.sys.mjs","name":"fetch/<","sourceId":24,"lineNumber":273,"columnNumber":15,"asyncCause":null,"asyncCaller":null,"caller":{"filename":"resource://services-settings/Utils.sys.mjs","name":"fetch","sourceId":24,"lineNumber":224,"columnNumber":12,"asyncCause":null,"asyncCaller":null,"caller":{"filename":"resource://services-settings/Attachments.sys.mjs","name":"_fetchAttachment","sourceId":23,"lineNumber":560,"columnNumber":35,"asyncCause":null,"asyncCaller":null,"caller":{"filename":"resource://services-settings/Attachments.sys.mjs","name":"downloadAsBytes","sourceId":23,"lineNumber":537,"columnNumber":35,"asyncCause":null,"asyncCaller":null,"caller":{"filename":"resource://gre/modules/AsyncShutdown.sys.mjs","name":"observe","sourceId":15,"lineNumber":570,"columnNumber":17,"asyncCause":null,"asyncCaller":null,"caller":null,"formattedStack":"observe@resource://gre/modules/AsyncShutdown.sys.mjs:570:17\n","nativeSavedFrame":{}},"formattedStack":"downloadAsBytes@resource://services-settings/Attachments.sys.mjs:537:35\nobserve@resource://gre/modules/AsyncShutdown.sys.mjs:570:17\n","nativeSavedFrame":{}},"formattedStack":"_fetchAttachment@resource://services-settings/Attachments.sys.mjs:560:35\ndownloadAsBytes@resource://services-settings/Attachments.sys.mjs:537:35\nobserve@resource://gre/modules/AsyncShutdown.sys.mjs:570:17\n","nativeSavedFrame":{}},"formattedStack":"fetch@resource://services-settings/Utils.sys.mjs:224:12\n_fetchAttachment@resource://services-settings/Attachments.sys.mjs:560:35\ndownloadAsBytes@resource://services-settings/Attachments.sys.mjs:537:35\nobserve@resource://gre/modules/AsyncShutdown.sys.mjs:570:17\n","nativeSavedFrame":{}},"formattedStack":"fetch/<@resource://services-settings/Utils.sys.mjs:273:15\nfetch@resource://services-settings/Utils.sys.mjs:224:12\n_fetchAttachment@resource://services-settings/Attachments.sys.mjs:560:35\ndownloadAsBytes@resource://services-settings/Attachments.sys.mjs:537:35\nobserve@resource://gre/modules/AsyncShutdown.sys.mjs:570:17\n","nativeSavedFrame":{}},"formattedStack":"open@resource://gre/modules/ServiceRequest.sys.mjs:126:11\nfetch/<@resource://services-settings/Utils.sys.mjs:273:15\nfetch@resource://services-settings/Utils.sys.mjs:224:12\n_fetchAttachment@resource://services-settings/Attachments.sys.mjs:560:35\ndownloadAsBytes@resource://services-settings/Attachments.sys.mjs:537:35\nobserve@resource://gre/modules/AsyncShutdown.sys.mjs:570:17\n","nativeSavedFrame":{}}
2026-06-19 00:58:15,847 - MainProcess[log-interceptor-2519834676]- selenium_firefox     - DEBUG   : BROWSER 2519834676: driver: - message =
2026-06-19 00:58:15,848 - MainProcess[log-interceptor-2519834676]- selenium_firefox     - DEBUG   : BROWSER 2519834676: driver: - name =
2026-06-19 00:58:15,848 - MainProcess[log-interceptor-2519834676]- selenium_firefox     - DEBUG   : BROWSER 2519834676: driver: - result = 2152071198
2026-06-19 00:58:15,848 - MainProcess[log-interceptor-2519834676]- selenium_firefox     - DEBUG   : BROWSER 2519834676: driver: - stack = open@resource://gre/modules/ServiceRequest.sys.mjs:126:11|fetch/<@resource://services-settings/Utils.sys.mjs:273:15|fetch@resource://services-settings/Utils.sys.mjs:224:12|_fetchAttachment@resource://services-settings/Attachments.sys.mjs:560:35|downloadAsBytes@resource://services-settings/Attachments.sys.mjs:537:35|observe@resource://gre/modules/AsyncShutdown.sys.mjs:570:17|
2026-06-19 00:58:15,849 - MainProcess[log-interceptor-2519834676]- selenium_firefox     - DEBUG   : BROWSER 2519834676: driver: - prototype Object
2026-06-19 00:58:15,849 - MainProcess[log-interceptor-2519834676]- selenium_firefox     - DEBUG   : BROWSER 2519834676: driver: console.error: RemoteSecuritySettings:
2026-06-19 00:58:15,852 - MainProcess[log-interceptor-2519834676]- selenium_firefox     - DEBUG   : BROWSER 2519834676: driver: failed to download CRLite filter
2026-06-19 00:58:15,852 - MainProcess[log-interceptor-2519834676]- selenium_firefox     - DEBUG   : BROWSER 2519834676: driver: Object
2026-06-19 00:58:15,852 - MainProcess[log-interceptor-2519834676]- selenium_firefox     - DEBUG   : BROWSER 2519834676: driver: - prototype Object
2026-06-19 00:58:15,853 - MainProcess[log-interceptor-2519834676]- selenium_firefox     - DEBUG   : BROWSER 2519834676: driver: - columnNumber = 11
2026-06-19 00:58:15,853 - MainProcess[log-interceptor-2519834676]- selenium_firefox     - DEBUG   : BROWSER 2519834676: driver: - data = null
2026-06-19 00:58:15,854 - MainProcess[log-interceptor-2519834676]- selenium_firefox     - DEBUG   : BROWSER 2519834676: driver: - filename = resource://gre/modules/ServiceRequest.sys.mjs
2026-06-19 00:58:15,854 - MainProcess[log-interceptor-2519834676]- selenium_firefox     - DEBUG   : BROWSER 2519834676: driver: - lineNumber = 126
2026-06-19 00:58:15,854 - MainProcess[log-interceptor-2519834676]- selenium_firefox     - DEBUG   : BROWSER 2519834676: driver: - location = {"name":"open","filename":"resource://gre/modules/ServiceRequest.sys.mjs","sourceId":25,"lineNumber":126,"columnNumber":11,"asyncCause":null,"asyncCaller":null,"caller":{"filename":"resource://services-settings/Utils.sys.mjs","name":"fetch/<","sourceId":24,"lineNumber":273,"columnNumber":15,"asyncCause":null,"asyncCaller":null,"caller":{"filename":"resource://services-settings/Utils.sys.mjs","name":"fetch","sourceId":24,"lineNumber":224,"columnNumber":12,"asyncCause":null,"asyncCaller":null,"caller":{"filename":"resource://services-settings/Attachments.sys.mjs","name":"_fetchAttachment","sourceId":23,"lineNumber":560,"columnNumber":35,"asyncCause":null,"asyncCaller":null,"caller":{"filename":"resource://services-settings/Attachments.sys.mjs","name":"downloadAsBytes","sourceId":23,"lineNumber":537,"columnNumber":35,"asyncCause":null,"asyncCaller":null,"caller":{"filename":"resource://gre/modules/AsyncShutdown.sys.mjs","name":"observe","sourceId":15,"lineNumber":570,"columnNumber":17,"asyncCause":null,"asyncCaller":null,"caller":null,"formattedStack":"observe@resource://gre/modules/AsyncShutdown.sys.mjs:570:17\n","nativeSavedFrame":{}},"formattedStack":"downloadAsBytes@resource://services-settings/Attachments.sys.mjs:537:35\nobserve@resource://gre/modules/AsyncShutdown.sys.mjs:570:17\n","nativeSavedFrame":{}},"formattedStack":"_fetchAttachment@resource://services-settings/Attachments.sys.mjs:560:35\ndownloadAsBytes@resource://services-settings/Attachments.sys.mjs:537:35\nobserve@resource://gre/modules/AsyncShutdown.sys.mjs:570:17\n","nativeSavedFrame":{}},"formattedStack":"fetch@resource://services-settings/Utils.sys.mjs:224:12\n_fetchAttachment@resource://services-settings/Attachments.sys.mjs:560:35\ndownloadAsBytes@resource://services-settings/Attachments.sys.mjs:537:35\nobserve@resource://gre/modules/AsyncShutdown.sys.mjs:570:17\n","nativeSavedFrame":{}},"formattedStack":"fetch/<@resource://services-settings/Utils.sys.mjs:273:15\nfetch@resource://services-settings/Utils.sys.mjs:224:12\n_fetchAttachment@resource://services-settings/Attachments.sys.mjs:560:35\ndownloadAsBytes@resource://services-settings/Attachments.sys.mjs:537:35\nobserve@resource://gre/modules/AsyncShutdown.sys.mjs:570:17\n","nativeSavedFrame":{}},"formattedStack":"open@resource://gre/modules/ServiceRequest.sys.mjs:126:11\nfetch/<@resource://services-settings/Utils.sys.mjs:273:15\nfetch@resource://services-settings/Utils.sys.mjs:224:12\n_fetchAttachment@resource://services-settings/Attachments.sys.mjs:560:35\ndownloadAsBytes@resource://services-settings/Attachments.sys.mjs:537:35\nobserve@resource://gre/modules/AsyncShutdown.sys.mjs:570:17\n","nativeSavedFrame":{}}
2026-06-19 00:58:15,855 - MainProcess[log-interceptor-2519834676]- selenium_firefox     - DEBUG   : BROWSER 2519834676: driver: - message =
2026-06-19 00:58:15,860 - MainProcess[log-interceptor-2519834676]- selenium_firefox     - DEBUG   : BROWSER 2519834676: driver: - name =
2026-06-19 00:58:15,861 - MainProcess[log-interceptor-2519834676]- selenium_firefox     - DEBUG   : BROWSER 2519834676: driver: - result = 2152071198
2026-06-19 00:58:15,861 - MainProcess[log-interceptor-2519834676]- selenium_firefox     - DEBUG   : BROWSER 2519834676: driver: - stack = open@resource://gre/modules/ServiceRequest.sys.mjs:126:11|fetch/<@resource://services-settings/Utils.sys.mjs:273:15|fetch@resource://services-settings/Utils.sys.mjs:224:12|_fetchAttachment@resource://services-settings/Attachments.sys.mjs:560:35|downloadAsBytes@resource://services-settings/Attachments.sys.mjs:537:35|observe@resource://gre/modules/AsyncShutdown.sys.mjs:570:17|
2026-06-19 00:58:15,861 - MainProcess[log-interceptor-2519834676]- selenium_firefox     - DEBUG   : BROWSER 2519834676: driver: - prototype Object
2026-06-19 00:58:15,862 - MainProcess[log-interceptor-2519834676]- selenium_firefox     - DEBUG   : BROWSER 2519834676: driver: console.error: RemoteSecuritySettings:
2026-06-19 00:58:15,862 - MainProcess[log-interceptor-2519834676]- selenium_firefox     - DEBUG   : BROWSER 2519834676: driver: failed to download CRLite filter
2026-06-19 00:58:15,863 - MainProcess[log-interceptor-2519834676]- selenium_firefox     - DEBUG   : BROWSER 2519834676: driver: Object
2026-06-19 00:58:15,863 - MainProcess[log-interceptor-2519834676]- selenium_firefox     - DEBUG   : BROWSER 2519834676: driver: - prototype Object
2026-06-19 00:58:15,867 - MainProcess[log-interceptor-2519834676]- selenium_firefox     - DEBUG   : BROWSER 2519834676: driver: - columnNumber = 11
2026-06-19 00:58:15,868 - MainProcess[log-interceptor-2519834676]- selenium_firefox     - DEBUG   : BROWSER 2519834676: driver: - data = null
2026-06-19 00:58:15,869 - MainProcess[log-interceptor-2519834676]- selenium_firefox     - DEBUG   : BROWSER 2519834676: driver: - filename = resource://gre/modules/ServiceRequest.sys.mjs
2026-06-19 00:58:15,870 - MainProcess[log-interceptor-2519834676]- selenium_firefox     - DEBUG   : BROWSER 2519834676: driver: - lineNumber = 126
2026-06-19 00:58:15,870 - MainProcess[log-interceptor-2519834676]- selenium_firefox     - DEBUG   : BROWSER 2519834676: driver: - location = {"name":"open","filename":"resource://gre/modules/ServiceRequest.sys.mjs","sourceId":25,"lineNumber":126,"columnNumber":11,"asyncCause":null,"asyncCaller":null,"caller":{"filename":"resource://services-settings/Utils.sys.mjs","name":"fetch/<","sourceId":24,"lineNumber":273,"columnNumber":15,"asyncCause":null,"asyncCaller":null,"caller":{"filename":"resource://services-settings/Utils.sys.mjs","name":"fetch","sourceId":24,"lineNumber":224,"columnNumber":12,"asyncCause":null,"asyncCaller":null,"caller":{"filename":"resource://services-settings/Attachments.sys.mjs","name":"_fetchAttachment","sourceId":23,"lineNumber":560,"columnNumber":35,"asyncCause":null,"asyncCaller":null,"caller":{"filename":"resource://services-settings/Attachments.sys.mjs","name":"downloadAsBytes","sourceId":23,"lineNumber":537,"columnNumber":35,"asyncCause":null,"asyncCaller":null,"caller":{"filename":"resource://gre/modules/AsyncShutdown.sys.mjs","name":"observe","sourceId":15,"lineNumber":570,"columnNumber":17,"asyncCause":null,"asyncCaller":null,"caller":null,"formattedStack":"observe@resource://gre/modules/AsyncShutdown.sys.mjs:570:17\n","nativeSavedFrame":{}},"formattedStack":"downloadAsBytes@resource://services-settings/Attachments.sys.mjs:537:35\nobserve@resource://gre/modules/AsyncShutdown.sys.mjs:570:17\n","nativeSavedFrame":{}},"formattedStack":"_fetchAttachment@resource://services-settings/Attachments.sys.mjs:560:35\ndownloadAsBytes@resource://services-settings/Attachments.sys.mjs:537:35\nobserve@resource://gre/modules/AsyncShutdown.sys.mjs:570:17\n","nativeSavedFrame":{}},"formattedStack":"fetch@resource://services-settings/Utils.sys.mjs:224:12\n_fetchAttachment@resource://services-settings/Attachments.sys.mjs:560:35\ndownloadAsBytes@resource://services-settings/Attachments.sys.mjs:537:35\nobserve@resource://gre/modules/AsyncShutdown.sys.mjs:570:17\n","nativeSavedFrame":{}},"formattedStack":"fetch/<@resource://services-settings/Utils.sys.mjs:273:15\nfetch@resource://services-settings/Utils.sys.mjs:224:12\n_fetchAttachment@resource://services-settings/Attachments.sys.mjs:560:35\ndownloadAsBytes@resource://services-settings/Attachments.sys.mjs:537:35\nobserve@resource://gre/modules/AsyncShutdown.sys.mjs:570:17\n","nativeSavedFrame":{}},"formattedStack":"open@resource://gre/modules/ServiceRequest.sys.mjs:126:11\nfetch/<@resource://services-settings/Utils.sys.mjs:273:15\nfetch@resource://services-settings/Utils.sys.mjs:224:12\n_fetchAttachment@resource://services-settings/Attachments.sys.mjs:560:35\ndownloadAsBytes@resource://services-settings/Attachments.sys.mjs:537:35\nobserve@resource://gre/modules/AsyncShutdown.sys.mjs:570:17\n","nativeSavedFrame":{}}
2026-06-19 00:58:15,872 - MainProcess[log-interceptor-2519834676]- selenium_firefox     - DEBUG   : BROWSER 2519834676: driver: - message =
2026-06-19 00:58:15,872 - MainProcess[log-interceptor-2519834676]- selenium_firefox     - DEBUG   : BROWSER 2519834676: driver: - name =
2026-06-19 00:58:15,873 - MainProcess[log-interceptor-2519834676]- selenium_firefox     - DEBUG   : BROWSER 2519834676: driver: - result = 2152071198
2026-06-19 00:58:15,873 - MainProcess[log-interceptor-2519834676]- selenium_firefox     - DEBUG   : BROWSER 2519834676: driver: - stack = open@resource://gre/modules/ServiceRequest.sys.mjs:126:11|fetch/<@resource://services-settings/Utils.sys.mjs:273:15|fetch@resource://services-settings/Utils.sys.mjs:224:12|_fetchAttachment@resource://services-settings/Attachments.sys.mjs:560:35|downloadAsBytes@resource://services-settings/Attachments.sys.mjs:537:35|observe@resource://gre/modules/AsyncShutdown.sys.mjs:570:17|
2026-06-19 00:58:15,873 - MainProcess[log-interceptor-2519834676]- selenium_firefox     - DEBUG   : BROWSER 2519834676: driver: - prototype Object
2026-06-19 00:58:15,873 - MainProcess[log-interceptor-2519834676]- selenium_firefox     - DEBUG   : BROWSER 2519834676: driver: console.error: RemoteSecuritySettings:
2026-06-19 00:58:15,874 - MainProcess[log-interceptor-2519834676]- selenium_firefox     - DEBUG   : BROWSER 2519834676: driver: failed to download CRLite filter
2026-06-19 00:58:15,874 - MainProcess[log-interceptor-2519834676]- selenium_firefox     - DEBUG   : BROWSER 2519834676: driver: Object
2026-06-19 00:58:15,874 - MainProcess[log-interceptor-2519834676]- selenium_firefox     - DEBUG   : BROWSER 2519834676: driver: - prototype Object
2026-06-19 00:58:15,875 - MainProcess[log-interceptor-2519834676]- selenium_firefox     - DEBUG   : BROWSER 2519834676: driver: - columnNumber = 11
2026-06-19 00:58:15,875 - MainProcess[log-interceptor-2519834676]- selenium_firefox     - DEBUG   : BROWSER 2519834676: driver: - data = null
2026-06-19 00:58:15,876 - MainProcess[log-interceptor-2519834676]- selenium_firefox     - DEBUG   : BROWSER 2519834676: driver: - filename = resource://gre/modules/ServiceRequest.sys.mjs
2026-06-19 00:58:15,876 - MainProcess[log-interceptor-2519834676]- selenium_firefox     - DEBUG   : BROWSER 2519834676: driver: - lineNumber = 126
2026-06-19 00:58:15,877 - MainProcess[log-interceptor-2519834676]- selenium_firefox     - DEBUG   : BROWSER 2519834676: driver: - location = {"name":"open","filename":"resource://gre/modules/ServiceRequest.sys.mjs","sourceId":25,"lineNumber":126,"columnNumber":11,"asyncCause":null,"asyncCaller":null,"caller":{"filename":"resource://services-settings/Utils.sys.mjs","name":"fetch/<","sourceId":24,"lineNumber":273,"columnNumber":15,"asyncCause":null,"asyncCaller":null,"caller":{"filename":"resource://services-settings/Utils.sys.mjs","name":"fetch","sourceId":24,"lineNumber":224,"columnNumber":12,"asyncCause":null,"asyncCaller":null,"caller":{"filename":"resource://services-settings/Attachments.sys.mjs","name":"_fetchAttachment","sourceId":23,"lineNumber":560,"columnNumber":35,"asyncCause":null,"asyncCaller":null,"caller":{"filename":"resource://services-settings/Attachments.sys.mjs","name":"downloadAsBytes","sourceId":23,"lineNumber":537,"columnNumber":35,"asyncCause":null,"asyncCaller":null,"caller":{"filename":"resource://gre/modules/AsyncShutdown.sys.mjs","name":"observe","sourceId":15,"lineNumber":570,"columnNumber":17,"asyncCause":null,"asyncCaller":null,"caller":null,"formattedStack":"observe@resource://gre/modules/AsyncShutdown.sys.mjs:570:17\n","nativeSavedFrame":{}},"formattedStack":"downloadAsBytes@resource://services-settings/Attachments.sys.mjs:537:35\nobserve@resource://gre/modules/AsyncShutdown.sys.mjs:570:17\n","nativeSavedFrame":{}},"formattedStack":"_fetchAttachment@resource://services-settings/Attachments.sys.mjs:560:35\ndownloadAsBytes@resource://services-settings/Attachments.sys.mjs:537:35\nobserve@resource://gre/modules/AsyncShutdown.sys.mjs:570:17\n","nativeSavedFrame":{}},"formattedStack":"fetch@resource://services-settings/Utils.sys.mjs:224:12\n_fetchAttachment@resource://services-settings/Attachments.sys.mjs:560:35\ndownloadAsBytes@resource://services-settings/Attachments.sys.mjs:537:35\nobserve@resource://gre/modules/AsyncShutdown.sys.mjs:570:17\n","nativeSavedFrame":{}},"formattedStack":"fetch/<@resource://services-settings/Utils.sys.mjs:273:15\nfetch@resource://services-settings/Utils.sys.mjs:224:12\n_fetchAttachment@resource://services-settings/Attachments.sys.mjs:560:35\ndownloadAsBytes@resource://services-settings/Attachments.sys.mjs:537:35\nobserve@resource://gre/modules/AsyncShutdown.sys.mjs:570:17\n","nativeSavedFrame":{}},"formattedStack":"open@resource://gre/modules/ServiceRequest.sys.mjs:126:11\nfetch/<@resource://services-settings/Utils.sys.mjs:273:15\nfetch@resource://services-settings/Utils.sys.mjs:224:12\n_fetchAttachment@resource://services-settings/Attachments.sys.mjs:560:35\ndownloadAsBytes@resource://services-settings/Attachments.sys.mjs:537:35\nobserve@resource://gre/modules/AsyncShutdown.sys.mjs:570:17\n","nativeSavedFrame":{}}
2026-06-19 00:58:15,877 - MainProcess[log-interceptor-2519834676]- selenium_firefox     - DEBUG   : BROWSER 2519834676: driver: - message =
2026-06-19 00:58:15,878 - MainProcess[log-interceptor-2519834676]- selenium_firefox     - DEBUG   : BROWSER 2519834676: driver: - name =
2026-06-19 00:58:15,878 - MainProcess[log-interceptor-2519834676]- selenium_firefox     - DEBUG   : BROWSER 2519834676: driver: - result = 2152071198
2026-06-19 00:58:15,879 - MainProcess[log-interceptor-2519834676]- selenium_firefox     - DEBUG   : BROWSER 2519834676: driver: - stack = open@resource://gre/modules/ServiceRequest.sys.mjs:126:11|fetch/<@resource://services-settings/Utils.sys.mjs:273:15|fetch@resource://services-settings/Utils.sys.mjs:224:12|_fetchAttachment@resource://services-settings/Attachments.sys.mjs:560:35|downloadAsBytes@resource://services-settings/Attachments.sys.mjs:537:35|observe@resource://gre/modules/AsyncShutdown.sys.mjs:570:17|
2026-06-19 00:58:15,882 - MainProcess[log-interceptor-2519834676]- selenium_firefox     - DEBUG   : BROWSER 2519834676: driver: - prototype Object
2026-06-19 00:58:15,883 - MainProcess[log-interceptor-2519834676]- selenium_firefox     - DEBUG   : BROWSER 2519834676: driver: console.error: RemoteSecuritySettings:
2026-06-19 00:58:15,883 - MainProcess[log-interceptor-2519834676]- selenium_firefox     - DEBUG   : BROWSER 2519834676: driver: failed to download CRLite filter
2026-06-19 00:58:15,883 - MainProcess[log-interceptor-2519834676]- selenium_firefox     - DEBUG   : BROWSER 2519834676: driver: Object
2026-06-19 00:58:15,884 - MainProcess[log-interceptor-2519834676]- selenium_firefox     - DEBUG   : BROWSER 2519834676: driver: - prototype Object
2026-06-19 00:58:15,884 - MainProcess[log-interceptor-2519834676]- selenium_firefox     - DEBUG   : BROWSER 2519834676: driver: - columnNumber = 11
2026-06-19 00:58:15,884 - MainProcess[log-interceptor-2519834676]- selenium_firefox     - DEBUG   : BROWSER 2519834676: driver: - data = null
2026-06-19 00:58:15,884 - MainProcess[log-interceptor-2519834676]- selenium_firefox     - DEBUG   : BROWSER 2519834676: driver: - filename = resource://gre/modules/ServiceRequest.sys.mjs
2026-06-19 00:58:15,884 - MainProcess[log-interceptor-2519834676]- selenium_firefox     - DEBUG   : BROWSER 2519834676: driver: - lineNumber = 126
2026-06-19 00:58:15,885 - MainProcess[log-interceptor-2519834676]- selenium_firefox     - DEBUG   : BROWSER 2519834676: driver: - location = {"name":"open","filename":"resource://gre/modules/ServiceRequest.sys.mjs","sourceId":25,"lineNumber":126,"columnNumber":11,"asyncCause":null,"asyncCaller":null,"caller":{"filename":"resource://services-settings/Utils.sys.mjs","name":"fetch/<","sourceId":24,"lineNumber":273,"columnNumber":15,"asyncCause":null,"asyncCaller":null,"caller":{"filename":"resource://services-settings/Utils.sys.mjs","name":"fetch","sourceId":24,"lineNumber":224,"columnNumber":12,"asyncCause":null,"asyncCaller":null,"caller":{"filename":"resource://services-settings/Attachments.sys.mjs","name":"_fetchAttachment","sourceId":23,"lineNumber":560,"columnNumber":35,"asyncCause":null,"asyncCaller":null,"caller":{"filename":"resource://services-settings/Attachments.sys.mjs","name":"downloadAsBytes","sourceId":23,"lineNumber":537,"columnNumber":35,"asyncCause":null,"asyncCaller":null,"caller":{"filename":"resource://gre/modules/AsyncShutdown.sys.mjs","name":"observe","sourceId":15,"lineNumber":570,"columnNumber":17,"asyncCause":null,"asyncCaller":null,"caller":null,"formattedStack":"observe@resource://gre/modules/AsyncShutdown.sys.mjs:570:17\n","nativeSavedFrame":{}},"formattedStack":"downloadAsBytes@resource://services-settings/Attachments.sys.mjs:537:35\nobserve@resource://gre/modules/AsyncShutdown.sys.mjs:570:17\n","nativeSavedFrame":{}},"formattedStack":"_fetchAttachment@resource://services-settings/Attachments.sys.mjs:560:35\ndownloadAsBytes@resource://services-settings/Attachments.sys.mjs:537:35\nobserve@resource://gre/modules/AsyncShutdown.sys.mjs:570:17\n","nativeSavedFrame":{}},"formattedStack":"fetch@resource://services-settings/Utils.sys.mjs:224:12\n_fetchAttachment@resource://services-settings/Attachments.sys.mjs:560:35\ndownloadAsBytes@resource://services-settings/Attachments.sys.mjs:537:35\nobserve@resource://gre/modules/AsyncShutdown.sys.mjs:570:17\n","nativeSavedFrame":{}},"formattedStack":"fetch/<@resource://services-settings/Utils.sys.mjs:273:15\nfetch@resource://services-settings/Utils.sys.mjs:224:12\n_fetchAttachment@resource://services-settings/Attachments.sys.mjs:560:35\ndownloadAsBytes@resource://services-settings/Attachments.sys.mjs:537:35\nobserve@resource://gre/modules/AsyncShutdown.sys.mjs:570:17\n","nativeSavedFrame":{}},"formattedStack":"open@resource://gre/modules/ServiceRequest.sys.mjs:126:11\nfetch/<@resource://services-settings/Utils.sys.mjs:273:15\nfetch@resource://services-settings/Utils.sys.mjs:224:12\n_fetchAttachment@resource://services-settings/Attachments.sys.mjs:560:35\ndownloadAsBytes@resource://services-settings/Attachments.sys.mjs:537:35\nobserve@resource://gre/modules/AsyncShutdown.sys.mjs:570:17\n","nativeSavedFrame":{}}
2026-06-19 00:58:15,885 - MainProcess[log-interceptor-2519834676]- selenium_firefox     - DEBUG   : BROWSER 2519834676: driver: - message =
2026-06-19 00:58:15,885 - MainProcess[log-interceptor-2519834676]- selenium_firefox     - DEBUG   : BROWSER 2519834676: driver: - name =
2026-06-19 00:58:15,885 - MainProcess[log-interceptor-2519834676]- selenium_firefox     - DEBUG   : BROWSER 2519834676: driver: - result = 2152071198
2026-06-19 00:58:15,885 - MainProcess[log-interceptor-2519834676]- selenium_firefox     - DEBUG   : BROWSER 2519834676: driver: - stack = open@resource://gre/modules/ServiceRequest.sys.mjs:126:11|fetch/<@resource://services-settings/Utils.sys.mjs:273:15|fetch@resource://services-settings/Utils.sys.mjs:224:12|_fetchAttachment@resource://services-settings/Attachments.sys.mjs:560:35|downloadAsBytes@resource://services-settings/Attachments.sys.mjs:537:35|observe@resource://gre/modules/AsyncShutdown.sys.mjs:570:17|
2026-06-19 00:58:15,886 - MainProcess[log-interceptor-2519834676]- selenium_firefox     - DEBUG   : BROWSER 2519834676: driver: - prototype Object
2026-06-19 00:58:15,886 - MainProcess[log-interceptor-2519834676]- selenium_firefox     - DEBUG   : BROWSER 2519834676: driver: console.error: RemoteSecuritySettings:
2026-06-19 00:58:15,886 - MainProcess[log-interceptor-2519834676]- selenium_firefox     - DEBUG   : BROWSER 2519834676: driver: failed to download CRLite filter
2026-06-19 00:58:15,886 - MainProcess[log-interceptor-2519834676]- selenium_firefox     - DEBUG   : BROWSER 2519834676: driver: Object
2026-06-19 00:58:15,886 - MainProcess[log-interceptor-2519834676]- selenium_firefox     - DEBUG   : BROWSER 2519834676: driver: - prototype Object
2026-06-19 00:58:15,886 - MainProcess[log-interceptor-2519834676]- selenium_firefox     - DEBUG   : BROWSER 2519834676: driver: - columnNumber = 11
2026-06-19 00:58:15,887 - MainProcess[log-interceptor-2519834676]- selenium_firefox     - DEBUG   : BROWSER 2519834676: driver: - data = null
2026-06-19 00:58:15,887 - MainProcess[log-interceptor-2519834676]- selenium_firefox     - DEBUG   : BROWSER 2519834676: driver: - filename = resource://gre/modules/ServiceRequest.sys.mjs
2026-06-19 00:58:15,887 - MainProcess[log-interceptor-2519834676]- selenium_firefox     - DEBUG   : BROWSER 2519834676: driver: - lineNumber = 126
2026-06-19 00:58:15,887 - MainProcess[log-interceptor-2519834676]- selenium_firefox     - DEBUG   : BROWSER 2519834676: driver: - location = {"name":"open","filename":"resource://gre/modules/ServiceRequest.sys.mjs","sourceId":25,"lineNumber":126,"columnNumber":11,"asyncCause":null,"asyncCaller":null,"caller":{"filename":"resource://services-settings/Utils.sys.mjs","name":"fetch/<","sourceId":24,"lineNumber":273,"columnNumber":15,"asyncCause":null,"asyncCaller":null,"caller":{"filename":"resource://services-settings/Utils.sys.mjs","name":"fetch","sourceId":24,"lineNumber":224,"columnNumber":12,"asyncCause":null,"asyncCaller":null,"caller":{"filename":"resource://services-settings/Attachments.sys.mjs","name":"_fetchAttachment","sourceId":23,"lineNumber":560,"columnNumber":35,"asyncCause":null,"asyncCaller":null,"caller":{"filename":"resource://services-settings/Attachments.sys.mjs","name":"downloadAsBytes","sourceId":23,"lineNumber":537,"columnNumber":35,"asyncCause":null,"asyncCaller":null,"caller":{"filename":"resource://gre/modules/AsyncShutdown.sys.mjs","name":"observe","sourceId":15,"lineNumber":570,"columnNumber":17,"asyncCause":null,"asyncCaller":null,"caller":null,"formattedStack":"observe@resource://gre/modules/AsyncShutdown.sys.mjs:570:17\n","nativeSavedFrame":{}},"formattedStack":"downloadAsBytes@resource://services-settings/Attachments.sys.mjs:537:35\nobserve@resource://gre/modules/AsyncShutdown.sys.mjs:570:17\n","nativeSavedFrame":{}},"formattedStack":"_fetchAttachment@resource://services-settings/Attachments.sys.mjs:560:35\ndownloadAsBytes@resource://services-settings/Attachments.sys.mjs:537:35\nobserve@resource://gre/modules/AsyncShutdown.sys.mjs:570:17\n","nativeSavedFrame":{}},"formattedStack":"fetch@resource://services-settings/Utils.sys.mjs:224:12\n_fetchAttachment@resource://services-settings/Attachments.sys.mjs:560:35\ndownloadAsBytes@resource://services-settings/Attachments.sys.mjs:537:35\nobserve@resource://gre/modules/AsyncShutdown.sys.mjs:570:17\n","nativeSavedFrame":{}},"formattedStack":"fetch/<@resource://services-settings/Utils.sys.mjs:273:15\nfetch@resource://services-settings/Utils.sys.mjs:224:12\n_fetchAttachment@resource://services-settings/Attachments.sys.mjs:560:35\ndownloadAsBytes@resource://services-settings/Attachments.sys.mjs:537:35\nobserve@resource://gre/modules/AsyncShutdown.sys.mjs:570:17\n","nativeSavedFrame":{}},"formattedStack":"open@resource://gre/modules/ServiceRequest.sys.mjs:126:11\nfetch/<@resource://services-settings/Utils.sys.mjs:273:15\nfetch@resource://services-settings/Utils.sys.mjs:224:12\n_fetchAttachment@resource://services-settings/Attachments.sys.mjs:560:35\ndownloadAsBytes@resource://services-settings/Attachments.sys.mjs:537:35\nobserve@resource://gre/modules/AsyncShutdown.sys.mjs:570:17\n","nativeSavedFrame":{}}
2026-06-19 00:58:15,888 - MainProcess[log-interceptor-2519834676]- selenium_firefox     - DEBUG   : BROWSER 2519834676: driver: - message =
2026-06-19 00:58:15,888 - MainProcess[log-interceptor-2519834676]- selenium_firefox     - DEBUG   : BROWSER 2519834676: driver: - name =
2026-06-19 00:58:15,888 - MainProcess[log-interceptor-2519834676]- selenium_firefox     - DEBUG   : BROWSER 2519834676: driver: - result = 2152071198
2026-06-19 00:58:15,888 - MainProcess[log-interceptor-2519834676]- selenium_firefox     - DEBUG   : BROWSER 2519834676: driver: - stack = open@resource://gre/modules/ServiceRequest.sys.mjs:126:11|fetch/<@resource://services-settings/Utils.sys.mjs:273:15|fetch@resource://services-settings/Utils.sys.mjs:224:12|_fetchAttachment@resource://services-settings/Attachments.sys.mjs:560:35|downloadAsBytes@resource://services-settings/Attachments.sys.mjs:537:35|observe@resource://gre/modules/AsyncShutdown.sys.mjs:570:17|
2026-06-19 00:58:15,889 - MainProcess[log-interceptor-2519834676]- selenium_firefox     - DEBUG   : BROWSER 2519834676: driver: - prototype Object
2026-06-19 00:58:16,707 - MainProcess[log-interceptor-2519834676]- selenium_firefox     - DEBUG   : BROWSER 2519834676: driver: console.error: URLBar - QuickSuggest.SuggestBackendRust: "Ingest error" ({type:"Wikipedia", error:(new Error("reason: Error from Remote Settings: Remote settings error: Error sending request: [no-sentry] Backend error: Request destroyed without completion (0x80004004)", "moz-src:///toolkit/components/uniffi-bindgen-gecko-js/components/generated/RustSuggest.sys.mjs", 3593)), reason:"Error from Remote Settings: Remote settings error: Error sending request: [no-sentry] Backend error: Request destroyed without completion (0x80004004)"})
2026-06-19 00:58:16,867 - MainProcess[MainThread]- browser_manager      - DEBUG   : BROWSER 2519834676: Browser manager closed successfully.
2026-06-19 00:58:16,868 - MainProcess[MainThread]- browser_manager      - DEBUG   : BROWSER 2519834676: during_init=False | profile_archive_dir=None
2026-06-19 00:58:16,950 - MainProcess[MainThread]- storage_controller   - DEBUG   : Sending the shutdown signal to the Storage Controller...
2026-06-19 00:58:16,950 - MainProcess[MainThread]- storage_controller   - INFO    : Terminating handler for TaskManager, because the underlying socket closed
2026-06-19 00:58:17,370 - MainProcess[MainThread]- storage_controller   - INFO    : Received shutdown signal!
2026-06-19 00:58:17,375 - MainProcess[MainThread]- storage_controller   - INFO    : Closing Server
2026-06-19 00:58:17,376 - MainProcess[MainThread]- storage_controller   - INFO    : Closed Server
2026-06-19 00:58:17,376 - MainProcess[MainThread]- storage_controller   - INFO    : Cancelling status_queue_update
2026-06-19 00:58:17,377 - MainProcess[MainThread]- storage_controller   - INFO    : Cancelled status_queue_update
2026-06-19 00:58:17,377 - MainProcess[MainThread]- storage_controller   - INFO    : Cancelling timeout_check
2026-06-19 00:58:17,378 - MainProcess[MainThread]- storage_controller   - INFO    : Cancelled timeout_check
2026-06-19 00:58:17,379 - MainProcess[MainThread]- storage_controller   - INFO    : Starting wait_closed
2026-06-19 00:58:17,379 - MainProcess[MainThread]- storage_controller   - INFO    : Completed wait_closed
2026-06-19 00:58:17,380 - MainProcess[MainThread]- storage_controller   - INFO    : Entering self.shutdown
2026-06-19 00:58:17,382 - MainProcess[MainThread]- storage_controller   - INFO    : structured_storage is shut down
2026-06-19 00:58:17,440 - MainProcess[MainThread]- storage_controller   - DEBUG   : StorageControllerHandle took 0.4897778034210205 seconds to close.
