2026-06-19 01:41:05,570 - MainProcess[MainThread]- browser_manager      - INFO    : BROWSER 2134438968: Launching browser...
2026-06-19 01:41:05,575 - MainProcess[MainThread]- storage_controller   - INFO    : Initializing new handler for TaskManager
2026-06-19 01:41:05,575 - MainProcess[MainThread]- browser_manager      - DEBUG   : BROWSER 2134438968: Spawn attempt 0 
2026-06-19 01:41:05,595 - MainProcess[MainThread]- deploy_firefox       - DEBUG   : BROWSER 2134438968: Saved extension config file to: /tmp/firefox_profile_xfe1da0p/browser_params.json
2026-06-19 01:41:05,610 - MainProcess[log-interceptor-2134438968]- selenium_firefox     - DEBUG   : BROWSER 2134438968: driver: 1781826065609	geckodriver	INFO	Listening on 127.0.0.1:15791
2026-06-19 01:41:05,649 - MainProcess[log-interceptor-2134438968]- selenium_firefox     - DEBUG   : BROWSER 2134438968: driver: 1781826065648	mozrunner::runner	INFO	Running command: MOZ_CRASHREPORTER="1" MOZ_CRASHREPORTER_NO_REPORT="1" MOZ_CRASHREPORTER_SHUTDOWN="1" "/home/pedro/Escritorio ...  "--headless" "--width=1366" "--height=768" "--remote-debugging-port" "64675" "--remote-allow-hosts" "localhost" "-no-remote"
2026-06-19 01:41:05,693 - MainProcess[log-interceptor-2134438968]- selenium_firefox     - DEBUG   : BROWSER 2134438968: driver: *** You are running in headless mode.
2026-06-19 01:41:05,811 - MainProcess[log-interceptor-2134438968]- selenium_firefox     - DEBUG   : BROWSER 2134438968: driver: console.warn: services.settings: Ignoring preference override of remote settings server
2026-06-19 01:41:05,812 - MainProcess[log-interceptor-2134438968]- selenium_firefox     - DEBUG   : BROWSER 2134438968: driver: console.warn: services.settings: Allow by setting MOZ_REMOTE_SETTINGS_DEVTOOLS=1 in the environment
2026-06-19 01:41:06,481 - MainProcess[log-interceptor-2134438968]- selenium_firefox     - DEBUG   : BROWSER 2134438968: driver: 1781826066480	Marionette	INFO	Marionette enabled
2026-06-19 01:41:06,712 - MainProcess[log-interceptor-2134438968]- selenium_firefox     - DEBUG   : BROWSER 2134438968: driver: console.error: "Warning: unrecognized command line flag" "-width"
2026-06-19 01:41:06,713 - MainProcess[log-interceptor-2134438968]- selenium_firefox     - DEBUG   : BROWSER 2134438968: driver: console.error: "Warning: unrecognized command line flag" "-height"
2026-06-19 01:41:06,751 - MainProcess[log-interceptor-2134438968]- selenium_firefox     - DEBUG   : BROWSER 2134438968: driver: 1781826066751	Marionette	INFO	Listening on port 24453
2026-06-19 01:41:06,776 - MainProcess[log-interceptor-2134438968]- selenium_firefox     - DEBUG   : BROWSER 2134438968: driver: WebDriver BiDi listening on ws://127.0.0.1:64675
2026-06-19 01:41:06,851 - MainProcess[log-interceptor-2134438968]- selenium_firefox     - DEBUG   : BROWSER 2134438968: driver: Read port: 24453
2026-06-19 01:41:07,061 - MainProcess[log-interceptor-2134438968]- selenium_firefox     - DEBUG   : BROWSER 2134438968: driver: 1781826067060	RemoteAgent	WARN	TLS certificate errors will be ignored for this session
2026-06-19 01:41:09,907 - MainProcess[MainThread]- deploy_firefox       - DEBUG   : BROWSER 2134438968: OpenWPM Firefox extension loaded
2026-06-19 01:41:09,915 - MainProcess[MainThread]- browser_manager      - DEBUG   : BROWSER 2134438968: Looking for extension port information in /tmp/firefox_profile_xfe1da0p
2026-06-19 01:41:09,917 - MainProcess[MainThread]- browser_manager      - DEBUG   : BROWSER 2134438968: Connecting to extension on port 17101
2026-06-19 01:41:09,920 - MainProcess[Thread-1 (_start_listener)]- FirefoxExtension     - DEBUG   : Navigation instrumentation enabled
2026-06-19 01:41:09,920 - MainProcess[log-interceptor-2134438968]- selenium_firefox     - DEBUG   : BROWSER 2134438968: driver: console.log: WebExtensions: Wrote to /tmp/firefox_profile_xfe1da0p/extension_port.txt
2026-06-19 01:41:09,928 - MainProcess[Thread-1 (_start_listener)]- FirefoxExtension     - DEBUG   : Cookie instrumentation enabled
2026-06-19 01:41:09,929 - MainProcess[Thread-1 (_start_listener)]- FirefoxExtension     - DEBUG   : Javascript instrumentation enabled
2026-06-19 01:41:09,919 - MainProcess[MainThread]- storage_controller   - INFO    : Initializing new handler for Browser-2134438968
2026-06-19 01:41:09,960 - MainProcess[Thread-1 (_start_listener)]- FirefoxExtension     - DEBUG   : HTTP Instrumentation enabled
2026-06-19 01:41:09,966 - MainProcess[Thread-1 (_start_listener)]- FirefoxExtension     - DEBUG   : DNS instrumentation enabled
2026-06-19 01:41:09,967 - MainProcess[log-interceptor-2134438968]- selenium_firefox     - DEBUG   : BROWSER 2134438968: driver: console.log: WebExtensions: Wrote to /tmp/firefox_profile_xfe1da0p/OPENWPM_STARTUP_SUCCESS.txt
2026-06-19 01:41:10,019 - MainProcess[MainThread]- browser_manager      - DEBUG   : BROWSER 2134438968: BrowserManager ready.
2026-06-19 01:41:10,020 - MainProcess[MainThread]- browser_manager      - DEBUG   : BROWSER 2134438968: Browser spawn successful!
2026-06-19 01:41:10,103 - MainProcess[MainThread]- storage_controller   - INFO    : Initializing new handler for StorageControllerHandle
2026-06-19 01:41:10,106 - MainProcess[MainThread]- storage_controller   - INFO    : Awaiting all tasks for visit_id -1
2026-06-19 01:41:10,107 - MainProcess[MainThread]- storage_controller   - DEBUG   : Awaited all tasks for visit_id -1 while finalizing
2026-06-19 01:41:10,112 - MainProcess[MainThread]- task_manager         - INFO    : 

OpenWPM Version: b'v0.32.0'
Firefox Version: b'148.0'

========== Manager Configuration ==========
{
  "_failure_limit": null,
  "data_directory": "/home/pedro/Escritorio/UNI/CUARTO/tfg/Herramienta_Priv/output/api_tasks/603843cdce98/elmundo.es_20260619_014102/openwpm",
  "log_path": "/home/pedro/Escritorio/UNI/CUARTO/tfg/Herramienta_Priv/output/api_tasks/603843cdce98/elmundo.es_20260619_014102/openwpm/openwpm.log",
  "logger_address": [
    "127.0.0.1",
    28847
  ],
  "memory_watchdog": false,
  "num_browsers": 1,
  "process_watchdog": false,
  "screenshot_path": "/home/pedro/Escritorio/UNI/CUARTO/tfg/Herramienta_Priv/output/api_tasks/603843cdce98/elmundo.es_20260619_014102/openwpm/screenshots",
  "source_dump_path": "/home/pedro/Escritorio/UNI/CUARTO/tfg/Herramienta_Priv/output/api_tasks/603843cdce98/elmundo.es_20260619_014102/openwpm/sources",
  "storage_controller_address": [
    "127.0.0.1",
    20899
  ],
  "testing": false
}

========== Browser Configuration ==========
Keys:
{
  "browser_id": 0,
  "bot_mitigation": 1,
  "browser": 2,
  "callstack_instrument": 3,
  "cookie_instrument": 4,
  "custom_params": 5,
  "display_mode": 6,
  "dns_instrument": 7,
  "donottrack": 8,
  "http_instrument": 9,
  "js_instrument": 10,
  "js_instrument_settings": 11,
  "maximum_profile_size": 12,
  "navigation_instrument": 13,
  "prefs": 14,
  "profile_path": 15,
  "recovery_tar": 16,
  "save_content": 17,
  "tmp_profile_dir": 18,
  "tp_cookies": 19,
  "tracking_protection": 20
}

         0  1      2        3      4     5    6         7     8      9     10    11                             12    13    14    15    16    17     18    19      20
----------  -----  -------  -----  ----  ---  --------  ----  -----  ----  ----  -----------------------------  ----  ----  ----  ----  ----  -----  ----  ------  -----
2134438968  False  firefox  False  True  {}   headless  True  False  True  True  ['collection_fingerprinting']        True  {}                False  /tmp  always  False

========== JS Instrument Settings ==========
{"2134438968":[{"object":"window['ScriptProcessorNode'].prototype","instrumentedName":"ScriptProcessorNode","logSettings":{"propertiesToInstrument":[],"nonExistingPropertiesToInstrument":[],"excludedProperties":[],"logCallStack":false,"logFunctionsAsStrings":false,"logFunctionGets":false,"preventSets":false,"recursive":false,"depth":5}},{"object":"window['GainNode'].prototype","instrumentedName":"GainNode","logSettings":{"propertiesToInstrument":[],"nonExistingPropertiesToInstrument":[],"excludedProperties":[],"logCallStack":false,"logFunctionsAsStrings":false,"logFunctionGets":false,"preventSets":false,"recursive":false,"depth":5}},{"object":"window['AnalyserNode'].prototype","instrumentedName":"AnalyserNode","logSettings":{"propertiesToInstrument":[],"nonExistingPropertiesToInstrument":[],"excludedProperties":[],"logCallStack":false,"logFunctionsAsStrings":false,"logFunctionGets":false,"preventSets":false,"recursive":false,"depth":5}},{"object":"window['OscillatorNode'].prototype","instrumentedName":"OscillatorNode","logSettings":{"propertiesToInstrument":[],"nonExistingPropertiesToInstrument":[],"excludedProperties":[],"logCallStack":false,"logFunctionsAsStrings":false,"logFunctionGets":false,"preventSets":false,"recursive":false,"depth":5}},{"object":"window['OfflineAudioContext'].prototype","instrumentedName":"OfflineAudioContext","logSettings":{"propertiesToInstrument":[],"nonExistingPropertiesToInstrument":[],"excludedProperties":[],"logCallStack":false,"logFunctionsAsStrings":false,"logFunctionGets":false,"preventSets":false,"recursive":false,"depth":5}},{"object":"window['AudioContext'].prototype","instrumentedName":"AudioContext","logSettings":{"propertiesToInstrument":[],"nonExistingPropertiesToInstrument":[],"excludedProperties":[],"logCallStack":false,"logFunctionsAsStrings":false,"logFunctionGets":false,"preventSets":false,"recursive":false,"depth":5}},{"object":"window['RTCPeerConnection'].prototype","instrumentedName":"RTCPeerConnection","logSettings":{"propertiesToInstrument":[],"nonExistingPropertiesToInstrument":[],"excludedProperties":[],"logCallStack":false,"logFunctionsAsStrings":false,"logFunctionGets":false,"preventSets":false,"recursive":false,"depth":5}},{"object":"window['HTMLCanvasElement'].prototype","instrumentedName":"HTMLCanvasElement","logSettings":{"propertiesToInstrument":[],"nonExistingPropertiesToInstrument":[],"excludedProperties":[],"logCallStack":false,"logFunctionsAsStrings":false,"logFunctionGets":false,"preventSets":false,"recursive":false,"depth":5}},{"object":"window['Storage'].prototype","instrumentedName":"Storage","logSettings":{"propertiesToInstrument":[],"nonExistingPropertiesToInstrument":[],"excludedProperties":[],"logCallStack":false,"logFunctionsAsStrings":false,"logFunctionGets":false,"preventSets":false,"recursive":false,"depth":5}},{"object":"window.navigator","instrumentedName":"window.navigator","logSettings":{"propertiesToInstrument":[],"nonExistingPropertiesToInstrument":[],"excludedProperties":[],"logCallStack":false,"logFunctionsAsStrings":false,"logFunctionGets":false,"preventSets":false,"recursive":false,"depth":5}},{"object":"window['CanvasRenderingContext2D'].prototype","instrumentedName":"CanvasRenderingContext2D","logSettings":{"propertiesToInstrument":[],"nonExistingPropertiesToInstrument":[],"excludedProperties":["canvas","setTransform","translate","globalAlpha","closePath","beginPath","transform","clearRect","quadraticCurveTo","lineTo","drawImage","moveTo"],"logCallStack":false,"logFunctionsAsStrings":false,"logFunctionGets":false,"preventSets":false,"recursive":false,"depth":5}},{"object":"window","instrumentedName":"window","logSettings":{"propertiesToInstrument":["name","sessionStorage","localStorage"],"nonExistingPropertiesToInstrument":[],"excludedProperties":[],"logCallStack":false,"logFunctionsAsStrings":false,"logFunctionGets":false,"preventSets":false,"recursive":false,"depth":5}},{"object":"window.document","instrumentedName":"window.document","logSettings":{"propertiesToInstrument":["referrer","cookie"],"nonExistingPropertiesToInstrument":[],"excludedProperties":[],"logCallStack":true,"logFunctionsAsStrings":false,"logFunctionGets":false,"preventSets":false,"recursive":false,"depth":5}},{"object":"window.screen","instrumentedName":"window.screen","logSettings":{"propertiesToInstrument":["pixelDepth","colorDepth"],"nonExistingPropertiesToInstrument":[],"excludedProperties":[],"logCallStack":false,"logFunctionsAsStrings":false,"logFunctionGets":false,"preventSets":false,"recursive":false,"depth":5}}]}

========== Input profile tar files ==========
  No profile tar files specified

========== Output (archive) profile dirs ==========
  No profile archive directories specified


2026-06-19 01:41:10,128 - MainProcess[MainThread]- storage_controller   - INFO    : Terminating handler for StorageControllerHandle, because the underlying socket closed
2026-06-19 01:41:10,568 - MainProcess[MainThread]- storage_controller   - DEBUG   : StorageController status: There are currently 0 scheduled tasks for 0 visit_ids
2026-06-19 01:41:10,570 - MainProcess[MainThread]- task_manager         - DEBUG   : Checking command failure status indicator...
2026-06-19 01:41:10,574 - MainProcess[BrowserManagerHandle-2134438968]- browser_manager      - INFO    : Starting to work on CommandSequence with visit_id 1448642230625759 on browser with id 2134438968
2026-06-19 01:41:10,579 - MainProcess[MainThread]- browser_manager      - INFO    : BROWSER 2134438968: EXECUTING COMMAND: InitializeCommand()
2026-06-19 01:41:10,584 - MainProcess[MainThread]- browser_manager      - INFO    : BROWSER 2134438968: EXECUTING COMMAND: GetCommand(https://www.elmundo.es/,15)
2026-06-19 01:41:10,881 - MainProcess[Thread-1 (_start_listener)]- FirefoxExtension     - DEBUG   : Setting visit_id the legacy way
2026-06-19 01:41:15,216 - MainProcess[log-interceptor-2134438968]- selenium_firefox     - DEBUG   : BROWSER 2134438968: driver: JavaScript warning: https://adtcdn.unidadeditorial.es/gexp/_gam_kv_.js, line 1: unreachable code after return statement
2026-06-19 01:41:15,220 - MainProcess[log-interceptor-2134438968]- selenium_firefox     - DEBUG   : BROWSER 2134438968: driver: JavaScript warning: https://adtcdn.unidadeditorial.es/gexp/_gam_kv_.js, line 1: unreachable code after return statement
2026-06-19 01:41:15,245 - MainProcess[log-interceptor-2134438968]- selenium_firefox     - DEBUG   : BROWSER 2134438968: driver: JavaScript warning: https://www.elmundo.es/, line 949: unreachable code after return statement
2026-06-19 01:41:15,576 - MainProcess[MainThread]- storage_controller   - DEBUG   : StorageController status: There are currently 0 scheduled tasks for 1 visit_ids
2026-06-19 01:41:15,824 - MainProcess[log-interceptor-2134438968]- selenium_firefox     - DEBUG   : BROWSER 2134438968: driver: JavaScript error: https://www.elmundo.es/, line 2226: TypeError: can't access property "mobile", navigator.userAgentData is undefined
2026-06-19 01:41:18,899 - MainProcess[log-interceptor-2134438968]- selenium_firefox     - DEBUG   : BROWSER 2134438968: driver: JavaScript warning: https://tags.tiqcdn.com/utag/unidadeditorial/elmundo/prod/utag.js, line 455: unreachable code after return statement
2026-06-19 01:41:20,579 - MainProcess[MainThread]- storage_controller   - DEBUG   : StorageController status: There are currently 0 scheduled tasks for 1 visit_ids
2026-06-19 01:41:25,592 - MainProcess[MainThread]- storage_controller   - DEBUG   : StorageController status: There are currently 0 scheduled tasks for 1 visit_ids
2026-06-19 01:41:25,593 - MainProcess[log-interceptor-2134438968]- selenium_firefox     - DEBUG   : BROWSER 2134438968: driver: JavaScript warning: https://tags.tiqcdn.com/utag/unidadeditorial/elmundo/prod/utag.js, line 455: unreachable code after return statement
2026-06-19 01:41:30,600 - MainProcess[MainThread]- storage_controller   - DEBUG   : StorageController status: There are currently 4 scheduled tasks for 1 visit_ids
2026-06-19 01:41:31,490 - MainProcess[log-interceptor-2134438968]- selenium_firefox     - DEBUG   : BROWSER 2134438968: driver: JavaScript warning: resource://gre/modules/ExtensionContent.sys.mjs, line 1092: Script terminated by timeout at:
2026-06-19 01:41:31,491 - MainProcess[log-interceptor-2134438968]- selenium_firefox     - DEBUG   : BROWSER 2134438968: driver: @resource://gre/modules/ExtensionContent.sys.mjs:1092:9
2026-06-19 01:41:31,491 - MainProcess[log-interceptor-2134438968]- selenium_firefox     - DEBUG   : BROWSER 2134438968: driver: 
2026-06-19 01:41:31,536 - MainProcess[log-interceptor-2134438968]- selenium_firefox     - DEBUG   : BROWSER 2134438968: driver: JavaScript error: resource://gre/modules/ExtensionContent.sys.mjs, line 1081: NS_ERROR_OUT_OF_MEMORY: Component returned failure code: 0x8007000e (NS_ERROR_OUT_OF_MEMORY) [nsIXPCComponents_Utils.evalInSandbox]
2026-06-19 01:41:35,749 - MainProcess[MainThread]- storage_controller   - DEBUG   : StorageController status: There are currently 121 scheduled tasks for 1 visit_ids
2026-06-19 01:41:40,760 - MainProcess[MainThread]- storage_controller   - DEBUG   : StorageController status: There are currently 0 scheduled tasks for 1 visit_ids
2026-06-19 01:41:45,769 - MainProcess[MainThread]- storage_controller   - DEBUG   : StorageController status: There are currently 0 scheduled tasks for 1 visit_ids
2026-06-19 01:41:46,842 - MainProcess[MainThread]- browser_manager      - INFO    : BROWSER 2134438968: EXECUTING COMMAND: FinalizeCommand(5)
2026-06-19 01:41:47,190 - MainProcess[log-interceptor-2134438968]- selenium_firefox     - DEBUG   : BROWSER 2134438968: driver: JavaScript warning: https://sdk.mrf.io/statics/cccbf72bc3b71b5eb69c.js, line 2: Script terminated by timeout at:
2026-06-19 01:41:47,190 - MainProcess[log-interceptor-2134438968]- selenium_firefox     - DEBUG   : BROWSER 2134438968: driver: 179/Gi/<@https://sdk.mrf.io/statics/cccbf72bc3b71b5eb69c.js:2:109892
2026-06-19 01:41:47,190 - MainProcess[log-interceptor-2134438968]- selenium_firefox     - DEBUG   : BROWSER 2134438968: driver: 179/Gi/<@https://sdk.mrf.io/statics/cccbf72bc3b71b5eb69c.js:2:109707
2026-06-19 01:41:47,191 - MainProcess[log-interceptor-2134438968]- selenium_firefox     - DEBUG   : BROWSER 2134438968: driver: 
2026-06-19 01:41:47,224 - MainProcess[log-interceptor-2134438968]- selenium_firefox     - DEBUG   : BROWSER 2134438968: driver: JavaScript error: moz-extension://6d7a443b-4dec-41f1-a4c8-2ddd1b712fc9/feature.js, line 737: TypeError: can't access property "windowId", sender.tab is undefined
2026-06-19 01:41:47,225 - MainProcess[log-interceptor-2134438968]- selenium_firefox     - DEBUG   : BROWSER 2134438968: driver: JavaScript error: moz-extension://6d7a443b-4dec-41f1-a4c8-2ddd1b712fc9/feature.js, line 737: TypeError: can't access property "windowId", sender.tab is undefined
2026-06-19 01:41:47,238 - MainProcess[log-interceptor-2134438968]- selenium_firefox     - DEBUG   : BROWSER 2134438968: driver: JavaScript error: moz-extension://6d7a443b-4dec-41f1-a4c8-2ddd1b712fc9/feature.js, line 737: TypeError: can't access property "windowId", sender.tab is undefined
2026-06-19 01:41:47,239 - MainProcess[log-interceptor-2134438968]- selenium_firefox     - DEBUG   : BROWSER 2134438968: driver: JavaScript error: moz-extension://6d7a443b-4dec-41f1-a4c8-2ddd1b712fc9/feature.js, line 737: TypeError: can't access property "windowId", sender.tab is undefined
2026-06-19 01:41:47,239 - MainProcess[log-interceptor-2134438968]- selenium_firefox     - DEBUG   : BROWSER 2134438968: driver: JavaScript error: undefined, line 0: Error: can't access property "windowId", sender.tab is undefined
2026-06-19 01:41:47,240 - MainProcess[log-interceptor-2134438968]- selenium_firefox     - DEBUG   : BROWSER 2134438968: driver: JavaScript error: undefined, line 0: Error: can't access property "windowId", sender.tab is undefined
2026-06-19 01:41:47,247 - MainProcess[log-interceptor-2134438968]- selenium_firefox     - DEBUG   : BROWSER 2134438968: driver: JavaScript error: undefined, line 0: Error: can't access property "windowId", sender.tab is undefined
2026-06-19 01:41:47,248 - MainProcess[log-interceptor-2134438968]- selenium_firefox     - DEBUG   : BROWSER 2134438968: driver: JavaScript error: undefined, line 0: Error: can't access property "windowId", sender.tab is undefined
2026-06-19 01:41:47,279 - MainProcess[log-interceptor-2134438968]- selenium_firefox     - DEBUG   : BROWSER 2134438968: driver: JavaScript error: moz-extension://6d7a443b-4dec-41f1-a4c8-2ddd1b712fc9/feature.js, line 737: TypeError: can't access property "windowId", sender.tab is undefined
2026-06-19 01:41:47,279 - MainProcess[log-interceptor-2134438968]- selenium_firefox     - DEBUG   : BROWSER 2134438968: driver: JavaScript error: moz-extension://6d7a443b-4dec-41f1-a4c8-2ddd1b712fc9/feature.js, line 737: TypeError: can't access property "windowId", sender.tab is undefined
2026-06-19 01:41:47,280 - MainProcess[log-interceptor-2134438968]- selenium_firefox     - DEBUG   : BROWSER 2134438968: driver: JavaScript error: undefined, line 0: Error: Invalid tab ID: 1
2026-06-19 01:41:47,281 - MainProcess[log-interceptor-2134438968]- selenium_firefox     - DEBUG   : BROWSER 2134438968: driver: JavaScript error: undefined, line 0: Error: can't access property "windowId", sender.tab is undefined
2026-06-19 01:41:47,282 - MainProcess[log-interceptor-2134438968]- selenium_firefox     - DEBUG   : BROWSER 2134438968: driver: JavaScript error: undefined, line 0: Error: can't access property "windowId", sender.tab is undefined
2026-06-19 01:41:47,428 - MainProcess[log-interceptor-2134438968]- selenium_firefox     - DEBUG   : BROWSER 2134438968: driver: JavaScript error: undefined, line 0: Error: Invalid tab ID: 1
2026-06-19 01:41:50,777 - MainProcess[MainThread]- storage_controller   - DEBUG   : StorageController status: There are currently 0 scheduled tasks for 1 visit_ids
2026-06-19 01:41:52,393 - MainProcess[BrowserManagerHandle-2134438968]- browser_manager      - INFO    : Finished working on CommandSequence with visit_id 1448642230625759 on browser with id 2134438968
2026-06-19 01:41:52,396 - MainProcess[MainThread]- storage_controller   - INFO    : Awaiting all tasks for visit_id 1448642230625759
2026-06-19 01:41:52,399 - MainProcess[MainThread]- storage_controller   - DEBUG   : Awaited all tasks for visit_id 1448642230625759 while finalizing
2026-06-19 01:41:54,395 - MainProcess[MainThread]- browser_manager      - DEBUG   : BROWSER 2134438968: Closing browser manager...
2026-06-19 01:41:54,400 - MainProcess[MainThread]- browser_manager      - DEBUG   : BROWSER 2134438968: Closing browser...
2026-06-19 01:41:54,400 - MainProcess[MainThread]- browser_manager      - DEBUG   : BROWSER 2134438968: Joining command thread
2026-06-19 01:41:54,401 - MainProcess[MainThread]- browser_manager      - DEBUG   : BROWSER 2134438968: 0.000019 seconds to join command thread
2026-06-19 01:41:54,417 - MainProcess[log-interceptor-2134438968]- selenium_firefox     - DEBUG   : BROWSER 2134438968: driver: 1781826114411	Marionette	INFO	Stopped listening on port 24453
2026-06-19 01:41:55,781 - MainProcess[MainThread]- storage_controller   - DEBUG   : StorageController status: There are currently 0 scheduled tasks for 0 visit_ids
2026-06-19 01:41:55,843 - MainProcess[log-interceptor-2134438968]- selenium_firefox     - DEBUG   : BROWSER 2134438968: driver: console.warn: TopSitesFeed: Failed to fetch data from MARS server: NetworkError when attempting to fetch resource.
2026-06-19 01:41:55,901 - MainProcess[log-interceptor-2134438968]- selenium_firefox     - DEBUG   : BROWSER 2134438968: driver: console.error: "error_support::handling: remote-settings-unexpected: Error sending request: [no-sentry] Backend error: Failed to get response status (0x80040111)"
2026-06-19 01:41:55,902 - MainProcess[log-interceptor-2134438968]- selenium_firefox     - DEBUG   : BROWSER 2134438968: driver: console.error: "app-services-error-reporter::error: Error sending request: [no-sentry] Backend error: Failed to get response status (0x80040111)"
2026-06-19 01:41:55,903 - MainProcess[log-interceptor-2134438968]- selenium_firefox     - DEBUG   : BROWSER 2134438968: driver: console.error: "error_support::handling: suggest-unexpected: Error from Remote Settings: Remote settings error: Error sending request: [no-sentry] Backend error: Failed to get response status (0x80040111)"
2026-06-19 01:41:55,903 - MainProcess[log-interceptor-2134438968]- selenium_firefox     - DEBUG   : BROWSER 2134438968: driver: console.error: "app-services-error-reporter::error: Error from Remote Settings: Remote settings error: Error sending request: [no-sentry] Backend error: Failed to get response status (0x80040111)"
2026-06-19 01:41:55,904 - MainProcess[log-interceptor-2134438968]- selenium_firefox     - DEBUG   : BROWSER 2134438968: driver: console.error: URLBar - QuickSuggest.SuggestBackendRust: "Ingest error" ({type:"Amp", error:(new Error("reason: Error from Remote Settings: Remote settings error: Error sending request: [no-sentry] Backend error: Failed to get response status (0x80040111)", "moz-src:///toolkit/components/uniffi-bindgen-gecko-js/components/generated/RustSuggest.sys.mjs", 3593)), reason:"Error from Remote Settings: Remote settings error: Error sending request: [no-sentry] Backend error: Failed to get response status (0x80040111)"})
2026-06-19 01:41:55,951 - MainProcess[log-interceptor-2134438968]- selenium_firefox     - DEBUG   : BROWSER 2134438968: driver: console.error: WebExtensions:
2026-06-19 01:41:55,952 - MainProcess[log-interceptor-2134438968]- selenium_firefox     - DEBUG   : BROWSER 2134438968: driver: Message: [Exception... "Component returned failure code: 0x804b0010 (NS_ERROR_OFFLINE) [nsIInputStream.available]"  nsresult: "0x804b0010 (NS_ERROR_OFFLINE)"  location: "JS frame :: jar:file:///tmp/addon-7ce9a26f-b9ec-4210-87b3-36bff2f9d1d3.xpi!/privileged/sockets/api.js :: onInputStreamReady :: line 49"  data: no]
2026-06-19 01:41:55,953 - MainProcess[log-interceptor-2134438968]- selenium_firefox     - DEBUG   : BROWSER 2134438968: driver: Stack:
2026-06-19 01:41:55,953 - MainProcess[log-interceptor-2134438968]- selenium_firefox     - DEBUG   : BROWSER 2134438968: driver: onInputStreamReady@jar:file:///tmp/addon-7ce9a26f-b9ec-4210-87b3-36bff2f9d1d3.xpi!/privileged/sockets/api.js:49:33
2026-06-19 01:41:55,953 - MainProcess[log-interceptor-2134438968]- selenium_firefox     - DEBUG   : BROWSER 2134438968: driver: 
2026-06-19 01:41:55,952 - MainProcess[MainThread]- storage_controller   - INFO    : Terminating handler for Browser-2134438968, because the underlying socket closed
2026-06-19 01:41:56,035 - MainProcess[log-interceptor-2134438968]- selenium_firefox     - DEBUG   : BROWSER 2134438968: driver: console.error: RemoteSecuritySettings:
2026-06-19 01:41:56,035 - MainProcess[log-interceptor-2134438968]- selenium_firefox     - DEBUG   : BROWSER 2134438968: driver: failed to download CRLite filter
2026-06-19 01:41:56,036 - MainProcess[log-interceptor-2134438968]- selenium_firefox     - DEBUG   : BROWSER 2134438968: driver: Object
2026-06-19 01:41:56,036 - MainProcess[log-interceptor-2134438968]- selenium_firefox     - DEBUG   : BROWSER 2134438968: driver: - prototype Object
2026-06-19 01:41:56,037 - MainProcess[log-interceptor-2134438968]- selenium_firefox     - DEBUG   : BROWSER 2134438968: driver: - columnNumber = 11
2026-06-19 01:41:56,037 - MainProcess[log-interceptor-2134438968]- selenium_firefox     - DEBUG   : BROWSER 2134438968: driver: - data = null
2026-06-19 01:41:56,037 - MainProcess[log-interceptor-2134438968]- selenium_firefox     - DEBUG   : BROWSER 2134438968: driver: - filename = resource://gre/modules/ServiceRequest.sys.mjs
2026-06-19 01:41:56,038 - MainProcess[log-interceptor-2134438968]- selenium_firefox     - DEBUG   : BROWSER 2134438968: driver: - lineNumber = 126
2026-06-19 01:41:56,038 - MainProcess[log-interceptor-2134438968]- selenium_firefox     - DEBUG   : BROWSER 2134438968: driver: - location = {"name":"open","filename":"resource://gre/modules/ServiceRequest.sys.mjs","sourceId":25,"lineNumber":126,"columnNumber":11,"asyncCause":null,"asyncCaller":null,"caller":{"filename":"resource://services-settings/Utils.sys.mjs","name":"fetch/<","sourceId":24,"lineNumber":273,"columnNumber":15,"asyncCause":null,"asyncCaller":null,"caller":{"filename":"resource://services-settings/Utils.sys.mjs","name":"fetch","sourceId":24,"lineNumber":224,"columnNumber":12,"asyncCause":null,"asyncCaller":null,"caller":{"filename":"resource://services-settings/Attachments.sys.mjs","name":"_fetchAttachment","sourceId":23,"lineNumber":560,"columnNumber":35,"asyncCause":null,"asyncCaller":null,"caller":{"filename":"resource://services-settings/Attachments.sys.mjs","name":"downloadAsBytes","sourceId":23,"lineNumber":537,"columnNumber":35,"asyncCause":null,"asyncCaller":null,"caller":{"filename":"resource://gre/modules/AsyncShutdown.sys.mjs","name":"observe","sourceId":15,"lineNumber":570,"columnNumber":17,"asyncCause":null,"asyncCaller":null,"caller":null,"formattedStack":"observe@resource://gre/modules/AsyncShutdown.sys.mjs:570:17\n","nativeSavedFrame":{}},"formattedStack":"downloadAsBytes@resource://services-settings/Attachments.sys.mjs:537:35\nobserve@resource://gre/modules/AsyncShutdown.sys.mjs:570:17\n","nativeSavedFrame":{}},"formattedStack":"_fetchAttachment@resource://services-settings/Attachments.sys.mjs:560:35\ndownloadAsBytes@resource://services-settings/Attachments.sys.mjs:537:35\nobserve@resource://gre/modules/AsyncShutdown.sys.mjs:570:17\n","nativeSavedFrame":{}},"formattedStack":"fetch@resource://services-settings/Utils.sys.mjs:224:12\n_fetchAttachment@resource://services-settings/Attachments.sys.mjs:560:35\ndownloadAsBytes@resource://services-settings/Attachments.sys.mjs:537:35\nobserve@resource://gre/modules/AsyncShutdown.sys.mjs:570:17\n","nativeSavedFrame":{}},"formattedStack":"fetch/<@resource://services-settings/Utils.sys.mjs:273:15\nfetch@resource://services-settings/Utils.sys.mjs:224:12\n_fetchAttachment@resource://services-settings/Attachments.sys.mjs:560:35\ndownloadAsBytes@resource://services-settings/Attachments.sys.mjs:537:35\nobserve@resource://gre/modules/AsyncShutdown.sys.mjs:570:17\n","nativeSavedFrame":{}},"formattedStack":"open@resource://gre/modules/ServiceRequest.sys.mjs:126:11\nfetch/<@resource://services-settings/Utils.sys.mjs:273:15\nfetch@resource://services-settings/Utils.sys.mjs:224:12\n_fetchAttachment@resource://services-settings/Attachments.sys.mjs:560:35\ndownloadAsBytes@resource://services-settings/Attachments.sys.mjs:537:35\nobserve@resource://gre/modules/AsyncShutdown.sys.mjs:570:17\n","nativeSavedFrame":{}}
2026-06-19 01:41:56,039 - MainProcess[log-interceptor-2134438968]- selenium_firefox     - DEBUG   : BROWSER 2134438968: driver: - message =
2026-06-19 01:41:56,040 - MainProcess[log-interceptor-2134438968]- selenium_firefox     - DEBUG   : BROWSER 2134438968: driver: - name =
2026-06-19 01:41:56,040 - MainProcess[log-interceptor-2134438968]- selenium_firefox     - DEBUG   : BROWSER 2134438968: driver: - result = 2152071198
2026-06-19 01:41:56,041 - MainProcess[log-interceptor-2134438968]- selenium_firefox     - DEBUG   : BROWSER 2134438968: driver: - stack = open@resource://gre/modules/ServiceRequest.sys.mjs:126:11|fetch/<@resource://services-settings/Utils.sys.mjs:273:15|fetch@resource://services-settings/Utils.sys.mjs:224:12|_fetchAttachment@resource://services-settings/Attachments.sys.mjs:560:35|downloadAsBytes@resource://services-settings/Attachments.sys.mjs:537:35|observe@resource://gre/modules/AsyncShutdown.sys.mjs:570:17|
2026-06-19 01:41:56,042 - MainProcess[log-interceptor-2134438968]- selenium_firefox     - DEBUG   : BROWSER 2134438968: driver: - prototype Object
2026-06-19 01:41:56,051 - MainProcess[log-interceptor-2134438968]- selenium_firefox     - DEBUG   : BROWSER 2134438968: driver: console.error: RemoteSecuritySettings:
2026-06-19 01:41:56,056 - MainProcess[log-interceptor-2134438968]- selenium_firefox     - DEBUG   : BROWSER 2134438968: driver: failed to download CRLite filter
2026-06-19 01:41:56,061 - MainProcess[log-interceptor-2134438968]- selenium_firefox     - DEBUG   : BROWSER 2134438968: driver: Object
2026-06-19 01:41:56,062 - MainProcess[log-interceptor-2134438968]- selenium_firefox     - DEBUG   : BROWSER 2134438968: driver: - prototype Object
2026-06-19 01:41:56,063 - MainProcess[log-interceptor-2134438968]- selenium_firefox     - DEBUG   : BROWSER 2134438968: driver: - columnNumber = 11
2026-06-19 01:41:56,064 - MainProcess[log-interceptor-2134438968]- selenium_firefox     - DEBUG   : BROWSER 2134438968: driver: - data = null
2026-06-19 01:41:56,064 - MainProcess[log-interceptor-2134438968]- selenium_firefox     - DEBUG   : BROWSER 2134438968: driver: - filename = resource://gre/modules/ServiceRequest.sys.mjs
2026-06-19 01:41:56,065 - MainProcess[log-interceptor-2134438968]- selenium_firefox     - DEBUG   : BROWSER 2134438968: driver: - lineNumber = 126
2026-06-19 01:41:56,065 - MainProcess[log-interceptor-2134438968]- selenium_firefox     - DEBUG   : BROWSER 2134438968: driver: - location = {"name":"open","filename":"resource://gre/modules/ServiceRequest.sys.mjs","sourceId":25,"lineNumber":126,"columnNumber":11,"asyncCause":null,"asyncCaller":null,"caller":{"filename":"resource://services-settings/Utils.sys.mjs","name":"fetch/<","sourceId":24,"lineNumber":273,"columnNumber":15,"asyncCause":null,"asyncCaller":null,"caller":{"filename":"resource://services-settings/Utils.sys.mjs","name":"fetch","sourceId":24,"lineNumber":224,"columnNumber":12,"asyncCause":null,"asyncCaller":null,"caller":{"filename":"resource://services-settings/Attachments.sys.mjs","name":"_fetchAttachment","sourceId":23,"lineNumber":560,"columnNumber":35,"asyncCause":null,"asyncCaller":null,"caller":{"filename":"resource://services-settings/Attachments.sys.mjs","name":"downloadAsBytes","sourceId":23,"lineNumber":537,"columnNumber":35,"asyncCause":null,"asyncCaller":null,"caller":{"filename":"resource://gre/modules/AsyncShutdown.sys.mjs","name":"observe","sourceId":15,"lineNumber":570,"columnNumber":17,"asyncCause":null,"asyncCaller":null,"caller":null,"formattedStack":"observe@resource://gre/modules/AsyncShutdown.sys.mjs:570:17\n","nativeSavedFrame":{}},"formattedStack":"downloadAsBytes@resource://services-settings/Attachments.sys.mjs:537:35\nobserve@resource://gre/modules/AsyncShutdown.sys.mjs:570:17\n","nativeSavedFrame":{}},"formattedStack":"_fetchAttachment@resource://services-settings/Attachments.sys.mjs:560:35\ndownloadAsBytes@resource://services-settings/Attachments.sys.mjs:537:35\nobserve@resource://gre/modules/AsyncShutdown.sys.mjs:570:17\n","nativeSavedFrame":{}},"formattedStack":"fetch@resource://services-settings/Utils.sys.mjs:224:12\n_fetchAttachment@resource://services-settings/Attachments.sys.mjs:560:35\ndownloadAsBytes@resource://services-settings/Attachments.sys.mjs:537:35\nobserve@resource://gre/modules/AsyncShutdown.sys.mjs:570:17\n","nativeSavedFrame":{}},"formattedStack":"fetch/<@resource://services-settings/Utils.sys.mjs:273:15\nfetch@resource://services-settings/Utils.sys.mjs:224:12\n_fetchAttachment@resource://services-settings/Attachments.sys.mjs:560:35\ndownloadAsBytes@resource://services-settings/Attachments.sys.mjs:537:35\nobserve@resource://gre/modules/AsyncShutdown.sys.mjs:570:17\n","nativeSavedFrame":{}},"formattedStack":"open@resource://gre/modules/ServiceRequest.sys.mjs:126:11\nfetch/<@resource://services-settings/Utils.sys.mjs:273:15\nfetch@resource://services-settings/Utils.sys.mjs:224:12\n_fetchAttachment@resource://services-settings/Attachments.sys.mjs:560:35\ndownloadAsBytes@resource://services-settings/Attachments.sys.mjs:537:35\nobserve@resource://gre/modules/AsyncShutdown.sys.mjs:570:17\n","nativeSavedFrame":{}}
2026-06-19 01:41:56,067 - MainProcess[log-interceptor-2134438968]- selenium_firefox     - DEBUG   : BROWSER 2134438968: driver: - message =
2026-06-19 01:41:56,070 - MainProcess[log-interceptor-2134438968]- selenium_firefox     - DEBUG   : BROWSER 2134438968: driver: - name =
2026-06-19 01:41:56,071 - MainProcess[log-interceptor-2134438968]- selenium_firefox     - DEBUG   : BROWSER 2134438968: driver: - result = 2152071198
2026-06-19 01:41:56,073 - MainProcess[log-interceptor-2134438968]- selenium_firefox     - DEBUG   : BROWSER 2134438968: driver: - stack = open@resource://gre/modules/ServiceRequest.sys.mjs:126:11|fetch/<@resource://services-settings/Utils.sys.mjs:273:15|fetch@resource://services-settings/Utils.sys.mjs:224:12|_fetchAttachment@resource://services-settings/Attachments.sys.mjs:560:35|downloadAsBytes@resource://services-settings/Attachments.sys.mjs:537:35|observe@resource://gre/modules/AsyncShutdown.sys.mjs:570:17|
2026-06-19 01:41:56,073 - MainProcess[log-interceptor-2134438968]- selenium_firefox     - DEBUG   : BROWSER 2134438968: driver: - prototype Object
2026-06-19 01:41:56,074 - MainProcess[log-interceptor-2134438968]- selenium_firefox     - DEBUG   : BROWSER 2134438968: driver: console.error: RemoteSecuritySettings:
2026-06-19 01:41:56,076 - MainProcess[log-interceptor-2134438968]- selenium_firefox     - DEBUG   : BROWSER 2134438968: driver: failed to download CRLite filter
2026-06-19 01:41:56,077 - MainProcess[log-interceptor-2134438968]- selenium_firefox     - DEBUG   : BROWSER 2134438968: driver: Object
2026-06-19 01:41:56,077 - MainProcess[log-interceptor-2134438968]- selenium_firefox     - DEBUG   : BROWSER 2134438968: driver: - prototype Object
2026-06-19 01:41:56,078 - MainProcess[log-interceptor-2134438968]- selenium_firefox     - DEBUG   : BROWSER 2134438968: driver: - columnNumber = 11
2026-06-19 01:41:56,078 - MainProcess[log-interceptor-2134438968]- selenium_firefox     - DEBUG   : BROWSER 2134438968: driver: - data = null
2026-06-19 01:41:56,079 - MainProcess[log-interceptor-2134438968]- selenium_firefox     - DEBUG   : BROWSER 2134438968: driver: - filename = resource://gre/modules/ServiceRequest.sys.mjs
2026-06-19 01:41:56,080 - MainProcess[log-interceptor-2134438968]- selenium_firefox     - DEBUG   : BROWSER 2134438968: driver: - lineNumber = 126
2026-06-19 01:41:56,080 - MainProcess[log-interceptor-2134438968]- selenium_firefox     - DEBUG   : BROWSER 2134438968: driver: - location = {"name":"open","filename":"resource://gre/modules/ServiceRequest.sys.mjs","sourceId":25,"lineNumber":126,"columnNumber":11,"asyncCause":null,"asyncCaller":null,"caller":{"filename":"resource://services-settings/Utils.sys.mjs","name":"fetch/<","sourceId":24,"lineNumber":273,"columnNumber":15,"asyncCause":null,"asyncCaller":null,"caller":{"filename":"resource://services-settings/Utils.sys.mjs","name":"fetch","sourceId":24,"lineNumber":224,"columnNumber":12,"asyncCause":null,"asyncCaller":null,"caller":{"filename":"resource://services-settings/Attachments.sys.mjs","name":"_fetchAttachment","sourceId":23,"lineNumber":560,"columnNumber":35,"asyncCause":null,"asyncCaller":null,"caller":{"filename":"resource://services-settings/Attachments.sys.mjs","name":"downloadAsBytes","sourceId":23,"lineNumber":537,"columnNumber":35,"asyncCause":null,"asyncCaller":null,"caller":{"filename":"resource://gre/modules/AsyncShutdown.sys.mjs","name":"observe","sourceId":15,"lineNumber":570,"columnNumber":17,"asyncCause":null,"asyncCaller":null,"caller":null,"formattedStack":"observe@resource://gre/modules/AsyncShutdown.sys.mjs:570:17\n","nativeSavedFrame":{}},"formattedStack":"downloadAsBytes@resource://services-settings/Attachments.sys.mjs:537:35\nobserve@resource://gre/modules/AsyncShutdown.sys.mjs:570:17\n","nativeSavedFrame":{}},"formattedStack":"_fetchAttachment@resource://services-settings/Attachments.sys.mjs:560:35\ndownloadAsBytes@resource://services-settings/Attachments.sys.mjs:537:35\nobserve@resource://gre/modules/AsyncShutdown.sys.mjs:570:17\n","nativeSavedFrame":{}},"formattedStack":"fetch@resource://services-settings/Utils.sys.mjs:224:12\n_fetchAttachment@resource://services-settings/Attachments.sys.mjs:560:35\ndownloadAsBytes@resource://services-settings/Attachments.sys.mjs:537:35\nobserve@resource://gre/modules/AsyncShutdown.sys.mjs:570:17\n","nativeSavedFrame":{}},"formattedStack":"fetch/<@resource://services-settings/Utils.sys.mjs:273:15\nfetch@resource://services-settings/Utils.sys.mjs:224:12\n_fetchAttachment@resource://services-settings/Attachments.sys.mjs:560:35\ndownloadAsBytes@resource://services-settings/Attachments.sys.mjs:537:35\nobserve@resource://gre/modules/AsyncShutdown.sys.mjs:570:17\n","nativeSavedFrame":{}},"formattedStack":"open@resource://gre/modules/ServiceRequest.sys.mjs:126:11\nfetch/<@resource://services-settings/Utils.sys.mjs:273:15\nfetch@resource://services-settings/Utils.sys.mjs:224:12\n_fetchAttachment@resource://services-settings/Attachments.sys.mjs:560:35\ndownloadAsBytes@resource://services-settings/Attachments.sys.mjs:537:35\nobserve@resource://gre/modules/AsyncShutdown.sys.mjs:570:17\n","nativeSavedFrame":{}}
2026-06-19 01:41:56,081 - MainProcess[log-interceptor-2134438968]- selenium_firefox     - DEBUG   : BROWSER 2134438968: driver: - message =
2026-06-19 01:41:56,081 - MainProcess[log-interceptor-2134438968]- selenium_firefox     - DEBUG   : BROWSER 2134438968: driver: - name =
2026-06-19 01:41:56,081 - MainProcess[log-interceptor-2134438968]- selenium_firefox     - DEBUG   : BROWSER 2134438968: driver: - result = 2152071198
2026-06-19 01:41:56,082 - MainProcess[log-interceptor-2134438968]- selenium_firefox     - DEBUG   : BROWSER 2134438968: driver: - stack = open@resource://gre/modules/ServiceRequest.sys.mjs:126:11|fetch/<@resource://services-settings/Utils.sys.mjs:273:15|fetch@resource://services-settings/Utils.sys.mjs:224:12|_fetchAttachment@resource://services-settings/Attachments.sys.mjs:560:35|downloadAsBytes@resource://services-settings/Attachments.sys.mjs:537:35|observe@resource://gre/modules/AsyncShutdown.sys.mjs:570:17|
2026-06-19 01:41:56,082 - MainProcess[log-interceptor-2134438968]- selenium_firefox     - DEBUG   : BROWSER 2134438968: driver: - prototype Object
2026-06-19 01:41:56,083 - MainProcess[log-interceptor-2134438968]- selenium_firefox     - DEBUG   : BROWSER 2134438968: driver: console.error: RemoteSecuritySettings:
2026-06-19 01:41:56,083 - MainProcess[log-interceptor-2134438968]- selenium_firefox     - DEBUG   : BROWSER 2134438968: driver: failed to download CRLite filter
2026-06-19 01:41:56,084 - MainProcess[log-interceptor-2134438968]- selenium_firefox     - DEBUG   : BROWSER 2134438968: driver: Object
2026-06-19 01:41:56,084 - MainProcess[log-interceptor-2134438968]- selenium_firefox     - DEBUG   : BROWSER 2134438968: driver: - prototype Object
2026-06-19 01:41:56,085 - MainProcess[log-interceptor-2134438968]- selenium_firefox     - DEBUG   : BROWSER 2134438968: driver: - columnNumber = 11
2026-06-19 01:41:56,085 - MainProcess[log-interceptor-2134438968]- selenium_firefox     - DEBUG   : BROWSER 2134438968: driver: - data = null
2026-06-19 01:41:56,085 - MainProcess[log-interceptor-2134438968]- selenium_firefox     - DEBUG   : BROWSER 2134438968: driver: - filename = resource://gre/modules/ServiceRequest.sys.mjs
2026-06-19 01:41:56,086 - MainProcess[log-interceptor-2134438968]- selenium_firefox     - DEBUG   : BROWSER 2134438968: driver: - lineNumber = 126
2026-06-19 01:41:56,086 - MainProcess[log-interceptor-2134438968]- selenium_firefox     - DEBUG   : BROWSER 2134438968: driver: - location = {"name":"open","filename":"resource://gre/modules/ServiceRequest.sys.mjs","sourceId":25,"lineNumber":126,"columnNumber":11,"asyncCause":null,"asyncCaller":null,"caller":{"filename":"resource://services-settings/Utils.sys.mjs","name":"fetch/<","sourceId":24,"lineNumber":273,"columnNumber":15,"asyncCause":null,"asyncCaller":null,"caller":{"filename":"resource://services-settings/Utils.sys.mjs","name":"fetch","sourceId":24,"lineNumber":224,"columnNumber":12,"asyncCause":null,"asyncCaller":null,"caller":{"filename":"resource://services-settings/Attachments.sys.mjs","name":"_fetchAttachment","sourceId":23,"lineNumber":560,"columnNumber":35,"asyncCause":null,"asyncCaller":null,"caller":{"filename":"resource://services-settings/Attachments.sys.mjs","name":"downloadAsBytes","sourceId":23,"lineNumber":537,"columnNumber":35,"asyncCause":null,"asyncCaller":null,"caller":{"filename":"resource://gre/modules/AsyncShutdown.sys.mjs","name":"observe","sourceId":15,"lineNumber":570,"columnNumber":17,"asyncCause":null,"asyncCaller":null,"caller":null,"formattedStack":"observe@resource://gre/modules/AsyncShutdown.sys.mjs:570:17\n","nativeSavedFrame":{}},"formattedStack":"downloadAsBytes@resource://services-settings/Attachments.sys.mjs:537:35\nobserve@resource://gre/modules/AsyncShutdown.sys.mjs:570:17\n","nativeSavedFrame":{}},"formattedStack":"_fetchAttachment@resource://services-settings/Attachments.sys.mjs:560:35\ndownloadAsBytes@resource://services-settings/Attachments.sys.mjs:537:35\nobserve@resource://gre/modules/AsyncShutdown.sys.mjs:570:17\n","nativeSavedFrame":{}},"formattedStack":"fetch@resource://services-settings/Utils.sys.mjs:224:12\n_fetchAttachment@resource://services-settings/Attachments.sys.mjs:560:35\ndownloadAsBytes@resource://services-settings/Attachments.sys.mjs:537:35\nobserve@resource://gre/modules/AsyncShutdown.sys.mjs:570:17\n","nativeSavedFrame":{}},"formattedStack":"fetch/<@resource://services-settings/Utils.sys.mjs:273:15\nfetch@resource://services-settings/Utils.sys.mjs:224:12\n_fetchAttachment@resource://services-settings/Attachments.sys.mjs:560:35\ndownloadAsBytes@resource://services-settings/Attachments.sys.mjs:537:35\nobserve@resource://gre/modules/AsyncShutdown.sys.mjs:570:17\n","nativeSavedFrame":{}},"formattedStack":"open@resource://gre/modules/ServiceRequest.sys.mjs:126:11\nfetch/<@resource://services-settings/Utils.sys.mjs:273:15\nfetch@resource://services-settings/Utils.sys.mjs:224:12\n_fetchAttachment@resource://services-settings/Attachments.sys.mjs:560:35\ndownloadAsBytes@resource://services-settings/Attachments.sys.mjs:537:35\nobserve@resource://gre/modules/AsyncShutdown.sys.mjs:570:17\n","nativeSavedFrame":{}}
2026-06-19 01:41:56,087 - MainProcess[log-interceptor-2134438968]- selenium_firefox     - DEBUG   : BROWSER 2134438968: driver: - message =
2026-06-19 01:41:56,087 - MainProcess[log-interceptor-2134438968]- selenium_firefox     - DEBUG   : BROWSER 2134438968: driver: - name =
2026-06-19 01:41:56,088 - MainProcess[log-interceptor-2134438968]- selenium_firefox     - DEBUG   : BROWSER 2134438968: driver: - result = 2152071198
2026-06-19 01:41:56,088 - MainProcess[log-interceptor-2134438968]- selenium_firefox     - DEBUG   : BROWSER 2134438968: driver: - stack = open@resource://gre/modules/ServiceRequest.sys.mjs:126:11|fetch/<@resource://services-settings/Utils.sys.mjs:273:15|fetch@resource://services-settings/Utils.sys.mjs:224:12|_fetchAttachment@resource://services-settings/Attachments.sys.mjs:560:35|downloadAsBytes@resource://services-settings/Attachments.sys.mjs:537:35|observe@resource://gre/modules/AsyncShutdown.sys.mjs:570:17|
2026-06-19 01:41:56,089 - MainProcess[log-interceptor-2134438968]- selenium_firefox     - DEBUG   : BROWSER 2134438968: driver: - prototype Object
2026-06-19 01:41:56,089 - MainProcess[log-interceptor-2134438968]- selenium_firefox     - DEBUG   : BROWSER 2134438968: driver: console.error: RemoteSecuritySettings:
2026-06-19 01:41:56,090 - MainProcess[log-interceptor-2134438968]- selenium_firefox     - DEBUG   : BROWSER 2134438968: driver: failed to download CRLite filter
2026-06-19 01:41:56,091 - MainProcess[log-interceptor-2134438968]- selenium_firefox     - DEBUG   : BROWSER 2134438968: driver: Object
2026-06-19 01:41:56,091 - MainProcess[log-interceptor-2134438968]- selenium_firefox     - DEBUG   : BROWSER 2134438968: driver: - prototype Object
2026-06-19 01:41:56,091 - MainProcess[log-interceptor-2134438968]- selenium_firefox     - DEBUG   : BROWSER 2134438968: driver: - columnNumber = 11
2026-06-19 01:41:56,092 - MainProcess[log-interceptor-2134438968]- selenium_firefox     - DEBUG   : BROWSER 2134438968: driver: - data = null
2026-06-19 01:41:56,092 - MainProcess[log-interceptor-2134438968]- selenium_firefox     - DEBUG   : BROWSER 2134438968: driver: - filename = resource://gre/modules/ServiceRequest.sys.mjs
2026-06-19 01:41:56,093 - MainProcess[log-interceptor-2134438968]- selenium_firefox     - DEBUG   : BROWSER 2134438968: driver: - lineNumber = 126
2026-06-19 01:41:56,093 - MainProcess[log-interceptor-2134438968]- selenium_firefox     - DEBUG   : BROWSER 2134438968: driver: - location = {"name":"open","filename":"resource://gre/modules/ServiceRequest.sys.mjs","sourceId":25,"lineNumber":126,"columnNumber":11,"asyncCause":null,"asyncCaller":null,"caller":{"filename":"resource://services-settings/Utils.sys.mjs","name":"fetch/<","sourceId":24,"lineNumber":273,"columnNumber":15,"asyncCause":null,"asyncCaller":null,"caller":{"filename":"resource://services-settings/Utils.sys.mjs","name":"fetch","sourceId":24,"lineNumber":224,"columnNumber":12,"asyncCause":null,"asyncCaller":null,"caller":{"filename":"resource://services-settings/Attachments.sys.mjs","name":"_fetchAttachment","sourceId":23,"lineNumber":560,"columnNumber":35,"asyncCause":null,"asyncCaller":null,"caller":{"filename":"resource://services-settings/Attachments.sys.mjs","name":"downloadAsBytes","sourceId":23,"lineNumber":537,"columnNumber":35,"asyncCause":null,"asyncCaller":null,"caller":{"filename":"resource://gre/modules/AsyncShutdown.sys.mjs","name":"observe","sourceId":15,"lineNumber":570,"columnNumber":17,"asyncCause":null,"asyncCaller":null,"caller":null,"formattedStack":"observe@resource://gre/modules/AsyncShutdown.sys.mjs:570:17\n","nativeSavedFrame":{}},"formattedStack":"downloadAsBytes@resource://services-settings/Attachments.sys.mjs:537:35\nobserve@resource://gre/modules/AsyncShutdown.sys.mjs:570:17\n","nativeSavedFrame":{}},"formattedStack":"_fetchAttachment@resource://services-settings/Attachments.sys.mjs:560:35\ndownloadAsBytes@resource://services-settings/Attachments.sys.mjs:537:35\nobserve@resource://gre/modules/AsyncShutdown.sys.mjs:570:17\n","nativeSavedFrame":{}},"formattedStack":"fetch@resource://services-settings/Utils.sys.mjs:224:12\n_fetchAttachment@resource://services-settings/Attachments.sys.mjs:560:35\ndownloadAsBytes@resource://services-settings/Attachments.sys.mjs:537:35\nobserve@resource://gre/modules/AsyncShutdown.sys.mjs:570:17\n","nativeSavedFrame":{}},"formattedStack":"fetch/<@resource://services-settings/Utils.sys.mjs:273:15\nfetch@resource://services-settings/Utils.sys.mjs:224:12\n_fetchAttachment@resource://services-settings/Attachments.sys.mjs:560:35\ndownloadAsBytes@resource://services-settings/Attachments.sys.mjs:537:35\nobserve@resource://gre/modules/AsyncShutdown.sys.mjs:570:17\n","nativeSavedFrame":{}},"formattedStack":"open@resource://gre/modules/ServiceRequest.sys.mjs:126:11\nfetch/<@resource://services-settings/Utils.sys.mjs:273:15\nfetch@resource://services-settings/Utils.sys.mjs:224:12\n_fetchAttachment@resource://services-settings/Attachments.sys.mjs:560:35\ndownloadAsBytes@resource://services-settings/Attachments.sys.mjs:537:35\nobserve@resource://gre/modules/AsyncShutdown.sys.mjs:570:17\n","nativeSavedFrame":{}}
2026-06-19 01:41:56,094 - MainProcess[log-interceptor-2134438968]- selenium_firefox     - DEBUG   : BROWSER 2134438968: driver: - message =
2026-06-19 01:41:56,094 - MainProcess[log-interceptor-2134438968]- selenium_firefox     - DEBUG   : BROWSER 2134438968: driver: - name =
2026-06-19 01:41:56,094 - MainProcess[log-interceptor-2134438968]- selenium_firefox     - DEBUG   : BROWSER 2134438968: driver: - result = 2152071198
2026-06-19 01:41:56,095 - MainProcess[log-interceptor-2134438968]- selenium_firefox     - DEBUG   : BROWSER 2134438968: driver: - stack = open@resource://gre/modules/ServiceRequest.sys.mjs:126:11|fetch/<@resource://services-settings/Utils.sys.mjs:273:15|fetch@resource://services-settings/Utils.sys.mjs:224:12|_fetchAttachment@resource://services-settings/Attachments.sys.mjs:560:35|downloadAsBytes@resource://services-settings/Attachments.sys.mjs:537:35|observe@resource://gre/modules/AsyncShutdown.sys.mjs:570:17|
2026-06-19 01:41:56,095 - MainProcess[log-interceptor-2134438968]- selenium_firefox     - DEBUG   : BROWSER 2134438968: driver: - prototype Object
2026-06-19 01:41:56,096 - MainProcess[log-interceptor-2134438968]- selenium_firefox     - DEBUG   : BROWSER 2134438968: driver: console.error: RemoteSecuritySettings:
2026-06-19 01:41:56,096 - MainProcess[log-interceptor-2134438968]- selenium_firefox     - DEBUG   : BROWSER 2134438968: driver: failed to download CRLite filter
2026-06-19 01:41:56,097 - MainProcess[log-interceptor-2134438968]- selenium_firefox     - DEBUG   : BROWSER 2134438968: driver: Object
2026-06-19 01:41:56,097 - MainProcess[log-interceptor-2134438968]- selenium_firefox     - DEBUG   : BROWSER 2134438968: driver: - prototype Object
2026-06-19 01:41:56,097 - MainProcess[log-interceptor-2134438968]- selenium_firefox     - DEBUG   : BROWSER 2134438968: driver: - columnNumber = 11
2026-06-19 01:41:56,098 - MainProcess[log-interceptor-2134438968]- selenium_firefox     - DEBUG   : BROWSER 2134438968: driver: - data = null
2026-06-19 01:41:56,098 - MainProcess[log-interceptor-2134438968]- selenium_firefox     - DEBUG   : BROWSER 2134438968: driver: - filename = resource://gre/modules/ServiceRequest.sys.mjs
2026-06-19 01:41:56,099 - MainProcess[log-interceptor-2134438968]- selenium_firefox     - DEBUG   : BROWSER 2134438968: driver: - lineNumber = 126
2026-06-19 01:41:56,100 - MainProcess[log-interceptor-2134438968]- selenium_firefox     - DEBUG   : BROWSER 2134438968: driver: - location = {"name":"open","filename":"resource://gre/modules/ServiceRequest.sys.mjs","sourceId":25,"lineNumber":126,"columnNumber":11,"asyncCause":null,"asyncCaller":null,"caller":{"filename":"resource://services-settings/Utils.sys.mjs","name":"fetch/<","sourceId":24,"lineNumber":273,"columnNumber":15,"asyncCause":null,"asyncCaller":null,"caller":{"filename":"resource://services-settings/Utils.sys.mjs","name":"fetch","sourceId":24,"lineNumber":224,"columnNumber":12,"asyncCause":null,"asyncCaller":null,"caller":{"filename":"resource://services-settings/Attachments.sys.mjs","name":"_fetchAttachment","sourceId":23,"lineNumber":560,"columnNumber":35,"asyncCause":null,"asyncCaller":null,"caller":{"filename":"resource://services-settings/Attachments.sys.mjs","name":"downloadAsBytes","sourceId":23,"lineNumber":537,"columnNumber":35,"asyncCause":null,"asyncCaller":null,"caller":{"filename":"resource://gre/modules/AsyncShutdown.sys.mjs","name":"observe","sourceId":15,"lineNumber":570,"columnNumber":17,"asyncCause":null,"asyncCaller":null,"caller":null,"formattedStack":"observe@resource://gre/modules/AsyncShutdown.sys.mjs:570:17\n","nativeSavedFrame":{}},"formattedStack":"downloadAsBytes@resource://services-settings/Attachments.sys.mjs:537:35\nobserve@resource://gre/modules/AsyncShutdown.sys.mjs:570:17\n","nativeSavedFrame":{}},"formattedStack":"_fetchAttachment@resource://services-settings/Attachments.sys.mjs:560:35\ndownloadAsBytes@resource://services-settings/Attachments.sys.mjs:537:35\nobserve@resource://gre/modules/AsyncShutdown.sys.mjs:570:17\n","nativeSavedFrame":{}},"formattedStack":"fetch@resource://services-settings/Utils.sys.mjs:224:12\n_fetchAttachment@resource://services-settings/Attachments.sys.mjs:560:35\ndownloadAsBytes@resource://services-settings/Attachments.sys.mjs:537:35\nobserve@resource://gre/modules/AsyncShutdown.sys.mjs:570:17\n","nativeSavedFrame":{}},"formattedStack":"fetch/<@resource://services-settings/Utils.sys.mjs:273:15\nfetch@resource://services-settings/Utils.sys.mjs:224:12\n_fetchAttachment@resource://services-settings/Attachments.sys.mjs:560:35\ndownloadAsBytes@resource://services-settings/Attachments.sys.mjs:537:35\nobserve@resource://gre/modules/AsyncShutdown.sys.mjs:570:17\n","nativeSavedFrame":{}},"formattedStack":"open@resource://gre/modules/ServiceRequest.sys.mjs:126:11\nfetch/<@resource://services-settings/Utils.sys.mjs:273:15\nfetch@resource://services-settings/Utils.sys.mjs:224:12\n_fetchAttachment@resource://services-settings/Attachments.sys.mjs:560:35\ndownloadAsBytes@resource://services-settings/Attachments.sys.mjs:537:35\nobserve@resource://gre/modules/AsyncShutdown.sys.mjs:570:17\n","nativeSavedFrame":{}}
2026-06-19 01:41:56,100 - MainProcess[log-interceptor-2134438968]- selenium_firefox     - DEBUG   : BROWSER 2134438968: driver: - message =
2026-06-19 01:41:56,101 - MainProcess[log-interceptor-2134438968]- selenium_firefox     - DEBUG   : BROWSER 2134438968: driver: - name =
2026-06-19 01:41:56,101 - MainProcess[log-interceptor-2134438968]- selenium_firefox     - DEBUG   : BROWSER 2134438968: driver: - result = 2152071198
2026-06-19 01:41:56,102 - MainProcess[log-interceptor-2134438968]- selenium_firefox     - DEBUG   : BROWSER 2134438968: driver: - stack = open@resource://gre/modules/ServiceRequest.sys.mjs:126:11|fetch/<@resource://services-settings/Utils.sys.mjs:273:15|fetch@resource://services-settings/Utils.sys.mjs:224:12|_fetchAttachment@resource://services-settings/Attachments.sys.mjs:560:35|downloadAsBytes@resource://services-settings/Attachments.sys.mjs:537:35|observe@resource://gre/modules/AsyncShutdown.sys.mjs:570:17|
2026-06-19 01:41:56,102 - MainProcess[log-interceptor-2134438968]- selenium_firefox     - DEBUG   : BROWSER 2134438968: driver: - prototype Object
2026-06-19 01:41:56,103 - MainProcess[log-interceptor-2134438968]- selenium_firefox     - DEBUG   : BROWSER 2134438968: driver: console.error: RemoteSecuritySettings:
2026-06-19 01:41:56,104 - MainProcess[log-interceptor-2134438968]- selenium_firefox     - DEBUG   : BROWSER 2134438968: driver: failed to download CRLite filter
2026-06-19 01:41:56,104 - MainProcess[log-interceptor-2134438968]- selenium_firefox     - DEBUG   : BROWSER 2134438968: driver: Object
2026-06-19 01:41:56,105 - MainProcess[log-interceptor-2134438968]- selenium_firefox     - DEBUG   : BROWSER 2134438968: driver: - prototype Object
2026-06-19 01:41:56,105 - MainProcess[log-interceptor-2134438968]- selenium_firefox     - DEBUG   : BROWSER 2134438968: driver: - columnNumber = 11
2026-06-19 01:41:56,106 - MainProcess[log-interceptor-2134438968]- selenium_firefox     - DEBUG   : BROWSER 2134438968: driver: - data = null
2026-06-19 01:41:56,106 - MainProcess[log-interceptor-2134438968]- selenium_firefox     - DEBUG   : BROWSER 2134438968: driver: - filename = resource://gre/modules/ServiceRequest.sys.mjs
2026-06-19 01:41:56,106 - MainProcess[log-interceptor-2134438968]- selenium_firefox     - DEBUG   : BROWSER 2134438968: driver: - lineNumber = 126
2026-06-19 01:41:56,107 - MainProcess[log-interceptor-2134438968]- selenium_firefox     - DEBUG   : BROWSER 2134438968: driver: - location = {"name":"open","filename":"resource://gre/modules/ServiceRequest.sys.mjs","sourceId":25,"lineNumber":126,"columnNumber":11,"asyncCause":null,"asyncCaller":null,"caller":{"filename":"resource://services-settings/Utils.sys.mjs","name":"fetch/<","sourceId":24,"lineNumber":273,"columnNumber":15,"asyncCause":null,"asyncCaller":null,"caller":{"filename":"resource://services-settings/Utils.sys.mjs","name":"fetch","sourceId":24,"lineNumber":224,"columnNumber":12,"asyncCause":null,"asyncCaller":null,"caller":{"filename":"resource://services-settings/Attachments.sys.mjs","name":"_fetchAttachment","sourceId":23,"lineNumber":560,"columnNumber":35,"asyncCause":null,"asyncCaller":null,"caller":{"filename":"resource://services-settings/Attachments.sys.mjs","name":"downloadAsBytes","sourceId":23,"lineNumber":537,"columnNumber":35,"asyncCause":null,"asyncCaller":null,"caller":{"filename":"resource://gre/modules/AsyncShutdown.sys.mjs","name":"observe","sourceId":15,"lineNumber":570,"columnNumber":17,"asyncCause":null,"asyncCaller":null,"caller":null,"formattedStack":"observe@resource://gre/modules/AsyncShutdown.sys.mjs:570:17\n","nativeSavedFrame":{}},"formattedStack":"downloadAsBytes@resource://services-settings/Attachments.sys.mjs:537:35\nobserve@resource://gre/modules/AsyncShutdown.sys.mjs:570:17\n","nativeSavedFrame":{}},"formattedStack":"_fetchAttachment@resource://services-settings/Attachments.sys.mjs:560:35\ndownloadAsBytes@resource://services-settings/Attachments.sys.mjs:537:35\nobserve@resource://gre/modules/AsyncShutdown.sys.mjs:570:17\n","nativeSavedFrame":{}},"formattedStack":"fetch@resource://services-settings/Utils.sys.mjs:224:12\n_fetchAttachment@resource://services-settings/Attachments.sys.mjs:560:35\ndownloadAsBytes@resource://services-settings/Attachments.sys.mjs:537:35\nobserve@resource://gre/modules/AsyncShutdown.sys.mjs:570:17\n","nativeSavedFrame":{}},"formattedStack":"fetch/<@resource://services-settings/Utils.sys.mjs:273:15\nfetch@resource://services-settings/Utils.sys.mjs:224:12\n_fetchAttachment@resource://services-settings/Attachments.sys.mjs:560:35\ndownloadAsBytes@resource://services-settings/Attachments.sys.mjs:537:35\nobserve@resource://gre/modules/AsyncShutdown.sys.mjs:570:17\n","nativeSavedFrame":{}},"formattedStack":"open@resource://gre/modules/ServiceRequest.sys.mjs:126:11\nfetch/<@resource://services-settings/Utils.sys.mjs:273:15\nfetch@resource://services-settings/Utils.sys.mjs:224:12\n_fetchAttachment@resource://services-settings/Attachments.sys.mjs:560:35\ndownloadAsBytes@resource://services-settings/Attachments.sys.mjs:537:35\nobserve@resource://gre/modules/AsyncShutdown.sys.mjs:570:17\n","nativeSavedFrame":{}}
2026-06-19 01:41:56,110 - MainProcess[log-interceptor-2134438968]- selenium_firefox     - DEBUG   : BROWSER 2134438968: driver: - message =
2026-06-19 01:41:56,111 - MainProcess[log-interceptor-2134438968]- selenium_firefox     - DEBUG   : BROWSER 2134438968: driver: - name =
2026-06-19 01:41:56,112 - MainProcess[log-interceptor-2134438968]- selenium_firefox     - DEBUG   : BROWSER 2134438968: driver: - result = 2152071198
2026-06-19 01:41:56,113 - MainProcess[log-interceptor-2134438968]- selenium_firefox     - DEBUG   : BROWSER 2134438968: driver: - stack = open@resource://gre/modules/ServiceRequest.sys.mjs:126:11|fetch/<@resource://services-settings/Utils.sys.mjs:273:15|fetch@resource://services-settings/Utils.sys.mjs:224:12|_fetchAttachment@resource://services-settings/Attachments.sys.mjs:560:35|downloadAsBytes@resource://services-settings/Attachments.sys.mjs:537:35|observe@resource://gre/modules/AsyncShutdown.sys.mjs:570:17|
2026-06-19 01:41:56,114 - MainProcess[log-interceptor-2134438968]- selenium_firefox     - DEBUG   : BROWSER 2134438968: driver: - prototype Object
2026-06-19 01:41:56,115 - MainProcess[log-interceptor-2134438968]- selenium_firefox     - DEBUG   : BROWSER 2134438968: driver: console.error: RemoteSecuritySettings:
2026-06-19 01:41:56,115 - MainProcess[log-interceptor-2134438968]- selenium_firefox     - DEBUG   : BROWSER 2134438968: driver: failed to download CRLite filter
2026-06-19 01:41:56,116 - MainProcess[log-interceptor-2134438968]- selenium_firefox     - DEBUG   : BROWSER 2134438968: driver: Object
2026-06-19 01:41:56,116 - MainProcess[log-interceptor-2134438968]- selenium_firefox     - DEBUG   : BROWSER 2134438968: driver: - prototype Object
2026-06-19 01:41:56,117 - MainProcess[log-interceptor-2134438968]- selenium_firefox     - DEBUG   : BROWSER 2134438968: driver: - columnNumber = 11
2026-06-19 01:41:56,117 - MainProcess[log-interceptor-2134438968]- selenium_firefox     - DEBUG   : BROWSER 2134438968: driver: - data = null
2026-06-19 01:41:56,117 - MainProcess[log-interceptor-2134438968]- selenium_firefox     - DEBUG   : BROWSER 2134438968: driver: - filename = resource://gre/modules/ServiceRequest.sys.mjs
2026-06-19 01:41:56,118 - MainProcess[log-interceptor-2134438968]- selenium_firefox     - DEBUG   : BROWSER 2134438968: driver: - lineNumber = 126
2026-06-19 01:41:56,123 - MainProcess[log-interceptor-2134438968]- selenium_firefox     - DEBUG   : BROWSER 2134438968: driver: - location = {"name":"open","filename":"resource://gre/modules/ServiceRequest.sys.mjs","sourceId":25,"lineNumber":126,"columnNumber":11,"asyncCause":null,"asyncCaller":null,"caller":{"filename":"resource://services-settings/Utils.sys.mjs","name":"fetch/<","sourceId":24,"lineNumber":273,"columnNumber":15,"asyncCause":null,"asyncCaller":null,"caller":{"filename":"resource://services-settings/Utils.sys.mjs","name":"fetch","sourceId":24,"lineNumber":224,"columnNumber":12,"asyncCause":null,"asyncCaller":null,"caller":{"filename":"resource://services-settings/Attachments.sys.mjs","name":"_fetchAttachment","sourceId":23,"lineNumber":560,"columnNumber":35,"asyncCause":null,"asyncCaller":null,"caller":{"filename":"resource://services-settings/Attachments.sys.mjs","name":"downloadAsBytes","sourceId":23,"lineNumber":537,"columnNumber":35,"asyncCause":null,"asyncCaller":null,"caller":{"filename":"resource://gre/modules/AsyncShutdown.sys.mjs","name":"observe","sourceId":15,"lineNumber":570,"columnNumber":17,"asyncCause":null,"asyncCaller":null,"caller":null,"formattedStack":"observe@resource://gre/modules/AsyncShutdown.sys.mjs:570:17\n","nativeSavedFrame":{}},"formattedStack":"downloadAsBytes@resource://services-settings/Attachments.sys.mjs:537:35\nobserve@resource://gre/modules/AsyncShutdown.sys.mjs:570:17\n","nativeSavedFrame":{}},"formattedStack":"_fetchAttachment@resource://services-settings/Attachments.sys.mjs:560:35\ndownloadAsBytes@resource://services-settings/Attachments.sys.mjs:537:35\nobserve@resource://gre/modules/AsyncShutdown.sys.mjs:570:17\n","nativeSavedFrame":{}},"formattedStack":"fetch@resource://services-settings/Utils.sys.mjs:224:12\n_fetchAttachment@resource://services-settings/Attachments.sys.mjs:560:35\ndownloadAsBytes@resource://services-settings/Attachments.sys.mjs:537:35\nobserve@resource://gre/modules/AsyncShutdown.sys.mjs:570:17\n","nativeSavedFrame":{}},"formattedStack":"fetch/<@resource://services-settings/Utils.sys.mjs:273:15\nfetch@resource://services-settings/Utils.sys.mjs:224:12\n_fetchAttachment@resource://services-settings/Attachments.sys.mjs:560:35\ndownloadAsBytes@resource://services-settings/Attachments.sys.mjs:537:35\nobserve@resource://gre/modules/AsyncShutdown.sys.mjs:570:17\n","nativeSavedFrame":{}},"formattedStack":"open@resource://gre/modules/ServiceRequest.sys.mjs:126:11\nfetch/<@resource://services-settings/Utils.sys.mjs:273:15\nfetch@resource://services-settings/Utils.sys.mjs:224:12\n_fetchAttachment@resource://services-settings/Attachments.sys.mjs:560:35\ndownloadAsBytes@resource://services-settings/Attachments.sys.mjs:537:35\nobserve@resource://gre/modules/AsyncShutdown.sys.mjs:570:17\n","nativeSavedFrame":{}}
2026-06-19 01:41:56,125 - MainProcess[log-interceptor-2134438968]- selenium_firefox     - DEBUG   : BROWSER 2134438968: driver: - message =
2026-06-19 01:41:56,130 - MainProcess[log-interceptor-2134438968]- selenium_firefox     - DEBUG   : BROWSER 2134438968: driver: - name =
2026-06-19 01:41:56,131 - MainProcess[log-interceptor-2134438968]- selenium_firefox     - DEBUG   : BROWSER 2134438968: driver: - result = 2152071198
2026-06-19 01:41:56,131 - MainProcess[log-interceptor-2134438968]- selenium_firefox     - DEBUG   : BROWSER 2134438968: driver: - stack = open@resource://gre/modules/ServiceRequest.sys.mjs:126:11|fetch/<@resource://services-settings/Utils.sys.mjs:273:15|fetch@resource://services-settings/Utils.sys.mjs:224:12|_fetchAttachment@resource://services-settings/Attachments.sys.mjs:560:35|downloadAsBytes@resource://services-settings/Attachments.sys.mjs:537:35|observe@resource://gre/modules/AsyncShutdown.sys.mjs:570:17|
2026-06-19 01:41:56,132 - MainProcess[log-interceptor-2134438968]- selenium_firefox     - DEBUG   : BROWSER 2134438968: driver: - prototype Object
2026-06-19 01:41:56,132 - MainProcess[log-interceptor-2134438968]- selenium_firefox     - DEBUG   : BROWSER 2134438968: driver: console.error: RemoteSecuritySettings:
2026-06-19 01:41:56,133 - MainProcess[log-interceptor-2134438968]- selenium_firefox     - DEBUG   : BROWSER 2134438968: driver: failed to download CRLite filter
2026-06-19 01:41:56,135 - MainProcess[log-interceptor-2134438968]- selenium_firefox     - DEBUG   : BROWSER 2134438968: driver: Object
2026-06-19 01:41:56,139 - MainProcess[log-interceptor-2134438968]- selenium_firefox     - DEBUG   : BROWSER 2134438968: driver: - prototype Object
2026-06-19 01:41:56,140 - MainProcess[log-interceptor-2134438968]- selenium_firefox     - DEBUG   : BROWSER 2134438968: driver: - columnNumber = 11
2026-06-19 01:41:56,141 - MainProcess[log-interceptor-2134438968]- selenium_firefox     - DEBUG   : BROWSER 2134438968: driver: - data = null
2026-06-19 01:41:56,141 - MainProcess[log-interceptor-2134438968]- selenium_firefox     - DEBUG   : BROWSER 2134438968: driver: - filename = resource://gre/modules/ServiceRequest.sys.mjs
2026-06-19 01:41:56,141 - MainProcess[log-interceptor-2134438968]- selenium_firefox     - DEBUG   : BROWSER 2134438968: driver: - lineNumber = 126
2026-06-19 01:41:56,142 - MainProcess[log-interceptor-2134438968]- selenium_firefox     - DEBUG   : BROWSER 2134438968: driver: - location = {"name":"open","filename":"resource://gre/modules/ServiceRequest.sys.mjs","sourceId":25,"lineNumber":126,"columnNumber":11,"asyncCause":null,"asyncCaller":null,"caller":{"filename":"resource://services-settings/Utils.sys.mjs","name":"fetch/<","sourceId":24,"lineNumber":273,"columnNumber":15,"asyncCause":null,"asyncCaller":null,"caller":{"filename":"resource://services-settings/Utils.sys.mjs","name":"fetch","sourceId":24,"lineNumber":224,"columnNumber":12,"asyncCause":null,"asyncCaller":null,"caller":{"filename":"resource://services-settings/Attachments.sys.mjs","name":"_fetchAttachment","sourceId":23,"lineNumber":560,"columnNumber":35,"asyncCause":null,"asyncCaller":null,"caller":{"filename":"resource://services-settings/Attachments.sys.mjs","name":"downloadAsBytes","sourceId":23,"lineNumber":537,"columnNumber":35,"asyncCause":null,"asyncCaller":null,"caller":{"filename":"resource://gre/modules/AsyncShutdown.sys.mjs","name":"observe","sourceId":15,"lineNumber":570,"columnNumber":17,"asyncCause":null,"asyncCaller":null,"caller":null,"formattedStack":"observe@resource://gre/modules/AsyncShutdown.sys.mjs:570:17\n","nativeSavedFrame":{}},"formattedStack":"downloadAsBytes@resource://services-settings/Attachments.sys.mjs:537:35\nobserve@resource://gre/modules/AsyncShutdown.sys.mjs:570:17\n","nativeSavedFrame":{}},"formattedStack":"_fetchAttachment@resource://services-settings/Attachments.sys.mjs:560:35\ndownloadAsBytes@resource://services-settings/Attachments.sys.mjs:537:35\nobserve@resource://gre/modules/AsyncShutdown.sys.mjs:570:17\n","nativeSavedFrame":{}},"formattedStack":"fetch@resource://services-settings/Utils.sys.mjs:224:12\n_fetchAttachment@resource://services-settings/Attachments.sys.mjs:560:35\ndownloadAsBytes@resource://services-settings/Attachments.sys.mjs:537:35\nobserve@resource://gre/modules/AsyncShutdown.sys.mjs:570:17\n","nativeSavedFrame":{}},"formattedStack":"fetch/<@resource://services-settings/Utils.sys.mjs:273:15\nfetch@resource://services-settings/Utils.sys.mjs:224:12\n_fetchAttachment@resource://services-settings/Attachments.sys.mjs:560:35\ndownloadAsBytes@resource://services-settings/Attachments.sys.mjs:537:35\nobserve@resource://gre/modules/AsyncShutdown.sys.mjs:570:17\n","nativeSavedFrame":{}},"formattedStack":"open@resource://gre/modules/ServiceRequest.sys.mjs:126:11\nfetch/<@resource://services-settings/Utils.sys.mjs:273:15\nfetch@resource://services-settings/Utils.sys.mjs:224:12\n_fetchAttachment@resource://services-settings/Attachments.sys.mjs:560:35\ndownloadAsBytes@resource://services-settings/Attachments.sys.mjs:537:35\nobserve@resource://gre/modules/AsyncShutdown.sys.mjs:570:17\n","nativeSavedFrame":{}}
2026-06-19 01:41:56,143 - MainProcess[log-interceptor-2134438968]- selenium_firefox     - DEBUG   : BROWSER 2134438968: driver: - message =
2026-06-19 01:41:56,144 - MainProcess[log-interceptor-2134438968]- selenium_firefox     - DEBUG   : BROWSER 2134438968: driver: - name =
2026-06-19 01:41:56,145 - MainProcess[log-interceptor-2134438968]- selenium_firefox     - DEBUG   : BROWSER 2134438968: driver: - result = 2152071198
2026-06-19 01:41:56,146 - MainProcess[log-interceptor-2134438968]- selenium_firefox     - DEBUG   : BROWSER 2134438968: driver: - stack = open@resource://gre/modules/ServiceRequest.sys.mjs:126:11|fetch/<@resource://services-settings/Utils.sys.mjs:273:15|fetch@resource://services-settings/Utils.sys.mjs:224:12|_fetchAttachment@resource://services-settings/Attachments.sys.mjs:560:35|downloadAsBytes@resource://services-settings/Attachments.sys.mjs:537:35|observe@resource://gre/modules/AsyncShutdown.sys.mjs:570:17|
2026-06-19 01:41:56,147 - MainProcess[log-interceptor-2134438968]- selenium_firefox     - DEBUG   : BROWSER 2134438968: driver: - prototype Object
2026-06-19 01:41:56,147 - MainProcess[log-interceptor-2134438968]- selenium_firefox     - DEBUG   : BROWSER 2134438968: driver: console.error: RemoteSecuritySettings:
2026-06-19 01:41:56,148 - MainProcess[log-interceptor-2134438968]- selenium_firefox     - DEBUG   : BROWSER 2134438968: driver: failed to download CRLite filter
2026-06-19 01:41:56,148 - MainProcess[log-interceptor-2134438968]- selenium_firefox     - DEBUG   : BROWSER 2134438968: driver: Object
2026-06-19 01:41:56,148 - MainProcess[log-interceptor-2134438968]- selenium_firefox     - DEBUG   : BROWSER 2134438968: driver: - prototype Object
2026-06-19 01:41:56,149 - MainProcess[log-interceptor-2134438968]- selenium_firefox     - DEBUG   : BROWSER 2134438968: driver: - columnNumber = 11
2026-06-19 01:41:56,151 - MainProcess[log-interceptor-2134438968]- selenium_firefox     - DEBUG   : BROWSER 2134438968: driver: - data = null
2026-06-19 01:41:56,151 - MainProcess[log-interceptor-2134438968]- selenium_firefox     - DEBUG   : BROWSER 2134438968: driver: - filename = resource://gre/modules/ServiceRequest.sys.mjs
2026-06-19 01:41:56,152 - MainProcess[log-interceptor-2134438968]- selenium_firefox     - DEBUG   : BROWSER 2134438968: driver: - lineNumber = 126
2026-06-19 01:41:56,152 - MainProcess[log-interceptor-2134438968]- selenium_firefox     - DEBUG   : BROWSER 2134438968: driver: - location = {"name":"open","filename":"resource://gre/modules/ServiceRequest.sys.mjs","sourceId":25,"lineNumber":126,"columnNumber":11,"asyncCause":null,"asyncCaller":null,"caller":{"filename":"resource://services-settings/Utils.sys.mjs","name":"fetch/<","sourceId":24,"lineNumber":273,"columnNumber":15,"asyncCause":null,"asyncCaller":null,"caller":{"filename":"resource://services-settings/Utils.sys.mjs","name":"fetch","sourceId":24,"lineNumber":224,"columnNumber":12,"asyncCause":null,"asyncCaller":null,"caller":{"filename":"resource://services-settings/Attachments.sys.mjs","name":"_fetchAttachment","sourceId":23,"lineNumber":560,"columnNumber":35,"asyncCause":null,"asyncCaller":null,"caller":{"filename":"resource://services-settings/Attachments.sys.mjs","name":"downloadAsBytes","sourceId":23,"lineNumber":537,"columnNumber":35,"asyncCause":null,"asyncCaller":null,"caller":{"filename":"resource://gre/modules/AsyncShutdown.sys.mjs","name":"observe","sourceId":15,"lineNumber":570,"columnNumber":17,"asyncCause":null,"asyncCaller":null,"caller":null,"formattedStack":"observe@resource://gre/modules/AsyncShutdown.sys.mjs:570:17\n","nativeSavedFrame":{}},"formattedStack":"downloadAsBytes@resource://services-settings/Attachments.sys.mjs:537:35\nobserve@resource://gre/modules/AsyncShutdown.sys.mjs:570:17\n","nativeSavedFrame":{}},"formattedStack":"_fetchAttachment@resource://services-settings/Attachments.sys.mjs:560:35\ndownloadAsBytes@resource://services-settings/Attachments.sys.mjs:537:35\nobserve@resource://gre/modules/AsyncShutdown.sys.mjs:570:17\n","nativeSavedFrame":{}},"formattedStack":"fetch@resource://services-settings/Utils.sys.mjs:224:12\n_fetchAttachment@resource://services-settings/Attachments.sys.mjs:560:35\ndownloadAsBytes@resource://services-settings/Attachments.sys.mjs:537:35\nobserve@resource://gre/modules/AsyncShutdown.sys.mjs:570:17\n","nativeSavedFrame":{}},"formattedStack":"fetch/<@resource://services-settings/Utils.sys.mjs:273:15\nfetch@resource://services-settings/Utils.sys.mjs:224:12\n_fetchAttachment@resource://services-settings/Attachments.sys.mjs:560:35\ndownloadAsBytes@resource://services-settings/Attachments.sys.mjs:537:35\nobserve@resource://gre/modules/AsyncShutdown.sys.mjs:570:17\n","nativeSavedFrame":{}},"formattedStack":"open@resource://gre/modules/ServiceRequest.sys.mjs:126:11\nfetch/<@resource://services-settings/Utils.sys.mjs:273:15\nfetch@resource://services-settings/Utils.sys.mjs:224:12\n_fetchAttachment@resource://services-settings/Attachments.sys.mjs:560:35\ndownloadAsBytes@resource://services-settings/Attachments.sys.mjs:537:35\nobserve@resource://gre/modules/AsyncShutdown.sys.mjs:570:17\n","nativeSavedFrame":{}}
2026-06-19 01:41:56,154 - MainProcess[log-interceptor-2134438968]- selenium_firefox     - DEBUG   : BROWSER 2134438968: driver: - message =
2026-06-19 01:41:56,154 - MainProcess[log-interceptor-2134438968]- selenium_firefox     - DEBUG   : BROWSER 2134438968: driver: - name =
2026-06-19 01:41:56,155 - MainProcess[log-interceptor-2134438968]- selenium_firefox     - DEBUG   : BROWSER 2134438968: driver: - result = 2152071198
2026-06-19 01:41:56,156 - MainProcess[log-interceptor-2134438968]- selenium_firefox     - DEBUG   : BROWSER 2134438968: driver: - stack = open@resource://gre/modules/ServiceRequest.sys.mjs:126:11|fetch/<@resource://services-settings/Utils.sys.mjs:273:15|fetch@resource://services-settings/Utils.sys.mjs:224:12|_fetchAttachment@resource://services-settings/Attachments.sys.mjs:560:35|downloadAsBytes@resource://services-settings/Attachments.sys.mjs:537:35|observe@resource://gre/modules/AsyncShutdown.sys.mjs:570:17|
2026-06-19 01:41:56,157 - MainProcess[log-interceptor-2134438968]- selenium_firefox     - DEBUG   : BROWSER 2134438968: driver: - prototype Object
2026-06-19 01:41:56,158 - MainProcess[log-interceptor-2134438968]- selenium_firefox     - DEBUG   : BROWSER 2134438968: driver: console.error: RemoteSecuritySettings:
2026-06-19 01:41:56,159 - MainProcess[log-interceptor-2134438968]- selenium_firefox     - DEBUG   : BROWSER 2134438968: driver: failed to download CRLite filter
2026-06-19 01:41:56,159 - MainProcess[log-interceptor-2134438968]- selenium_firefox     - DEBUG   : BROWSER 2134438968: driver: Object
2026-06-19 01:41:56,160 - MainProcess[log-interceptor-2134438968]- selenium_firefox     - DEBUG   : BROWSER 2134438968: driver: - prototype Object
2026-06-19 01:41:56,162 - MainProcess[log-interceptor-2134438968]- selenium_firefox     - DEBUG   : BROWSER 2134438968: driver: - columnNumber = 11
2026-06-19 01:41:56,163 - MainProcess[log-interceptor-2134438968]- selenium_firefox     - DEBUG   : BROWSER 2134438968: driver: - data = null
2026-06-19 01:41:56,164 - MainProcess[log-interceptor-2134438968]- selenium_firefox     - DEBUG   : BROWSER 2134438968: driver: - filename = resource://gre/modules/ServiceRequest.sys.mjs
2026-06-19 01:41:56,164 - MainProcess[log-interceptor-2134438968]- selenium_firefox     - DEBUG   : BROWSER 2134438968: driver: - lineNumber = 126
2026-06-19 01:41:56,165 - MainProcess[log-interceptor-2134438968]- selenium_firefox     - DEBUG   : BROWSER 2134438968: driver: - location = {"name":"open","filename":"resource://gre/modules/ServiceRequest.sys.mjs","sourceId":25,"lineNumber":126,"columnNumber":11,"asyncCause":null,"asyncCaller":null,"caller":{"filename":"resource://services-settings/Utils.sys.mjs","name":"fetch/<","sourceId":24,"lineNumber":273,"columnNumber":15,"asyncCause":null,"asyncCaller":null,"caller":{"filename":"resource://services-settings/Utils.sys.mjs","name":"fetch","sourceId":24,"lineNumber":224,"columnNumber":12,"asyncCause":null,"asyncCaller":null,"caller":{"filename":"resource://services-settings/Attachments.sys.mjs","name":"_fetchAttachment","sourceId":23,"lineNumber":560,"columnNumber":35,"asyncCause":null,"asyncCaller":null,"caller":{"filename":"resource://services-settings/Attachments.sys.mjs","name":"downloadAsBytes","sourceId":23,"lineNumber":537,"columnNumber":35,"asyncCause":null,"asyncCaller":null,"caller":{"filename":"resource://gre/modules/AsyncShutdown.sys.mjs","name":"observe","sourceId":15,"lineNumber":570,"columnNumber":17,"asyncCause":null,"asyncCaller":null,"caller":null,"formattedStack":"observe@resource://gre/modules/AsyncShutdown.sys.mjs:570:17\n","nativeSavedFrame":{}},"formattedStack":"downloadAsBytes@resource://services-settings/Attachments.sys.mjs:537:35\nobserve@resource://gre/modules/AsyncShutdown.sys.mjs:570:17\n","nativeSavedFrame":{}},"formattedStack":"_fetchAttachment@resource://services-settings/Attachments.sys.mjs:560:35\ndownloadAsBytes@resource://services-settings/Attachments.sys.mjs:537:35\nobserve@resource://gre/modules/AsyncShutdown.sys.mjs:570:17\n","nativeSavedFrame":{}},"formattedStack":"fetch@resource://services-settings/Utils.sys.mjs:224:12\n_fetchAttachment@resource://services-settings/Attachments.sys.mjs:560:35\ndownloadAsBytes@resource://services-settings/Attachments.sys.mjs:537:35\nobserve@resource://gre/modules/AsyncShutdown.sys.mjs:570:17\n","nativeSavedFrame":{}},"formattedStack":"fetch/<@resource://services-settings/Utils.sys.mjs:273:15\nfetch@resource://services-settings/Utils.sys.mjs:224:12\n_fetchAttachment@resource://services-settings/Attachments.sys.mjs:560:35\ndownloadAsBytes@resource://services-settings/Attachments.sys.mjs:537:35\nobserve@resource://gre/modules/AsyncShutdown.sys.mjs:570:17\n","nativeSavedFrame":{}},"formattedStack":"open@resource://gre/modules/ServiceRequest.sys.mjs:126:11\nfetch/<@resource://services-settings/Utils.sys.mjs:273:15\nfetch@resource://services-settings/Utils.sys.mjs:224:12\n_fetchAttachment@resource://services-settings/Attachments.sys.mjs:560:35\ndownloadAsBytes@resource://services-settings/Attachments.sys.mjs:537:35\nobserve@resource://gre/modules/AsyncShutdown.sys.mjs:570:17\n","nativeSavedFrame":{}}
2026-06-19 01:41:56,166 - MainProcess[log-interceptor-2134438968]- selenium_firefox     - DEBUG   : BROWSER 2134438968: driver: - message =
2026-06-19 01:41:56,167 - MainProcess[log-interceptor-2134438968]- selenium_firefox     - DEBUG   : BROWSER 2134438968: driver: - name =
2026-06-19 01:41:56,167 - MainProcess[log-interceptor-2134438968]- selenium_firefox     - DEBUG   : BROWSER 2134438968: driver: - result = 2152071198
2026-06-19 01:41:56,168 - MainProcess[log-interceptor-2134438968]- selenium_firefox     - DEBUG   : BROWSER 2134438968: driver: - stack = open@resource://gre/modules/ServiceRequest.sys.mjs:126:11|fetch/<@resource://services-settings/Utils.sys.mjs:273:15|fetch@resource://services-settings/Utils.sys.mjs:224:12|_fetchAttachment@resource://services-settings/Attachments.sys.mjs:560:35|downloadAsBytes@resource://services-settings/Attachments.sys.mjs:537:35|observe@resource://gre/modules/AsyncShutdown.sys.mjs:570:17|
2026-06-19 01:41:56,168 - MainProcess[log-interceptor-2134438968]- selenium_firefox     - DEBUG   : BROWSER 2134438968: driver: - prototype Object
2026-06-19 01:41:56,168 - MainProcess[log-interceptor-2134438968]- selenium_firefox     - DEBUG   : BROWSER 2134438968: driver: console.error: RemoteSecuritySettings:
2026-06-19 01:41:56,169 - MainProcess[log-interceptor-2134438968]- selenium_firefox     - DEBUG   : BROWSER 2134438968: driver: failed to download CRLite filter
2026-06-19 01:41:56,169 - MainProcess[log-interceptor-2134438968]- selenium_firefox     - DEBUG   : BROWSER 2134438968: driver: Object
2026-06-19 01:41:56,170 - MainProcess[log-interceptor-2134438968]- selenium_firefox     - DEBUG   : BROWSER 2134438968: driver: - prototype Object
2026-06-19 01:41:56,170 - MainProcess[log-interceptor-2134438968]- selenium_firefox     - DEBUG   : BROWSER 2134438968: driver: - columnNumber = 11
2026-06-19 01:41:56,172 - MainProcess[log-interceptor-2134438968]- selenium_firefox     - DEBUG   : BROWSER 2134438968: driver: - data = null
2026-06-19 01:41:56,173 - MainProcess[log-interceptor-2134438968]- selenium_firefox     - DEBUG   : BROWSER 2134438968: driver: - filename = resource://gre/modules/ServiceRequest.sys.mjs
2026-06-19 01:41:56,173 - MainProcess[log-interceptor-2134438968]- selenium_firefox     - DEBUG   : BROWSER 2134438968: driver: - lineNumber = 126
2026-06-19 01:41:56,174 - MainProcess[log-interceptor-2134438968]- selenium_firefox     - DEBUG   : BROWSER 2134438968: driver: - location = {"name":"open","filename":"resource://gre/modules/ServiceRequest.sys.mjs","sourceId":25,"lineNumber":126,"columnNumber":11,"asyncCause":null,"asyncCaller":null,"caller":{"filename":"resource://services-settings/Utils.sys.mjs","name":"fetch/<","sourceId":24,"lineNumber":273,"columnNumber":15,"asyncCause":null,"asyncCaller":null,"caller":{"filename":"resource://services-settings/Utils.sys.mjs","name":"fetch","sourceId":24,"lineNumber":224,"columnNumber":12,"asyncCause":null,"asyncCaller":null,"caller":{"filename":"resource://services-settings/Attachments.sys.mjs","name":"_fetchAttachment","sourceId":23,"lineNumber":560,"columnNumber":35,"asyncCause":null,"asyncCaller":null,"caller":{"filename":"resource://services-settings/Attachments.sys.mjs","name":"downloadAsBytes","sourceId":23,"lineNumber":537,"columnNumber":35,"asyncCause":null,"asyncCaller":null,"caller":{"filename":"resource://gre/modules/AsyncShutdown.sys.mjs","name":"observe","sourceId":15,"lineNumber":570,"columnNumber":17,"asyncCause":null,"asyncCaller":null,"caller":null,"formattedStack":"observe@resource://gre/modules/AsyncShutdown.sys.mjs:570:17\n","nativeSavedFrame":{}},"formattedStack":"downloadAsBytes@resource://services-settings/Attachments.sys.mjs:537:35\nobserve@resource://gre/modules/AsyncShutdown.sys.mjs:570:17\n","nativeSavedFrame":{}},"formattedStack":"_fetchAttachment@resource://services-settings/Attachments.sys.mjs:560:35\ndownloadAsBytes@resource://services-settings/Attachments.sys.mjs:537:35\nobserve@resource://gre/modules/AsyncShutdown.sys.mjs:570:17\n","nativeSavedFrame":{}},"formattedStack":"fetch@resource://services-settings/Utils.sys.mjs:224:12\n_fetchAttachment@resource://services-settings/Attachments.sys.mjs:560:35\ndownloadAsBytes@resource://services-settings/Attachments.sys.mjs:537:35\nobserve@resource://gre/modules/AsyncShutdown.sys.mjs:570:17\n","nativeSavedFrame":{}},"formattedStack":"fetch/<@resource://services-settings/Utils.sys.mjs:273:15\nfetch@resource://services-settings/Utils.sys.mjs:224:12\n_fetchAttachment@resource://services-settings/Attachments.sys.mjs:560:35\ndownloadAsBytes@resource://services-settings/Attachments.sys.mjs:537:35\nobserve@resource://gre/modules/AsyncShutdown.sys.mjs:570:17\n","nativeSavedFrame":{}},"formattedStack":"open@resource://gre/modules/ServiceRequest.sys.mjs:126:11\nfetch/<@resource://services-settings/Utils.sys.mjs:273:15\nfetch@resource://services-settings/Utils.sys.mjs:224:12\n_fetchAttachment@resource://services-settings/Attachments.sys.mjs:560:35\ndownloadAsBytes@resource://services-settings/Attachments.sys.mjs:537:35\nobserve@resource://gre/modules/AsyncShutdown.sys.mjs:570:17\n","nativeSavedFrame":{}}
2026-06-19 01:41:56,175 - MainProcess[log-interceptor-2134438968]- selenium_firefox     - DEBUG   : BROWSER 2134438968: driver: - message =
2026-06-19 01:41:56,175 - MainProcess[log-interceptor-2134438968]- selenium_firefox     - DEBUG   : BROWSER 2134438968: driver: - name =
2026-06-19 01:41:56,175 - MainProcess[log-interceptor-2134438968]- selenium_firefox     - DEBUG   : BROWSER 2134438968: driver: - result = 2152071198
2026-06-19 01:41:56,177 - MainProcess[log-interceptor-2134438968]- selenium_firefox     - DEBUG   : BROWSER 2134438968: driver: - stack = open@resource://gre/modules/ServiceRequest.sys.mjs:126:11|fetch/<@resource://services-settings/Utils.sys.mjs:273:15|fetch@resource://services-settings/Utils.sys.mjs:224:12|_fetchAttachment@resource://services-settings/Attachments.sys.mjs:560:35|downloadAsBytes@resource://services-settings/Attachments.sys.mjs:537:35|observe@resource://gre/modules/AsyncShutdown.sys.mjs:570:17|
2026-06-19 01:41:56,178 - MainProcess[log-interceptor-2134438968]- selenium_firefox     - DEBUG   : BROWSER 2134438968: driver: - prototype Object
2026-06-19 01:41:56,179 - MainProcess[log-interceptor-2134438968]- selenium_firefox     - DEBUG   : BROWSER 2134438968: driver: console.error: RemoteSecuritySettings:
2026-06-19 01:41:56,179 - MainProcess[log-interceptor-2134438968]- selenium_firefox     - DEBUG   : BROWSER 2134438968: driver: failed to download CRLite filter
2026-06-19 01:41:56,180 - MainProcess[log-interceptor-2134438968]- selenium_firefox     - DEBUG   : BROWSER 2134438968: driver: Object
2026-06-19 01:41:56,181 - MainProcess[log-interceptor-2134438968]- selenium_firefox     - DEBUG   : BROWSER 2134438968: driver: - prototype Object
2026-06-19 01:41:56,181 - MainProcess[log-interceptor-2134438968]- selenium_firefox     - DEBUG   : BROWSER 2134438968: driver: - columnNumber = 11
2026-06-19 01:41:56,182 - MainProcess[log-interceptor-2134438968]- selenium_firefox     - DEBUG   : BROWSER 2134438968: driver: - data = null
2026-06-19 01:41:56,182 - MainProcess[log-interceptor-2134438968]- selenium_firefox     - DEBUG   : BROWSER 2134438968: driver: - filename = resource://gre/modules/ServiceRequest.sys.mjs
2026-06-19 01:41:56,183 - MainProcess[log-interceptor-2134438968]- selenium_firefox     - DEBUG   : BROWSER 2134438968: driver: - lineNumber = 126
2026-06-19 01:41:56,184 - MainProcess[log-interceptor-2134438968]- selenium_firefox     - DEBUG   : BROWSER 2134438968: driver: - location = {"name":"open","filename":"resource://gre/modules/ServiceRequest.sys.mjs","sourceId":25,"lineNumber":126,"columnNumber":11,"asyncCause":null,"asyncCaller":null,"caller":{"filename":"resource://services-settings/Utils.sys.mjs","name":"fetch/<","sourceId":24,"lineNumber":273,"columnNumber":15,"asyncCause":null,"asyncCaller":null,"caller":{"filename":"resource://services-settings/Utils.sys.mjs","name":"fetch","sourceId":24,"lineNumber":224,"columnNumber":12,"asyncCause":null,"asyncCaller":null,"caller":{"filename":"resource://services-settings/Attachments.sys.mjs","name":"_fetchAttachment","sourceId":23,"lineNumber":560,"columnNumber":35,"asyncCause":null,"asyncCaller":null,"caller":{"filename":"resource://services-settings/Attachments.sys.mjs","name":"downloadAsBytes","sourceId":23,"lineNumber":537,"columnNumber":35,"asyncCause":null,"asyncCaller":null,"caller":{"filename":"resource://gre/modules/AsyncShutdown.sys.mjs","name":"observe","sourceId":15,"lineNumber":570,"columnNumber":17,"asyncCause":null,"asyncCaller":null,"caller":null,"formattedStack":"observe@resource://gre/modules/AsyncShutdown.sys.mjs:570:17\n","nativeSavedFrame":{}},"formattedStack":"downloadAsBytes@resource://services-settings/Attachments.sys.mjs:537:35\nobserve@resource://gre/modules/AsyncShutdown.sys.mjs:570:17\n","nativeSavedFrame":{}},"formattedStack":"_fetchAttachment@resource://services-settings/Attachments.sys.mjs:560:35\ndownloadAsBytes@resource://services-settings/Attachments.sys.mjs:537:35\nobserve@resource://gre/modules/AsyncShutdown.sys.mjs:570:17\n","nativeSavedFrame":{}},"formattedStack":"fetch@resource://services-settings/Utils.sys.mjs:224:12\n_fetchAttachment@resource://services-settings/Attachments.sys.mjs:560:35\ndownloadAsBytes@resource://services-settings/Attachments.sys.mjs:537:35\nobserve@resource://gre/modules/AsyncShutdown.sys.mjs:570:17\n","nativeSavedFrame":{}},"formattedStack":"fetch/<@resource://services-settings/Utils.sys.mjs:273:15\nfetch@resource://services-settings/Utils.sys.mjs:224:12\n_fetchAttachment@resource://services-settings/Attachments.sys.mjs:560:35\ndownloadAsBytes@resource://services-settings/Attachments.sys.mjs:537:35\nobserve@resource://gre/modules/AsyncShutdown.sys.mjs:570:17\n","nativeSavedFrame":{}},"formattedStack":"open@resource://gre/modules/ServiceRequest.sys.mjs:126:11\nfetch/<@resource://services-settings/Utils.sys.mjs:273:15\nfetch@resource://services-settings/Utils.sys.mjs:224:12\n_fetchAttachment@resource://services-settings/Attachments.sys.mjs:560:35\ndownloadAsBytes@resource://services-settings/Attachments.sys.mjs:537:35\nobserve@resource://gre/modules/AsyncShutdown.sys.mjs:570:17\n","nativeSavedFrame":{}}
2026-06-19 01:41:56,185 - MainProcess[log-interceptor-2134438968]- selenium_firefox     - DEBUG   : BROWSER 2134438968: driver: - message =
2026-06-19 01:41:56,186 - MainProcess[log-interceptor-2134438968]- selenium_firefox     - DEBUG   : BROWSER 2134438968: driver: - name =
2026-06-19 01:41:56,186 - MainProcess[log-interceptor-2134438968]- selenium_firefox     - DEBUG   : BROWSER 2134438968: driver: - result = 2152071198
2026-06-19 01:41:56,187 - MainProcess[log-interceptor-2134438968]- selenium_firefox     - DEBUG   : BROWSER 2134438968: driver: - stack = open@resource://gre/modules/ServiceRequest.sys.mjs:126:11|fetch/<@resource://services-settings/Utils.sys.mjs:273:15|fetch@resource://services-settings/Utils.sys.mjs:224:12|_fetchAttachment@resource://services-settings/Attachments.sys.mjs:560:35|downloadAsBytes@resource://services-settings/Attachments.sys.mjs:537:35|observe@resource://gre/modules/AsyncShutdown.sys.mjs:570:17|
2026-06-19 01:41:56,187 - MainProcess[log-interceptor-2134438968]- selenium_firefox     - DEBUG   : BROWSER 2134438968: driver: - prototype Object
2026-06-19 01:41:56,188 - MainProcess[log-interceptor-2134438968]- selenium_firefox     - DEBUG   : BROWSER 2134438968: driver: console.error: RemoteSecuritySettings:
2026-06-19 01:41:56,189 - MainProcess[log-interceptor-2134438968]- selenium_firefox     - DEBUG   : BROWSER 2134438968: driver: failed to download CRLite filter
2026-06-19 01:41:56,189 - MainProcess[log-interceptor-2134438968]- selenium_firefox     - DEBUG   : BROWSER 2134438968: driver: Object
2026-06-19 01:41:56,190 - MainProcess[log-interceptor-2134438968]- selenium_firefox     - DEBUG   : BROWSER 2134438968: driver: - prototype Object
2026-06-19 01:41:56,190 - MainProcess[log-interceptor-2134438968]- selenium_firefox     - DEBUG   : BROWSER 2134438968: driver: - columnNumber = 11
2026-06-19 01:41:56,192 - MainProcess[log-interceptor-2134438968]- selenium_firefox     - DEBUG   : BROWSER 2134438968: driver: - data = null
2026-06-19 01:41:56,192 - MainProcess[log-interceptor-2134438968]- selenium_firefox     - DEBUG   : BROWSER 2134438968: driver: - filename = resource://gre/modules/ServiceRequest.sys.mjs
2026-06-19 01:41:56,193 - MainProcess[log-interceptor-2134438968]- selenium_firefox     - DEBUG   : BROWSER 2134438968: driver: - lineNumber = 126
2026-06-19 01:41:56,193 - MainProcess[log-interceptor-2134438968]- selenium_firefox     - DEBUG   : BROWSER 2134438968: driver: - location = {"name":"open","filename":"resource://gre/modules/ServiceRequest.sys.mjs","sourceId":25,"lineNumber":126,"columnNumber":11,"asyncCause":null,"asyncCaller":null,"caller":{"filename":"resource://services-settings/Utils.sys.mjs","name":"fetch/<","sourceId":24,"lineNumber":273,"columnNumber":15,"asyncCause":null,"asyncCaller":null,"caller":{"filename":"resource://services-settings/Utils.sys.mjs","name":"fetch","sourceId":24,"lineNumber":224,"columnNumber":12,"asyncCause":null,"asyncCaller":null,"caller":{"filename":"resource://services-settings/Attachments.sys.mjs","name":"_fetchAttachment","sourceId":23,"lineNumber":560,"columnNumber":35,"asyncCause":null,"asyncCaller":null,"caller":{"filename":"resource://services-settings/Attachments.sys.mjs","name":"downloadAsBytes","sourceId":23,"lineNumber":537,"columnNumber":35,"asyncCause":null,"asyncCaller":null,"caller":{"filename":"resource://gre/modules/AsyncShutdown.sys.mjs","name":"observe","sourceId":15,"lineNumber":570,"columnNumber":17,"asyncCause":null,"asyncCaller":null,"caller":null,"formattedStack":"observe@resource://gre/modules/AsyncShutdown.sys.mjs:570:17\n","nativeSavedFrame":{}},"formattedStack":"downloadAsBytes@resource://services-settings/Attachments.sys.mjs:537:35\nobserve@resource://gre/modules/AsyncShutdown.sys.mjs:570:17\n","nativeSavedFrame":{}},"formattedStack":"_fetchAttachment@resource://services-settings/Attachments.sys.mjs:560:35\ndownloadAsBytes@resource://services-settings/Attachments.sys.mjs:537:35\nobserve@resource://gre/modules/AsyncShutdown.sys.mjs:570:17\n","nativeSavedFrame":{}},"formattedStack":"fetch@resource://services-settings/Utils.sys.mjs:224:12\n_fetchAttachment@resource://services-settings/Attachments.sys.mjs:560:35\ndownloadAsBytes@resource://services-settings/Attachments.sys.mjs:537:35\nobserve@resource://gre/modules/AsyncShutdown.sys.mjs:570:17\n","nativeSavedFrame":{}},"formattedStack":"fetch/<@resource://services-settings/Utils.sys.mjs:273:15\nfetch@resource://services-settings/Utils.sys.mjs:224:12\n_fetchAttachment@resource://services-settings/Attachments.sys.mjs:560:35\ndownloadAsBytes@resource://services-settings/Attachments.sys.mjs:537:35\nobserve@resource://gre/modules/AsyncShutdown.sys.mjs:570:17\n","nativeSavedFrame":{}},"formattedStack":"open@resource://gre/modules/ServiceRequest.sys.mjs:126:11\nfetch/<@resource://services-settings/Utils.sys.mjs:273:15\nfetch@resource://services-settings/Utils.sys.mjs:224:12\n_fetchAttachment@resource://services-settings/Attachments.sys.mjs:560:35\ndownloadAsBytes@resource://services-settings/Attachments.sys.mjs:537:35\nobserve@resource://gre/modules/AsyncShutdown.sys.mjs:570:17\n","nativeSavedFrame":{}}
2026-06-19 01:41:56,194 - MainProcess[log-interceptor-2134438968]- selenium_firefox     - DEBUG   : BROWSER 2134438968: driver: - message =
2026-06-19 01:41:56,196 - MainProcess[log-interceptor-2134438968]- selenium_firefox     - DEBUG   : BROWSER 2134438968: driver: - name =
2026-06-19 01:41:56,196 - MainProcess[log-interceptor-2134438968]- selenium_firefox     - DEBUG   : BROWSER 2134438968: driver: - result = 2152071198
2026-06-19 01:41:56,197 - MainProcess[log-interceptor-2134438968]- selenium_firefox     - DEBUG   : BROWSER 2134438968: driver: - stack = open@resource://gre/modules/ServiceRequest.sys.mjs:126:11|fetch/<@resource://services-settings/Utils.sys.mjs:273:15|fetch@resource://services-settings/Utils.sys.mjs:224:12|_fetchAttachment@resource://services-settings/Attachments.sys.mjs:560:35|downloadAsBytes@resource://services-settings/Attachments.sys.mjs:537:35|observe@resource://gre/modules/AsyncShutdown.sys.mjs:570:17|
2026-06-19 01:41:56,198 - MainProcess[log-interceptor-2134438968]- selenium_firefox     - DEBUG   : BROWSER 2134438968: driver: - prototype Object
2026-06-19 01:41:56,198 - MainProcess[log-interceptor-2134438968]- selenium_firefox     - DEBUG   : BROWSER 2134438968: driver: console.error: RemoteSecuritySettings:
2026-06-19 01:41:56,198 - MainProcess[log-interceptor-2134438968]- selenium_firefox     - DEBUG   : BROWSER 2134438968: driver: failed to download CRLite filter
2026-06-19 01:41:56,199 - MainProcess[log-interceptor-2134438968]- selenium_firefox     - DEBUG   : BROWSER 2134438968: driver: Object
2026-06-19 01:41:56,199 - MainProcess[log-interceptor-2134438968]- selenium_firefox     - DEBUG   : BROWSER 2134438968: driver: - prototype Object
2026-06-19 01:41:56,200 - MainProcess[log-interceptor-2134438968]- selenium_firefox     - DEBUG   : BROWSER 2134438968: driver: - columnNumber = 11
2026-06-19 01:41:56,201 - MainProcess[log-interceptor-2134438968]- selenium_firefox     - DEBUG   : BROWSER 2134438968: driver: - data = null
2026-06-19 01:41:56,201 - MainProcess[log-interceptor-2134438968]- selenium_firefox     - DEBUG   : BROWSER 2134438968: driver: - filename = resource://gre/modules/ServiceRequest.sys.mjs
2026-06-19 01:41:56,201 - MainProcess[log-interceptor-2134438968]- selenium_firefox     - DEBUG   : BROWSER 2134438968: driver: - lineNumber = 126
2026-06-19 01:41:56,202 - MainProcess[log-interceptor-2134438968]- selenium_firefox     - DEBUG   : BROWSER 2134438968: driver: - location = {"name":"open","filename":"resource://gre/modules/ServiceRequest.sys.mjs","sourceId":25,"lineNumber":126,"columnNumber":11,"asyncCause":null,"asyncCaller":null,"caller":{"filename":"resource://services-settings/Utils.sys.mjs","name":"fetch/<","sourceId":24,"lineNumber":273,"columnNumber":15,"asyncCause":null,"asyncCaller":null,"caller":{"filename":"resource://services-settings/Utils.sys.mjs","name":"fetch","sourceId":24,"lineNumber":224,"columnNumber":12,"asyncCause":null,"asyncCaller":null,"caller":{"filename":"resource://services-settings/Attachments.sys.mjs","name":"_fetchAttachment","sourceId":23,"lineNumber":560,"columnNumber":35,"asyncCause":null,"asyncCaller":null,"caller":{"filename":"resource://services-settings/Attachments.sys.mjs","name":"downloadAsBytes","sourceId":23,"lineNumber":537,"columnNumber":35,"asyncCause":null,"asyncCaller":null,"caller":{"filename":"resource://gre/modules/AsyncShutdown.sys.mjs","name":"observe","sourceId":15,"lineNumber":570,"columnNumber":17,"asyncCause":null,"asyncCaller":null,"caller":null,"formattedStack":"observe@resource://gre/modules/AsyncShutdown.sys.mjs:570:17\n","nativeSavedFrame":{}},"formattedStack":"downloadAsBytes@resource://services-settings/Attachments.sys.mjs:537:35\nobserve@resource://gre/modules/AsyncShutdown.sys.mjs:570:17\n","nativeSavedFrame":{}},"formattedStack":"_fetchAttachment@resource://services-settings/Attachments.sys.mjs:560:35\ndownloadAsBytes@resource://services-settings/Attachments.sys.mjs:537:35\nobserve@resource://gre/modules/AsyncShutdown.sys.mjs:570:17\n","nativeSavedFrame":{}},"formattedStack":"fetch@resource://services-settings/Utils.sys.mjs:224:12\n_fetchAttachment@resource://services-settings/Attachments.sys.mjs:560:35\ndownloadAsBytes@resource://services-settings/Attachments.sys.mjs:537:35\nobserve@resource://gre/modules/AsyncShutdown.sys.mjs:570:17\n","nativeSavedFrame":{}},"formattedStack":"fetch/<@resource://services-settings/Utils.sys.mjs:273:15\nfetch@resource://services-settings/Utils.sys.mjs:224:12\n_fetchAttachment@resource://services-settings/Attachments.sys.mjs:560:35\ndownloadAsBytes@resource://services-settings/Attachments.sys.mjs:537:35\nobserve@resource://gre/modules/AsyncShutdown.sys.mjs:570:17\n","nativeSavedFrame":{}},"formattedStack":"open@resource://gre/modules/ServiceRequest.sys.mjs:126:11\nfetch/<@resource://services-settings/Utils.sys.mjs:273:15\nfetch@resource://services-settings/Utils.sys.mjs:224:12\n_fetchAttachment@resource://services-settings/Attachments.sys.mjs:560:35\ndownloadAsBytes@resource://services-settings/Attachments.sys.mjs:537:35\nobserve@resource://gre/modules/AsyncShutdown.sys.mjs:570:17\n","nativeSavedFrame":{}}
2026-06-19 01:41:56,202 - MainProcess[log-interceptor-2134438968]- selenium_firefox     - DEBUG   : BROWSER 2134438968: driver: - message =
2026-06-19 01:41:56,202 - MainProcess[log-interceptor-2134438968]- selenium_firefox     - DEBUG   : BROWSER 2134438968: driver: - name =
2026-06-19 01:41:56,203 - MainProcess[log-interceptor-2134438968]- selenium_firefox     - DEBUG   : BROWSER 2134438968: driver: - result = 2152071198
2026-06-19 01:41:56,203 - MainProcess[log-interceptor-2134438968]- selenium_firefox     - DEBUG   : BROWSER 2134438968: driver: - stack = open@resource://gre/modules/ServiceRequest.sys.mjs:126:11|fetch/<@resource://services-settings/Utils.sys.mjs:273:15|fetch@resource://services-settings/Utils.sys.mjs:224:12|_fetchAttachment@resource://services-settings/Attachments.sys.mjs:560:35|downloadAsBytes@resource://services-settings/Attachments.sys.mjs:537:35|observe@resource://gre/modules/AsyncShutdown.sys.mjs:570:17|
2026-06-19 01:41:56,204 - MainProcess[log-interceptor-2134438968]- selenium_firefox     - DEBUG   : BROWSER 2134438968: driver: - prototype Object
2026-06-19 01:41:56,204 - MainProcess[log-interceptor-2134438968]- selenium_firefox     - DEBUG   : BROWSER 2134438968: driver: console.error: RemoteSecuritySettings:
2026-06-19 01:41:56,205 - MainProcess[log-interceptor-2134438968]- selenium_firefox     - DEBUG   : BROWSER 2134438968: driver: failed to download CRLite filter
2026-06-19 01:41:56,205 - MainProcess[log-interceptor-2134438968]- selenium_firefox     - DEBUG   : BROWSER 2134438968: driver: Object
2026-06-19 01:41:56,206 - MainProcess[log-interceptor-2134438968]- selenium_firefox     - DEBUG   : BROWSER 2134438968: driver: - prototype Object
2026-06-19 01:41:56,207 - MainProcess[log-interceptor-2134438968]- selenium_firefox     - DEBUG   : BROWSER 2134438968: driver: - columnNumber = 11
2026-06-19 01:41:56,207 - MainProcess[log-interceptor-2134438968]- selenium_firefox     - DEBUG   : BROWSER 2134438968: driver: - data = null
2026-06-19 01:41:56,208 - MainProcess[log-interceptor-2134438968]- selenium_firefox     - DEBUG   : BROWSER 2134438968: driver: - filename = resource://gre/modules/ServiceRequest.sys.mjs
2026-06-19 01:41:56,208 - MainProcess[log-interceptor-2134438968]- selenium_firefox     - DEBUG   : BROWSER 2134438968: driver: - lineNumber = 126
2026-06-19 01:41:56,209 - MainProcess[log-interceptor-2134438968]- selenium_firefox     - DEBUG   : BROWSER 2134438968: driver: - location = {"name":"open","filename":"resource://gre/modules/ServiceRequest.sys.mjs","sourceId":25,"lineNumber":126,"columnNumber":11,"asyncCause":null,"asyncCaller":null,"caller":{"filename":"resource://services-settings/Utils.sys.mjs","name":"fetch/<","sourceId":24,"lineNumber":273,"columnNumber":15,"asyncCause":null,"asyncCaller":null,"caller":{"filename":"resource://services-settings/Utils.sys.mjs","name":"fetch","sourceId":24,"lineNumber":224,"columnNumber":12,"asyncCause":null,"asyncCaller":null,"caller":{"filename":"resource://services-settings/Attachments.sys.mjs","name":"_fetchAttachment","sourceId":23,"lineNumber":560,"columnNumber":35,"asyncCause":null,"asyncCaller":null,"caller":{"filename":"resource://services-settings/Attachments.sys.mjs","name":"downloadAsBytes","sourceId":23,"lineNumber":537,"columnNumber":35,"asyncCause":null,"asyncCaller":null,"caller":{"filename":"resource://gre/modules/AsyncShutdown.sys.mjs","name":"observe","sourceId":15,"lineNumber":570,"columnNumber":17,"asyncCause":null,"asyncCaller":null,"caller":null,"formattedStack":"observe@resource://gre/modules/AsyncShutdown.sys.mjs:570:17\n","nativeSavedFrame":{}},"formattedStack":"downloadAsBytes@resource://services-settings/Attachments.sys.mjs:537:35\nobserve@resource://gre/modules/AsyncShutdown.sys.mjs:570:17\n","nativeSavedFrame":{}},"formattedStack":"_fetchAttachment@resource://services-settings/Attachments.sys.mjs:560:35\ndownloadAsBytes@resource://services-settings/Attachments.sys.mjs:537:35\nobserve@resource://gre/modules/AsyncShutdown.sys.mjs:570:17\n","nativeSavedFrame":{}},"formattedStack":"fetch@resource://services-settings/Utils.sys.mjs:224:12\n_fetchAttachment@resource://services-settings/Attachments.sys.mjs:560:35\ndownloadAsBytes@resource://services-settings/Attachments.sys.mjs:537:35\nobserve@resource://gre/modules/AsyncShutdown.sys.mjs:570:17\n","nativeSavedFrame":{}},"formattedStack":"fetch/<@resource://services-settings/Utils.sys.mjs:273:15\nfetch@resource://services-settings/Utils.sys.mjs:224:12\n_fetchAttachment@resource://services-settings/Attachments.sys.mjs:560:35\ndownloadAsBytes@resource://services-settings/Attachments.sys.mjs:537:35\nobserve@resource://gre/modules/AsyncShutdown.sys.mjs:570:17\n","nativeSavedFrame":{}},"formattedStack":"open@resource://gre/modules/ServiceRequest.sys.mjs:126:11\nfetch/<@resource://services-settings/Utils.sys.mjs:273:15\nfetch@resource://services-settings/Utils.sys.mjs:224:12\n_fetchAttachment@resource://services-settings/Attachments.sys.mjs:560:35\ndownloadAsBytes@resource://services-settings/Attachments.sys.mjs:537:35\nobserve@resource://gre/modules/AsyncShutdown.sys.mjs:570:17\n","nativeSavedFrame":{}}
2026-06-19 01:41:56,209 - MainProcess[log-interceptor-2134438968]- selenium_firefox     - DEBUG   : BROWSER 2134438968: driver: - message =
2026-06-19 01:41:56,210 - MainProcess[log-interceptor-2134438968]- selenium_firefox     - DEBUG   : BROWSER 2134438968: driver: - name =
2026-06-19 01:41:56,210 - MainProcess[log-interceptor-2134438968]- selenium_firefox     - DEBUG   : BROWSER 2134438968: driver: - result = 2152071198
2026-06-19 01:41:56,211 - MainProcess[log-interceptor-2134438968]- selenium_firefox     - DEBUG   : BROWSER 2134438968: driver: - stack = open@resource://gre/modules/ServiceRequest.sys.mjs:126:11|fetch/<@resource://services-settings/Utils.sys.mjs:273:15|fetch@resource://services-settings/Utils.sys.mjs:224:12|_fetchAttachment@resource://services-settings/Attachments.sys.mjs:560:35|downloadAsBytes@resource://services-settings/Attachments.sys.mjs:537:35|observe@resource://gre/modules/AsyncShutdown.sys.mjs:570:17|
2026-06-19 01:41:56,211 - MainProcess[log-interceptor-2134438968]- selenium_firefox     - DEBUG   : BROWSER 2134438968: driver: - prototype Object
2026-06-19 01:41:56,212 - MainProcess[log-interceptor-2134438968]- selenium_firefox     - DEBUG   : BROWSER 2134438968: driver: console.error: RemoteSecuritySettings:
2026-06-19 01:41:56,212 - MainProcess[log-interceptor-2134438968]- selenium_firefox     - DEBUG   : BROWSER 2134438968: driver: failed to download CRLite filter
2026-06-19 01:41:56,212 - MainProcess[log-interceptor-2134438968]- selenium_firefox     - DEBUG   : BROWSER 2134438968: driver: Object
2026-06-19 01:41:56,213 - MainProcess[log-interceptor-2134438968]- selenium_firefox     - DEBUG   : BROWSER 2134438968: driver: - prototype Object
2026-06-19 01:41:56,213 - MainProcess[log-interceptor-2134438968]- selenium_firefox     - DEBUG   : BROWSER 2134438968: driver: - columnNumber = 11
2026-06-19 01:41:56,213 - MainProcess[log-interceptor-2134438968]- selenium_firefox     - DEBUG   : BROWSER 2134438968: driver: - data = null
2026-06-19 01:41:56,214 - MainProcess[log-interceptor-2134438968]- selenium_firefox     - DEBUG   : BROWSER 2134438968: driver: - filename = resource://gre/modules/ServiceRequest.sys.mjs
2026-06-19 01:41:56,216 - MainProcess[log-interceptor-2134438968]- selenium_firefox     - DEBUG   : BROWSER 2134438968: driver: - lineNumber = 126
2026-06-19 01:41:56,217 - MainProcess[log-interceptor-2134438968]- selenium_firefox     - DEBUG   : BROWSER 2134438968: driver: - location = {"name":"open","filename":"resource://gre/modules/ServiceRequest.sys.mjs","sourceId":25,"lineNumber":126,"columnNumber":11,"asyncCause":null,"asyncCaller":null,"caller":{"filename":"resource://services-settings/Utils.sys.mjs","name":"fetch/<","sourceId":24,"lineNumber":273,"columnNumber":15,"asyncCause":null,"asyncCaller":null,"caller":{"filename":"resource://services-settings/Utils.sys.mjs","name":"fetch","sourceId":24,"lineNumber":224,"columnNumber":12,"asyncCause":null,"asyncCaller":null,"caller":{"filename":"resource://services-settings/Attachments.sys.mjs","name":"_fetchAttachment","sourceId":23,"lineNumber":560,"columnNumber":35,"asyncCause":null,"asyncCaller":null,"caller":{"filename":"resource://services-settings/Attachments.sys.mjs","name":"downloadAsBytes","sourceId":23,"lineNumber":537,"columnNumber":35,"asyncCause":null,"asyncCaller":null,"caller":{"filename":"resource://gre/modules/AsyncShutdown.sys.mjs","name":"observe","sourceId":15,"lineNumber":570,"columnNumber":17,"asyncCause":null,"asyncCaller":null,"caller":null,"formattedStack":"observe@resource://gre/modules/AsyncShutdown.sys.mjs:570:17\n","nativeSavedFrame":{}},"formattedStack":"downloadAsBytes@resource://services-settings/Attachments.sys.mjs:537:35\nobserve@resource://gre/modules/AsyncShutdown.sys.mjs:570:17\n","nativeSavedFrame":{}},"formattedStack":"_fetchAttachment@resource://services-settings/Attachments.sys.mjs:560:35\ndownloadAsBytes@resource://services-settings/Attachments.sys.mjs:537:35\nobserve@resource://gre/modules/AsyncShutdown.sys.mjs:570:17\n","nativeSavedFrame":{}},"formattedStack":"fetch@resource://services-settings/Utils.sys.mjs:224:12\n_fetchAttachment@resource://services-settings/Attachments.sys.mjs:560:35\ndownloadAsBytes@resource://services-settings/Attachments.sys.mjs:537:35\nobserve@resource://gre/modules/AsyncShutdown.sys.mjs:570:17\n","nativeSavedFrame":{}},"formattedStack":"fetch/<@resource://services-settings/Utils.sys.mjs:273:15\nfetch@resource://services-settings/Utils.sys.mjs:224:12\n_fetchAttachment@resource://services-settings/Attachments.sys.mjs:560:35\ndownloadAsBytes@resource://services-settings/Attachments.sys.mjs:537:35\nobserve@resource://gre/modules/AsyncShutdown.sys.mjs:570:17\n","nativeSavedFrame":{}},"formattedStack":"open@resource://gre/modules/ServiceRequest.sys.mjs:126:11\nfetch/<@resource://services-settings/Utils.sys.mjs:273:15\nfetch@resource://services-settings/Utils.sys.mjs:224:12\n_fetchAttachment@resource://services-settings/Attachments.sys.mjs:560:35\ndownloadAsBytes@resource://services-settings/Attachments.sys.mjs:537:35\nobserve@resource://gre/modules/AsyncShutdown.sys.mjs:570:17\n","nativeSavedFrame":{}}
2026-06-19 01:41:56,218 - MainProcess[log-interceptor-2134438968]- selenium_firefox     - DEBUG   : BROWSER 2134438968: driver: - message =
2026-06-19 01:41:56,219 - MainProcess[log-interceptor-2134438968]- selenium_firefox     - DEBUG   : BROWSER 2134438968: driver: - name =
2026-06-19 01:41:56,219 - MainProcess[log-interceptor-2134438968]- selenium_firefox     - DEBUG   : BROWSER 2134438968: driver: - result = 2152071198
2026-06-19 01:41:56,220 - MainProcess[log-interceptor-2134438968]- selenium_firefox     - DEBUG   : BROWSER 2134438968: driver: - stack = open@resource://gre/modules/ServiceRequest.sys.mjs:126:11|fetch/<@resource://services-settings/Utils.sys.mjs:273:15|fetch@resource://services-settings/Utils.sys.mjs:224:12|_fetchAttachment@resource://services-settings/Attachments.sys.mjs:560:35|downloadAsBytes@resource://services-settings/Attachments.sys.mjs:537:35|observe@resource://gre/modules/AsyncShutdown.sys.mjs:570:17|
2026-06-19 01:41:56,220 - MainProcess[log-interceptor-2134438968]- selenium_firefox     - DEBUG   : BROWSER 2134438968: driver: - prototype Object
2026-06-19 01:41:56,221 - MainProcess[log-interceptor-2134438968]- selenium_firefox     - DEBUG   : BROWSER 2134438968: driver: console.error: RemoteSecuritySettings:
2026-06-19 01:41:56,221 - MainProcess[log-interceptor-2134438968]- selenium_firefox     - DEBUG   : BROWSER 2134438968: driver: failed to download CRLite filter
2026-06-19 01:41:56,223 - MainProcess[log-interceptor-2134438968]- selenium_firefox     - DEBUG   : BROWSER 2134438968: driver: Object
2026-06-19 01:41:56,224 - MainProcess[log-interceptor-2134438968]- selenium_firefox     - DEBUG   : BROWSER 2134438968: driver: - prototype Object
2026-06-19 01:41:56,224 - MainProcess[log-interceptor-2134438968]- selenium_firefox     - DEBUG   : BROWSER 2134438968: driver: - columnNumber = 11
2026-06-19 01:41:56,224 - MainProcess[log-interceptor-2134438968]- selenium_firefox     - DEBUG   : BROWSER 2134438968: driver: - data = null
2026-06-19 01:41:56,225 - MainProcess[log-interceptor-2134438968]- selenium_firefox     - DEBUG   : BROWSER 2134438968: driver: - filename = resource://gre/modules/ServiceRequest.sys.mjs
2026-06-19 01:41:56,225 - MainProcess[log-interceptor-2134438968]- selenium_firefox     - DEBUG   : BROWSER 2134438968: driver: - lineNumber = 126
2026-06-19 01:41:56,225 - MainProcess[log-interceptor-2134438968]- selenium_firefox     - DEBUG   : BROWSER 2134438968: driver: - location = {"name":"open","filename":"resource://gre/modules/ServiceRequest.sys.mjs","sourceId":25,"lineNumber":126,"columnNumber":11,"asyncCause":null,"asyncCaller":null,"caller":{"filename":"resource://services-settings/Utils.sys.mjs","name":"fetch/<","sourceId":24,"lineNumber":273,"columnNumber":15,"asyncCause":null,"asyncCaller":null,"caller":{"filename":"resource://services-settings/Utils.sys.mjs","name":"fetch","sourceId":24,"lineNumber":224,"columnNumber":12,"asyncCause":null,"asyncCaller":null,"caller":{"filename":"resource://services-settings/Attachments.sys.mjs","name":"_fetchAttachment","sourceId":23,"lineNumber":560,"columnNumber":35,"asyncCause":null,"asyncCaller":null,"caller":{"filename":"resource://services-settings/Attachments.sys.mjs","name":"downloadAsBytes","sourceId":23,"lineNumber":537,"columnNumber":35,"asyncCause":null,"asyncCaller":null,"caller":{"filename":"resource://gre/modules/AsyncShutdown.sys.mjs","name":"observe","sourceId":15,"lineNumber":570,"columnNumber":17,"asyncCause":null,"asyncCaller":null,"caller":null,"formattedStack":"observe@resource://gre/modules/AsyncShutdown.sys.mjs:570:17\n","nativeSavedFrame":{}},"formattedStack":"downloadAsBytes@resource://services-settings/Attachments.sys.mjs:537:35\nobserve@resource://gre/modules/AsyncShutdown.sys.mjs:570:17\n","nativeSavedFrame":{}},"formattedStack":"_fetchAttachment@resource://services-settings/Attachments.sys.mjs:560:35\ndownloadAsBytes@resource://services-settings/Attachments.sys.mjs:537:35\nobserve@resource://gre/modules/AsyncShutdown.sys.mjs:570:17\n","nativeSavedFrame":{}},"formattedStack":"fetch@resource://services-settings/Utils.sys.mjs:224:12\n_fetchAttachment@resource://services-settings/Attachments.sys.mjs:560:35\ndownloadAsBytes@resource://services-settings/Attachments.sys.mjs:537:35\nobserve@resource://gre/modules/AsyncShutdown.sys.mjs:570:17\n","nativeSavedFrame":{}},"formattedStack":"fetch/<@resource://services-settings/Utils.sys.mjs:273:15\nfetch@resource://services-settings/Utils.sys.mjs:224:12\n_fetchAttachment@resource://services-settings/Attachments.sys.mjs:560:35\ndownloadAsBytes@resource://services-settings/Attachments.sys.mjs:537:35\nobserve@resource://gre/modules/AsyncShutdown.sys.mjs:570:17\n","nativeSavedFrame":{}},"formattedStack":"open@resource://gre/modules/ServiceRequest.sys.mjs:126:11\nfetch/<@resource://services-settings/Utils.sys.mjs:273:15\nfetch@resource://services-settings/Utils.sys.mjs:224:12\n_fetchAttachment@resource://services-settings/Attachments.sys.mjs:560:35\ndownloadAsBytes@resource://services-settings/Attachments.sys.mjs:537:35\nobserve@resource://gre/modules/AsyncShutdown.sys.mjs:570:17\n","nativeSavedFrame":{}}
2026-06-19 01:41:56,226 - MainProcess[log-interceptor-2134438968]- selenium_firefox     - DEBUG   : BROWSER 2134438968: driver: - message =
2026-06-19 01:41:56,226 - MainProcess[log-interceptor-2134438968]- selenium_firefox     - DEBUG   : BROWSER 2134438968: driver: - name =
2026-06-19 01:41:56,227 - MainProcess[log-interceptor-2134438968]- selenium_firefox     - DEBUG   : BROWSER 2134438968: driver: - result = 2152071198
2026-06-19 01:41:56,228 - MainProcess[log-interceptor-2134438968]- selenium_firefox     - DEBUG   : BROWSER 2134438968: driver: - stack = open@resource://gre/modules/ServiceRequest.sys.mjs:126:11|fetch/<@resource://services-settings/Utils.sys.mjs:273:15|fetch@resource://services-settings/Utils.sys.mjs:224:12|_fetchAttachment@resource://services-settings/Attachments.sys.mjs:560:35|downloadAsBytes@resource://services-settings/Attachments.sys.mjs:537:35|observe@resource://gre/modules/AsyncShutdown.sys.mjs:570:17|
2026-06-19 01:41:56,229 - MainProcess[log-interceptor-2134438968]- selenium_firefox     - DEBUG   : BROWSER 2134438968: driver: - prototype Object
2026-06-19 01:41:56,230 - MainProcess[log-interceptor-2134438968]- selenium_firefox     - DEBUG   : BROWSER 2134438968: driver: console.error: RemoteSecuritySettings:
2026-06-19 01:41:56,230 - MainProcess[log-interceptor-2134438968]- selenium_firefox     - DEBUG   : BROWSER 2134438968: driver: failed to download CRLite filter
2026-06-19 01:41:56,231 - MainProcess[log-interceptor-2134438968]- selenium_firefox     - DEBUG   : BROWSER 2134438968: driver: Object
2026-06-19 01:41:56,233 - MainProcess[log-interceptor-2134438968]- selenium_firefox     - DEBUG   : BROWSER 2134438968: driver: - prototype Object
2026-06-19 01:41:56,234 - MainProcess[log-interceptor-2134438968]- selenium_firefox     - DEBUG   : BROWSER 2134438968: driver: - columnNumber = 11
2026-06-19 01:41:56,234 - MainProcess[log-interceptor-2134438968]- selenium_firefox     - DEBUG   : BROWSER 2134438968: driver: - data = null
2026-06-19 01:41:56,234 - MainProcess[log-interceptor-2134438968]- selenium_firefox     - DEBUG   : BROWSER 2134438968: driver: - filename = resource://gre/modules/ServiceRequest.sys.mjs
2026-06-19 01:41:56,235 - MainProcess[log-interceptor-2134438968]- selenium_firefox     - DEBUG   : BROWSER 2134438968: driver: - lineNumber = 126
2026-06-19 01:41:56,235 - MainProcess[log-interceptor-2134438968]- selenium_firefox     - DEBUG   : BROWSER 2134438968: driver: - location = {"name":"open","filename":"resource://gre/modules/ServiceRequest.sys.mjs","sourceId":25,"lineNumber":126,"columnNumber":11,"asyncCause":null,"asyncCaller":null,"caller":{"filename":"resource://services-settings/Utils.sys.mjs","name":"fetch/<","sourceId":24,"lineNumber":273,"columnNumber":15,"asyncCause":null,"asyncCaller":null,"caller":{"filename":"resource://services-settings/Utils.sys.mjs","name":"fetch","sourceId":24,"lineNumber":224,"columnNumber":12,"asyncCause":null,"asyncCaller":null,"caller":{"filename":"resource://services-settings/Attachments.sys.mjs","name":"_fetchAttachment","sourceId":23,"lineNumber":560,"columnNumber":35,"asyncCause":null,"asyncCaller":null,"caller":{"filename":"resource://services-settings/Attachments.sys.mjs","name":"downloadAsBytes","sourceId":23,"lineNumber":537,"columnNumber":35,"asyncCause":null,"asyncCaller":null,"caller":{"filename":"resource://gre/modules/AsyncShutdown.sys.mjs","name":"observe","sourceId":15,"lineNumber":570,"columnNumber":17,"asyncCause":null,"asyncCaller":null,"caller":null,"formattedStack":"observe@resource://gre/modules/AsyncShutdown.sys.mjs:570:17\n","nativeSavedFrame":{}},"formattedStack":"downloadAsBytes@resource://services-settings/Attachments.sys.mjs:537:35\nobserve@resource://gre/modules/AsyncShutdown.sys.mjs:570:17\n","nativeSavedFrame":{}},"formattedStack":"_fetchAttachment@resource://services-settings/Attachments.sys.mjs:560:35\ndownloadAsBytes@resource://services-settings/Attachments.sys.mjs:537:35\nobserve@resource://gre/modules/AsyncShutdown.sys.mjs:570:17\n","nativeSavedFrame":{}},"formattedStack":"fetch@resource://services-settings/Utils.sys.mjs:224:12\n_fetchAttachment@resource://services-settings/Attachments.sys.mjs:560:35\ndownloadAsBytes@resource://services-settings/Attachments.sys.mjs:537:35\nobserve@resource://gre/modules/AsyncShutdown.sys.mjs:570:17\n","nativeSavedFrame":{}},"formattedStack":"fetch/<@resource://services-settings/Utils.sys.mjs:273:15\nfetch@resource://services-settings/Utils.sys.mjs:224:12\n_fetchAttachment@resource://services-settings/Attachments.sys.mjs:560:35\ndownloadAsBytes@resource://services-settings/Attachments.sys.mjs:537:35\nobserve@resource://gre/modules/AsyncShutdown.sys.mjs:570:17\n","nativeSavedFrame":{}},"formattedStack":"open@resource://gre/modules/ServiceRequest.sys.mjs:126:11\nfetch/<@resource://services-settings/Utils.sys.mjs:273:15\nfetch@resource://services-settings/Utils.sys.mjs:224:12\n_fetchAttachment@resource://services-settings/Attachments.sys.mjs:560:35\ndownloadAsBytes@resource://services-settings/Attachments.sys.mjs:537:35\nobserve@resource://gre/modules/AsyncShutdown.sys.mjs:570:17\n","nativeSavedFrame":{}}
2026-06-19 01:41:56,235 - MainProcess[log-interceptor-2134438968]- selenium_firefox     - DEBUG   : BROWSER 2134438968: driver: - message =
2026-06-19 01:41:56,236 - MainProcess[log-interceptor-2134438968]- selenium_firefox     - DEBUG   : BROWSER 2134438968: driver: - name =
2026-06-19 01:41:56,236 - MainProcess[log-interceptor-2134438968]- selenium_firefox     - DEBUG   : BROWSER 2134438968: driver: - result = 2152071198
2026-06-19 01:41:56,236 - MainProcess[log-interceptor-2134438968]- selenium_firefox     - DEBUG   : BROWSER 2134438968: driver: - stack = open@resource://gre/modules/ServiceRequest.sys.mjs:126:11|fetch/<@resource://services-settings/Utils.sys.mjs:273:15|fetch@resource://services-settings/Utils.sys.mjs:224:12|_fetchAttachment@resource://services-settings/Attachments.sys.mjs:560:35|downloadAsBytes@resource://services-settings/Attachments.sys.mjs:537:35|observe@resource://gre/modules/AsyncShutdown.sys.mjs:570:17|
2026-06-19 01:41:56,237 - MainProcess[log-interceptor-2134438968]- selenium_firefox     - DEBUG   : BROWSER 2134438968: driver: - prototype Object
2026-06-19 01:41:56,237 - MainProcess[log-interceptor-2134438968]- selenium_firefox     - DEBUG   : BROWSER 2134438968: driver: console.error: RemoteSecuritySettings:
2026-06-19 01:41:56,238 - MainProcess[log-interceptor-2134438968]- selenium_firefox     - DEBUG   : BROWSER 2134438968: driver: failed to download CRLite filter
2026-06-19 01:41:56,239 - MainProcess[log-interceptor-2134438968]- selenium_firefox     - DEBUG   : BROWSER 2134438968: driver: Object
2026-06-19 01:41:56,239 - MainProcess[log-interceptor-2134438968]- selenium_firefox     - DEBUG   : BROWSER 2134438968: driver: - prototype Object
2026-06-19 01:41:56,239 - MainProcess[log-interceptor-2134438968]- selenium_firefox     - DEBUG   : BROWSER 2134438968: driver: - columnNumber = 11
2026-06-19 01:41:56,240 - MainProcess[log-interceptor-2134438968]- selenium_firefox     - DEBUG   : BROWSER 2134438968: driver: - data = null
2026-06-19 01:41:56,240 - MainProcess[log-interceptor-2134438968]- selenium_firefox     - DEBUG   : BROWSER 2134438968: driver: - filename = resource://gre/modules/ServiceRequest.sys.mjs
2026-06-19 01:41:56,241 - MainProcess[log-interceptor-2134438968]- selenium_firefox     - DEBUG   : BROWSER 2134438968: driver: - lineNumber = 126
2026-06-19 01:41:56,243 - MainProcess[log-interceptor-2134438968]- selenium_firefox     - DEBUG   : BROWSER 2134438968: driver: - location = {"name":"open","filename":"resource://gre/modules/ServiceRequest.sys.mjs","sourceId":25,"lineNumber":126,"columnNumber":11,"asyncCause":null,"asyncCaller":null,"caller":{"filename":"resource://services-settings/Utils.sys.mjs","name":"fetch/<","sourceId":24,"lineNumber":273,"columnNumber":15,"asyncCause":null,"asyncCaller":null,"caller":{"filename":"resource://services-settings/Utils.sys.mjs","name":"fetch","sourceId":24,"lineNumber":224,"columnNumber":12,"asyncCause":null,"asyncCaller":null,"caller":{"filename":"resource://services-settings/Attachments.sys.mjs","name":"_fetchAttachment","sourceId":23,"lineNumber":560,"columnNumber":35,"asyncCause":null,"asyncCaller":null,"caller":{"filename":"resource://services-settings/Attachments.sys.mjs","name":"downloadAsBytes","sourceId":23,"lineNumber":537,"columnNumber":35,"asyncCause":null,"asyncCaller":null,"caller":{"filename":"resource://gre/modules/AsyncShutdown.sys.mjs","name":"observe","sourceId":15,"lineNumber":570,"columnNumber":17,"asyncCause":null,"asyncCaller":null,"caller":null,"formattedStack":"observe@resource://gre/modules/AsyncShutdown.sys.mjs:570:17\n","nativeSavedFrame":{}},"formattedStack":"downloadAsBytes@resource://services-settings/Attachments.sys.mjs:537:35\nobserve@resource://gre/modules/AsyncShutdown.sys.mjs:570:17\n","nativeSavedFrame":{}},"formattedStack":"_fetchAttachment@resource://services-settings/Attachments.sys.mjs:560:35\ndownloadAsBytes@resource://services-settings/Attachments.sys.mjs:537:35\nobserve@resource://gre/modules/AsyncShutdown.sys.mjs:570:17\n","nativeSavedFrame":{}},"formattedStack":"fetch@resource://services-settings/Utils.sys.mjs:224:12\n_fetchAttachment@resource://services-settings/Attachments.sys.mjs:560:35\ndownloadAsBytes@resource://services-settings/Attachments.sys.mjs:537:35\nobserve@resource://gre/modules/AsyncShutdown.sys.mjs:570:17\n","nativeSavedFrame":{}},"formattedStack":"fetch/<@resource://services-settings/Utils.sys.mjs:273:15\nfetch@resource://services-settings/Utils.sys.mjs:224:12\n_fetchAttachment@resource://services-settings/Attachments.sys.mjs:560:35\ndownloadAsBytes@resource://services-settings/Attachments.sys.mjs:537:35\nobserve@resource://gre/modules/AsyncShutdown.sys.mjs:570:17\n","nativeSavedFrame":{}},"formattedStack":"open@resource://gre/modules/ServiceRequest.sys.mjs:126:11\nfetch/<@resource://services-settings/Utils.sys.mjs:273:15\nfetch@resource://services-settings/Utils.sys.mjs:224:12\n_fetchAttachment@resource://services-settings/Attachments.sys.mjs:560:35\ndownloadAsBytes@resource://services-settings/Attachments.sys.mjs:537:35\nobserve@resource://gre/modules/AsyncShutdown.sys.mjs:570:17\n","nativeSavedFrame":{}}
2026-06-19 01:41:56,244 - MainProcess[log-interceptor-2134438968]- selenium_firefox     - DEBUG   : BROWSER 2134438968: driver: - message =
2026-06-19 01:41:56,245 - MainProcess[log-interceptor-2134438968]- selenium_firefox     - DEBUG   : BROWSER 2134438968: driver: - name =
2026-06-19 01:41:56,246 - MainProcess[log-interceptor-2134438968]- selenium_firefox     - DEBUG   : BROWSER 2134438968: driver: - result = 2152071198
2026-06-19 01:41:56,246 - MainProcess[log-interceptor-2134438968]- selenium_firefox     - DEBUG   : BROWSER 2134438968: driver: - stack = open@resource://gre/modules/ServiceRequest.sys.mjs:126:11|fetch/<@resource://services-settings/Utils.sys.mjs:273:15|fetch@resource://services-settings/Utils.sys.mjs:224:12|_fetchAttachment@resource://services-settings/Attachments.sys.mjs:560:35|downloadAsBytes@resource://services-settings/Attachments.sys.mjs:537:35|observe@resource://gre/modules/AsyncShutdown.sys.mjs:570:17|
2026-06-19 01:41:56,247 - MainProcess[log-interceptor-2134438968]- selenium_firefox     - DEBUG   : BROWSER 2134438968: driver: - prototype Object
2026-06-19 01:41:56,247 - MainProcess[log-interceptor-2134438968]- selenium_firefox     - DEBUG   : BROWSER 2134438968: driver: console.error: RemoteSecuritySettings:
2026-06-19 01:41:56,247 - MainProcess[log-interceptor-2134438968]- selenium_firefox     - DEBUG   : BROWSER 2134438968: driver: failed to download CRLite filter
2026-06-19 01:41:56,248 - MainProcess[log-interceptor-2134438968]- selenium_firefox     - DEBUG   : BROWSER 2134438968: driver: Object
2026-06-19 01:41:56,248 - MainProcess[log-interceptor-2134438968]- selenium_firefox     - DEBUG   : BROWSER 2134438968: driver: - prototype Object
2026-06-19 01:41:56,248 - MainProcess[log-interceptor-2134438968]- selenium_firefox     - DEBUG   : BROWSER 2134438968: driver: - columnNumber = 11
2026-06-19 01:41:56,249 - MainProcess[log-interceptor-2134438968]- selenium_firefox     - DEBUG   : BROWSER 2134438968: driver: - data = null
2026-06-19 01:41:56,249 - MainProcess[log-interceptor-2134438968]- selenium_firefox     - DEBUG   : BROWSER 2134438968: driver: - filename = resource://gre/modules/ServiceRequest.sys.mjs
2026-06-19 01:41:56,250 - MainProcess[log-interceptor-2134438968]- selenium_firefox     - DEBUG   : BROWSER 2134438968: driver: - lineNumber = 126
2026-06-19 01:41:56,251 - MainProcess[log-interceptor-2134438968]- selenium_firefox     - DEBUG   : BROWSER 2134438968: driver: - location = {"name":"open","filename":"resource://gre/modules/ServiceRequest.sys.mjs","sourceId":25,"lineNumber":126,"columnNumber":11,"asyncCause":null,"asyncCaller":null,"caller":{"filename":"resource://services-settings/Utils.sys.mjs","name":"fetch/<","sourceId":24,"lineNumber":273,"columnNumber":15,"asyncCause":null,"asyncCaller":null,"caller":{"filename":"resource://services-settings/Utils.sys.mjs","name":"fetch","sourceId":24,"lineNumber":224,"columnNumber":12,"asyncCause":null,"asyncCaller":null,"caller":{"filename":"resource://services-settings/Attachments.sys.mjs","name":"_fetchAttachment","sourceId":23,"lineNumber":560,"columnNumber":35,"asyncCause":null,"asyncCaller":null,"caller":{"filename":"resource://services-settings/Attachments.sys.mjs","name":"downloadAsBytes","sourceId":23,"lineNumber":537,"columnNumber":35,"asyncCause":null,"asyncCaller":null,"caller":{"filename":"resource://gre/modules/AsyncShutdown.sys.mjs","name":"observe","sourceId":15,"lineNumber":570,"columnNumber":17,"asyncCause":null,"asyncCaller":null,"caller":null,"formattedStack":"observe@resource://gre/modules/AsyncShutdown.sys.mjs:570:17\n","nativeSavedFrame":{}},"formattedStack":"downloadAsBytes@resource://services-settings/Attachments.sys.mjs:537:35\nobserve@resource://gre/modules/AsyncShutdown.sys.mjs:570:17\n","nativeSavedFrame":{}},"formattedStack":"_fetchAttachment@resource://services-settings/Attachments.sys.mjs:560:35\ndownloadAsBytes@resource://services-settings/Attachments.sys.mjs:537:35\nobserve@resource://gre/modules/AsyncShutdown.sys.mjs:570:17\n","nativeSavedFrame":{}},"formattedStack":"fetch@resource://services-settings/Utils.sys.mjs:224:12\n_fetchAttachment@resource://services-settings/Attachments.sys.mjs:560:35\ndownloadAsBytes@resource://services-settings/Attachments.sys.mjs:537:35\nobserve@resource://gre/modules/AsyncShutdown.sys.mjs:570:17\n","nativeSavedFrame":{}},"formattedStack":"fetch/<@resource://services-settings/Utils.sys.mjs:273:15\nfetch@resource://services-settings/Utils.sys.mjs:224:12\n_fetchAttachment@resource://services-settings/Attachments.sys.mjs:560:35\ndownloadAsBytes@resource://services-settings/Attachments.sys.mjs:537:35\nobserve@resource://gre/modules/AsyncShutdown.sys.mjs:570:17\n","nativeSavedFrame":{}},"formattedStack":"open@resource://gre/modules/ServiceRequest.sys.mjs:126:11\nfetch/<@resource://services-settings/Utils.sys.mjs:273:15\nfetch@resource://services-settings/Utils.sys.mjs:224:12\n_fetchAttachment@resource://services-settings/Attachments.sys.mjs:560:35\ndownloadAsBytes@resource://services-settings/Attachments.sys.mjs:537:35\nobserve@resource://gre/modules/AsyncShutdown.sys.mjs:570:17\n","nativeSavedFrame":{}}
2026-06-19 01:41:56,252 - MainProcess[log-interceptor-2134438968]- selenium_firefox     - DEBUG   : BROWSER 2134438968: driver: - message =
2026-06-19 01:41:56,252 - MainProcess[log-interceptor-2134438968]- selenium_firefox     - DEBUG   : BROWSER 2134438968: driver: - name =
2026-06-19 01:41:56,253 - MainProcess[log-interceptor-2134438968]- selenium_firefox     - DEBUG   : BROWSER 2134438968: driver: - result = 2152071198
2026-06-19 01:41:56,253 - MainProcess[log-interceptor-2134438968]- selenium_firefox     - DEBUG   : BROWSER 2134438968: driver: - stack = open@resource://gre/modules/ServiceRequest.sys.mjs:126:11|fetch/<@resource://services-settings/Utils.sys.mjs:273:15|fetch@resource://services-settings/Utils.sys.mjs:224:12|_fetchAttachment@resource://services-settings/Attachments.sys.mjs:560:35|downloadAsBytes@resource://services-settings/Attachments.sys.mjs:537:35|observe@resource://gre/modules/AsyncShutdown.sys.mjs:570:17|
2026-06-19 01:41:56,254 - MainProcess[log-interceptor-2134438968]- selenium_firefox     - DEBUG   : BROWSER 2134438968: driver: - prototype Object
2026-06-19 01:41:56,254 - MainProcess[log-interceptor-2134438968]- selenium_firefox     - DEBUG   : BROWSER 2134438968: driver: console.error: RemoteSecuritySettings:
2026-06-19 01:41:56,254 - MainProcess[log-interceptor-2134438968]- selenium_firefox     - DEBUG   : BROWSER 2134438968: driver: failed to download CRLite filter
2026-06-19 01:41:56,255 - MainProcess[log-interceptor-2134438968]- selenium_firefox     - DEBUG   : BROWSER 2134438968: driver: Object
2026-06-19 01:41:56,255 - MainProcess[log-interceptor-2134438968]- selenium_firefox     - DEBUG   : BROWSER 2134438968: driver: - prototype Object
2026-06-19 01:41:56,255 - MainProcess[log-interceptor-2134438968]- selenium_firefox     - DEBUG   : BROWSER 2134438968: driver: - columnNumber = 11
2026-06-19 01:41:56,255 - MainProcess[log-interceptor-2134438968]- selenium_firefox     - DEBUG   : BROWSER 2134438968: driver: - data = null
2026-06-19 01:41:56,256 - MainProcess[log-interceptor-2134438968]- selenium_firefox     - DEBUG   : BROWSER 2134438968: driver: - filename = resource://gre/modules/ServiceRequest.sys.mjs
2026-06-19 01:41:56,258 - MainProcess[log-interceptor-2134438968]- selenium_firefox     - DEBUG   : BROWSER 2134438968: driver: - lineNumber = 126
2026-06-19 01:41:56,258 - MainProcess[log-interceptor-2134438968]- selenium_firefox     - DEBUG   : BROWSER 2134438968: driver: - location = {"name":"open","filename":"resource://gre/modules/ServiceRequest.sys.mjs","sourceId":25,"lineNumber":126,"columnNumber":11,"asyncCause":null,"asyncCaller":null,"caller":{"filename":"resource://services-settings/Utils.sys.mjs","name":"fetch/<","sourceId":24,"lineNumber":273,"columnNumber":15,"asyncCause":null,"asyncCaller":null,"caller":{"filename":"resource://services-settings/Utils.sys.mjs","name":"fetch","sourceId":24,"lineNumber":224,"columnNumber":12,"asyncCause":null,"asyncCaller":null,"caller":{"filename":"resource://services-settings/Attachments.sys.mjs","name":"_fetchAttachment","sourceId":23,"lineNumber":560,"columnNumber":35,"asyncCause":null,"asyncCaller":null,"caller":{"filename":"resource://services-settings/Attachments.sys.mjs","name":"downloadAsBytes","sourceId":23,"lineNumber":537,"columnNumber":35,"asyncCause":null,"asyncCaller":null,"caller":{"filename":"resource://gre/modules/AsyncShutdown.sys.mjs","name":"observe","sourceId":15,"lineNumber":570,"columnNumber":17,"asyncCause":null,"asyncCaller":null,"caller":null,"formattedStack":"observe@resource://gre/modules/AsyncShutdown.sys.mjs:570:17\n","nativeSavedFrame":{}},"formattedStack":"downloadAsBytes@resource://services-settings/Attachments.sys.mjs:537:35\nobserve@resource://gre/modules/AsyncShutdown.sys.mjs:570:17\n","nativeSavedFrame":{}},"formattedStack":"_fetchAttachment@resource://services-settings/Attachments.sys.mjs:560:35\ndownloadAsBytes@resource://services-settings/Attachments.sys.mjs:537:35\nobserve@resource://gre/modules/AsyncShutdown.sys.mjs:570:17\n","nativeSavedFrame":{}},"formattedStack":"fetch@resource://services-settings/Utils.sys.mjs:224:12\n_fetchAttachment@resource://services-settings/Attachments.sys.mjs:560:35\ndownloadAsBytes@resource://services-settings/Attachments.sys.mjs:537:35\nobserve@resource://gre/modules/AsyncShutdown.sys.mjs:570:17\n","nativeSavedFrame":{}},"formattedStack":"fetch/<@resource://services-settings/Utils.sys.mjs:273:15\nfetch@resource://services-settings/Utils.sys.mjs:224:12\n_fetchAttachment@resource://services-settings/Attachments.sys.mjs:560:35\ndownloadAsBytes@resource://services-settings/Attachments.sys.mjs:537:35\nobserve@resource://gre/modules/AsyncShutdown.sys.mjs:570:17\n","nativeSavedFrame":{}},"formattedStack":"open@resource://gre/modules/ServiceRequest.sys.mjs:126:11\nfetch/<@resource://services-settings/Utils.sys.mjs:273:15\nfetch@resource://services-settings/Utils.sys.mjs:224:12\n_fetchAttachment@resource://services-settings/Attachments.sys.mjs:560:35\ndownloadAsBytes@resource://services-settings/Attachments.sys.mjs:537:35\nobserve@resource://gre/modules/AsyncShutdown.sys.mjs:570:17\n","nativeSavedFrame":{}}
2026-06-19 01:41:56,258 - MainProcess[log-interceptor-2134438968]- selenium_firefox     - DEBUG   : BROWSER 2134438968: driver: - message =
2026-06-19 01:41:56,259 - MainProcess[log-interceptor-2134438968]- selenium_firefox     - DEBUG   : BROWSER 2134438968: driver: - name =
2026-06-19 01:41:56,259 - MainProcess[log-interceptor-2134438968]- selenium_firefox     - DEBUG   : BROWSER 2134438968: driver: - result = 2152071198
2026-06-19 01:41:56,259 - MainProcess[log-interceptor-2134438968]- selenium_firefox     - DEBUG   : BROWSER 2134438968: driver: - stack = open@resource://gre/modules/ServiceRequest.sys.mjs:126:11|fetch/<@resource://services-settings/Utils.sys.mjs:273:15|fetch@resource://services-settings/Utils.sys.mjs:224:12|_fetchAttachment@resource://services-settings/Attachments.sys.mjs:560:35|downloadAsBytes@resource://services-settings/Attachments.sys.mjs:537:35|observe@resource://gre/modules/AsyncShutdown.sys.mjs:570:17|
2026-06-19 01:41:56,260 - MainProcess[log-interceptor-2134438968]- selenium_firefox     - DEBUG   : BROWSER 2134438968: driver: - prototype Object
2026-06-19 01:41:56,261 - MainProcess[log-interceptor-2134438968]- selenium_firefox     - DEBUG   : BROWSER 2134438968: driver: console.error: RemoteSecuritySettings:
2026-06-19 01:41:56,261 - MainProcess[log-interceptor-2134438968]- selenium_firefox     - DEBUG   : BROWSER 2134438968: driver: failed to download CRLite filter
2026-06-19 01:41:56,261 - MainProcess[log-interceptor-2134438968]- selenium_firefox     - DEBUG   : BROWSER 2134438968: driver: Object
2026-06-19 01:41:56,262 - MainProcess[log-interceptor-2134438968]- selenium_firefox     - DEBUG   : BROWSER 2134438968: driver: - prototype Object
2026-06-19 01:41:56,262 - MainProcess[log-interceptor-2134438968]- selenium_firefox     - DEBUG   : BROWSER 2134438968: driver: - columnNumber = 11
2026-06-19 01:41:56,262 - MainProcess[log-interceptor-2134438968]- selenium_firefox     - DEBUG   : BROWSER 2134438968: driver: - data = null
2026-06-19 01:41:56,263 - MainProcess[log-interceptor-2134438968]- selenium_firefox     - DEBUG   : BROWSER 2134438968: driver: - filename = resource://gre/modules/ServiceRequest.sys.mjs
2026-06-19 01:41:56,263 - MainProcess[log-interceptor-2134438968]- selenium_firefox     - DEBUG   : BROWSER 2134438968: driver: - lineNumber = 126
2026-06-19 01:41:56,263 - MainProcess[log-interceptor-2134438968]- selenium_firefox     - DEBUG   : BROWSER 2134438968: driver: - location = {"name":"open","filename":"resource://gre/modules/ServiceRequest.sys.mjs","sourceId":25,"lineNumber":126,"columnNumber":11,"asyncCause":null,"asyncCaller":null,"caller":{"filename":"resource://services-settings/Utils.sys.mjs","name":"fetch/<","sourceId":24,"lineNumber":273,"columnNumber":15,"asyncCause":null,"asyncCaller":null,"caller":{"filename":"resource://services-settings/Utils.sys.mjs","name":"fetch","sourceId":24,"lineNumber":224,"columnNumber":12,"asyncCause":null,"asyncCaller":null,"caller":{"filename":"resource://services-settings/Attachments.sys.mjs","name":"_fetchAttachment","sourceId":23,"lineNumber":560,"columnNumber":35,"asyncCause":null,"asyncCaller":null,"caller":{"filename":"resource://services-settings/Attachments.sys.mjs","name":"downloadAsBytes","sourceId":23,"lineNumber":537,"columnNumber":35,"asyncCause":null,"asyncCaller":null,"caller":{"filename":"resource://gre/modules/AsyncShutdown.sys.mjs","name":"observe","sourceId":15,"lineNumber":570,"columnNumber":17,"asyncCause":null,"asyncCaller":null,"caller":null,"formattedStack":"observe@resource://gre/modules/AsyncShutdown.sys.mjs:570:17\n","nativeSavedFrame":{}},"formattedStack":"downloadAsBytes@resource://services-settings/Attachments.sys.mjs:537:35\nobserve@resource://gre/modules/AsyncShutdown.sys.mjs:570:17\n","nativeSavedFrame":{}},"formattedStack":"_fetchAttachment@resource://services-settings/Attachments.sys.mjs:560:35\ndownloadAsBytes@resource://services-settings/Attachments.sys.mjs:537:35\nobserve@resource://gre/modules/AsyncShutdown.sys.mjs:570:17\n","nativeSavedFrame":{}},"formattedStack":"fetch@resource://services-settings/Utils.sys.mjs:224:12\n_fetchAttachment@resource://services-settings/Attachments.sys.mjs:560:35\ndownloadAsBytes@resource://services-settings/Attachments.sys.mjs:537:35\nobserve@resource://gre/modules/AsyncShutdown.sys.mjs:570:17\n","nativeSavedFrame":{}},"formattedStack":"fetch/<@resource://services-settings/Utils.sys.mjs:273:15\nfetch@resource://services-settings/Utils.sys.mjs:224:12\n_fetchAttachment@resource://services-settings/Attachments.sys.mjs:560:35\ndownloadAsBytes@resource://services-settings/Attachments.sys.mjs:537:35\nobserve@resource://gre/modules/AsyncShutdown.sys.mjs:570:17\n","nativeSavedFrame":{}},"formattedStack":"open@resource://gre/modules/ServiceRequest.sys.mjs:126:11\nfetch/<@resource://services-settings/Utils.sys.mjs:273:15\nfetch@resource://services-settings/Utils.sys.mjs:224:12\n_fetchAttachment@resource://services-settings/Attachments.sys.mjs:560:35\ndownloadAsBytes@resource://services-settings/Attachments.sys.mjs:537:35\nobserve@resource://gre/modules/AsyncShutdown.sys.mjs:570:17\n","nativeSavedFrame":{}}
2026-06-19 01:41:56,264 - MainProcess[log-interceptor-2134438968]- selenium_firefox     - DEBUG   : BROWSER 2134438968: driver: - message =
2026-06-19 01:41:56,264 - MainProcess[log-interceptor-2134438968]- selenium_firefox     - DEBUG   : BROWSER 2134438968: driver: - name =
2026-06-19 01:41:56,265 - MainProcess[log-interceptor-2134438968]- selenium_firefox     - DEBUG   : BROWSER 2134438968: driver: - result = 2152071198
2026-06-19 01:41:56,265 - MainProcess[log-interceptor-2134438968]- selenium_firefox     - DEBUG   : BROWSER 2134438968: driver: - stack = open@resource://gre/modules/ServiceRequest.sys.mjs:126:11|fetch/<@resource://services-settings/Utils.sys.mjs:273:15|fetch@resource://services-settings/Utils.sys.mjs:224:12|_fetchAttachment@resource://services-settings/Attachments.sys.mjs:560:35|downloadAsBytes@resource://services-settings/Attachments.sys.mjs:537:35|observe@resource://gre/modules/AsyncShutdown.sys.mjs:570:17|
2026-06-19 01:41:56,265 - MainProcess[log-interceptor-2134438968]- selenium_firefox     - DEBUG   : BROWSER 2134438968: driver: - prototype Object
2026-06-19 01:41:56,266 - MainProcess[log-interceptor-2134438968]- selenium_firefox     - DEBUG   : BROWSER 2134438968: driver: console.error: RemoteSecuritySettings:
2026-06-19 01:41:56,267 - MainProcess[log-interceptor-2134438968]- selenium_firefox     - DEBUG   : BROWSER 2134438968: driver: failed to download CRLite filter
2026-06-19 01:41:56,267 - MainProcess[log-interceptor-2134438968]- selenium_firefox     - DEBUG   : BROWSER 2134438968: driver: Object
2026-06-19 01:41:56,268 - MainProcess[log-interceptor-2134438968]- selenium_firefox     - DEBUG   : BROWSER 2134438968: driver: - prototype Object
2026-06-19 01:41:56,268 - MainProcess[log-interceptor-2134438968]- selenium_firefox     - DEBUG   : BROWSER 2134438968: driver: - columnNumber = 11
2026-06-19 01:41:56,269 - MainProcess[log-interceptor-2134438968]- selenium_firefox     - DEBUG   : BROWSER 2134438968: driver: - data = null
2026-06-19 01:41:56,269 - MainProcess[log-interceptor-2134438968]- selenium_firefox     - DEBUG   : BROWSER 2134438968: driver: - filename = resource://gre/modules/ServiceRequest.sys.mjs
2026-06-19 01:41:56,269 - MainProcess[log-interceptor-2134438968]- selenium_firefox     - DEBUG   : BROWSER 2134438968: driver: - lineNumber = 126
2026-06-19 01:41:56,270 - MainProcess[log-interceptor-2134438968]- selenium_firefox     - DEBUG   : BROWSER 2134438968: driver: - location = {"name":"open","filename":"resource://gre/modules/ServiceRequest.sys.mjs","sourceId":25,"lineNumber":126,"columnNumber":11,"asyncCause":null,"asyncCaller":null,"caller":{"filename":"resource://services-settings/Utils.sys.mjs","name":"fetch/<","sourceId":24,"lineNumber":273,"columnNumber":15,"asyncCause":null,"asyncCaller":null,"caller":{"filename":"resource://services-settings/Utils.sys.mjs","name":"fetch","sourceId":24,"lineNumber":224,"columnNumber":12,"asyncCause":null,"asyncCaller":null,"caller":{"filename":"resource://services-settings/Attachments.sys.mjs","name":"_fetchAttachment","sourceId":23,"lineNumber":560,"columnNumber":35,"asyncCause":null,"asyncCaller":null,"caller":{"filename":"resource://services-settings/Attachments.sys.mjs","name":"downloadAsBytes","sourceId":23,"lineNumber":537,"columnNumber":35,"asyncCause":null,"asyncCaller":null,"caller":{"filename":"resource://gre/modules/AsyncShutdown.sys.mjs","name":"observe","sourceId":15,"lineNumber":570,"columnNumber":17,"asyncCause":null,"asyncCaller":null,"caller":null,"formattedStack":"observe@resource://gre/modules/AsyncShutdown.sys.mjs:570:17\n","nativeSavedFrame":{}},"formattedStack":"downloadAsBytes@resource://services-settings/Attachments.sys.mjs:537:35\nobserve@resource://gre/modules/AsyncShutdown.sys.mjs:570:17\n","nativeSavedFrame":{}},"formattedStack":"_fetchAttachment@resource://services-settings/Attachments.sys.mjs:560:35\ndownloadAsBytes@resource://services-settings/Attachments.sys.mjs:537:35\nobserve@resource://gre/modules/AsyncShutdown.sys.mjs:570:17\n","nativeSavedFrame":{}},"formattedStack":"fetch@resource://services-settings/Utils.sys.mjs:224:12\n_fetchAttachment@resource://services-settings/Attachments.sys.mjs:560:35\ndownloadAsBytes@resource://services-settings/Attachments.sys.mjs:537:35\nobserve@resource://gre/modules/AsyncShutdown.sys.mjs:570:17\n","nativeSavedFrame":{}},"formattedStack":"fetch/<@resource://services-settings/Utils.sys.mjs:273:15\nfetch@resource://services-settings/Utils.sys.mjs:224:12\n_fetchAttachment@resource://services-settings/Attachments.sys.mjs:560:35\ndownloadAsBytes@resource://services-settings/Attachments.sys.mjs:537:35\nobserve@resource://gre/modules/AsyncShutdown.sys.mjs:570:17\n","nativeSavedFrame":{}},"formattedStack":"open@resource://gre/modules/ServiceRequest.sys.mjs:126:11\nfetch/<@resource://services-settings/Utils.sys.mjs:273:15\nfetch@resource://services-settings/Utils.sys.mjs:224:12\n_fetchAttachment@resource://services-settings/Attachments.sys.mjs:560:35\ndownloadAsBytes@resource://services-settings/Attachments.sys.mjs:537:35\nobserve@resource://gre/modules/AsyncShutdown.sys.mjs:570:17\n","nativeSavedFrame":{}}
2026-06-19 01:41:56,270 - MainProcess[log-interceptor-2134438968]- selenium_firefox     - DEBUG   : BROWSER 2134438968: driver: - message =
2026-06-19 01:41:56,270 - MainProcess[log-interceptor-2134438968]- selenium_firefox     - DEBUG   : BROWSER 2134438968: driver: - name =
2026-06-19 01:41:56,271 - MainProcess[log-interceptor-2134438968]- selenium_firefox     - DEBUG   : BROWSER 2134438968: driver: - result = 2152071198
2026-06-19 01:41:56,271 - MainProcess[log-interceptor-2134438968]- selenium_firefox     - DEBUG   : BROWSER 2134438968: driver: - stack = open@resource://gre/modules/ServiceRequest.sys.mjs:126:11|fetch/<@resource://services-settings/Utils.sys.mjs:273:15|fetch@resource://services-settings/Utils.sys.mjs:224:12|_fetchAttachment@resource://services-settings/Attachments.sys.mjs:560:35|downloadAsBytes@resource://services-settings/Attachments.sys.mjs:537:35|observe@resource://gre/modules/AsyncShutdown.sys.mjs:570:17|
2026-06-19 01:41:56,272 - MainProcess[log-interceptor-2134438968]- selenium_firefox     - DEBUG   : BROWSER 2134438968: driver: - prototype Object
2026-06-19 01:41:56,272 - MainProcess[log-interceptor-2134438968]- selenium_firefox     - DEBUG   : BROWSER 2134438968: driver: console.error: RemoteSecuritySettings:
2026-06-19 01:41:56,273 - MainProcess[log-interceptor-2134438968]- selenium_firefox     - DEBUG   : BROWSER 2134438968: driver: failed to download CRLite filter
2026-06-19 01:41:56,273 - MainProcess[log-interceptor-2134438968]- selenium_firefox     - DEBUG   : BROWSER 2134438968: driver: Object
2026-06-19 01:41:56,273 - MainProcess[log-interceptor-2134438968]- selenium_firefox     - DEBUG   : BROWSER 2134438968: driver: - prototype Object
2026-06-19 01:41:56,274 - MainProcess[log-interceptor-2134438968]- selenium_firefox     - DEBUG   : BROWSER 2134438968: driver: - columnNumber = 11
2026-06-19 01:41:56,274 - MainProcess[log-interceptor-2134438968]- selenium_firefox     - DEBUG   : BROWSER 2134438968: driver: - data = null
2026-06-19 01:41:56,275 - MainProcess[log-interceptor-2134438968]- selenium_firefox     - DEBUG   : BROWSER 2134438968: driver: - filename = resource://gre/modules/ServiceRequest.sys.mjs
2026-06-19 01:41:56,275 - MainProcess[log-interceptor-2134438968]- selenium_firefox     - DEBUG   : BROWSER 2134438968: driver: - lineNumber = 126
2026-06-19 01:41:56,275 - MainProcess[log-interceptor-2134438968]- selenium_firefox     - DEBUG   : BROWSER 2134438968: driver: - location = {"name":"open","filename":"resource://gre/modules/ServiceRequest.sys.mjs","sourceId":25,"lineNumber":126,"columnNumber":11,"asyncCause":null,"asyncCaller":null,"caller":{"filename":"resource://services-settings/Utils.sys.mjs","name":"fetch/<","sourceId":24,"lineNumber":273,"columnNumber":15,"asyncCause":null,"asyncCaller":null,"caller":{"filename":"resource://services-settings/Utils.sys.mjs","name":"fetch","sourceId":24,"lineNumber":224,"columnNumber":12,"asyncCause":null,"asyncCaller":null,"caller":{"filename":"resource://services-settings/Attachments.sys.mjs","name":"_fetchAttachment","sourceId":23,"lineNumber":560,"columnNumber":35,"asyncCause":null,"asyncCaller":null,"caller":{"filename":"resource://services-settings/Attachments.sys.mjs","name":"downloadAsBytes","sourceId":23,"lineNumber":537,"columnNumber":35,"asyncCause":null,"asyncCaller":null,"caller":{"filename":"resource://gre/modules/AsyncShutdown.sys.mjs","name":"observe","sourceId":15,"lineNumber":570,"columnNumber":17,"asyncCause":null,"asyncCaller":null,"caller":null,"formattedStack":"observe@resource://gre/modules/AsyncShutdown.sys.mjs:570:17\n","nativeSavedFrame":{}},"formattedStack":"downloadAsBytes@resource://services-settings/Attachments.sys.mjs:537:35\nobserve@resource://gre/modules/AsyncShutdown.sys.mjs:570:17\n","nativeSavedFrame":{}},"formattedStack":"_fetchAttachment@resource://services-settings/Attachments.sys.mjs:560:35\ndownloadAsBytes@resource://services-settings/Attachments.sys.mjs:537:35\nobserve@resource://gre/modules/AsyncShutdown.sys.mjs:570:17\n","nativeSavedFrame":{}},"formattedStack":"fetch@resource://services-settings/Utils.sys.mjs:224:12\n_fetchAttachment@resource://services-settings/Attachments.sys.mjs:560:35\ndownloadAsBytes@resource://services-settings/Attachments.sys.mjs:537:35\nobserve@resource://gre/modules/AsyncShutdown.sys.mjs:570:17\n","nativeSavedFrame":{}},"formattedStack":"fetch/<@resource://services-settings/Utils.sys.mjs:273:15\nfetch@resource://services-settings/Utils.sys.mjs:224:12\n_fetchAttachment@resource://services-settings/Attachments.sys.mjs:560:35\ndownloadAsBytes@resource://services-settings/Attachments.sys.mjs:537:35\nobserve@resource://gre/modules/AsyncShutdown.sys.mjs:570:17\n","nativeSavedFrame":{}},"formattedStack":"open@resource://gre/modules/ServiceRequest.sys.mjs:126:11\nfetch/<@resource://services-settings/Utils.sys.mjs:273:15\nfetch@resource://services-settings/Utils.sys.mjs:224:12\n_fetchAttachment@resource://services-settings/Attachments.sys.mjs:560:35\ndownloadAsBytes@resource://services-settings/Attachments.sys.mjs:537:35\nobserve@resource://gre/modules/AsyncShutdown.sys.mjs:570:17\n","nativeSavedFrame":{}}
2026-06-19 01:41:56,277 - MainProcess[log-interceptor-2134438968]- selenium_firefox     - DEBUG   : BROWSER 2134438968: driver: - message =
2026-06-19 01:41:56,278 - MainProcess[log-interceptor-2134438968]- selenium_firefox     - DEBUG   : BROWSER 2134438968: driver: - name =
2026-06-19 01:41:56,279 - MainProcess[log-interceptor-2134438968]- selenium_firefox     - DEBUG   : BROWSER 2134438968: driver: - result = 2152071198
2026-06-19 01:41:56,279 - MainProcess[log-interceptor-2134438968]- selenium_firefox     - DEBUG   : BROWSER 2134438968: driver: - stack = open@resource://gre/modules/ServiceRequest.sys.mjs:126:11|fetch/<@resource://services-settings/Utils.sys.mjs:273:15|fetch@resource://services-settings/Utils.sys.mjs:224:12|_fetchAttachment@resource://services-settings/Attachments.sys.mjs:560:35|downloadAsBytes@resource://services-settings/Attachments.sys.mjs:537:35|observe@resource://gre/modules/AsyncShutdown.sys.mjs:570:17|
2026-06-19 01:41:56,280 - MainProcess[log-interceptor-2134438968]- selenium_firefox     - DEBUG   : BROWSER 2134438968: driver: - prototype Object
2026-06-19 01:41:56,280 - MainProcess[log-interceptor-2134438968]- selenium_firefox     - DEBUG   : BROWSER 2134438968: driver: console.error: RemoteSecuritySettings:
2026-06-19 01:41:56,280 - MainProcess[log-interceptor-2134438968]- selenium_firefox     - DEBUG   : BROWSER 2134438968: driver: failed to download CRLite filter
2026-06-19 01:41:56,281 - MainProcess[log-interceptor-2134438968]- selenium_firefox     - DEBUG   : BROWSER 2134438968: driver: Object
2026-06-19 01:41:56,281 - MainProcess[log-interceptor-2134438968]- selenium_firefox     - DEBUG   : BROWSER 2134438968: driver: - prototype Object
2026-06-19 01:41:56,281 - MainProcess[log-interceptor-2134438968]- selenium_firefox     - DEBUG   : BROWSER 2134438968: driver: - columnNumber = 11
2026-06-19 01:41:56,281 - MainProcess[log-interceptor-2134438968]- selenium_firefox     - DEBUG   : BROWSER 2134438968: driver: - data = null
2026-06-19 01:41:56,282 - MainProcess[log-interceptor-2134438968]- selenium_firefox     - DEBUG   : BROWSER 2134438968: driver: - filename = resource://gre/modules/ServiceRequest.sys.mjs
2026-06-19 01:41:56,282 - MainProcess[log-interceptor-2134438968]- selenium_firefox     - DEBUG   : BROWSER 2134438968: driver: - lineNumber = 126
2026-06-19 01:41:56,283 - MainProcess[log-interceptor-2134438968]- selenium_firefox     - DEBUG   : BROWSER 2134438968: driver: - location = {"name":"open","filename":"resource://gre/modules/ServiceRequest.sys.mjs","sourceId":25,"lineNumber":126,"columnNumber":11,"asyncCause":null,"asyncCaller":null,"caller":{"filename":"resource://services-settings/Utils.sys.mjs","name":"fetch/<","sourceId":24,"lineNumber":273,"columnNumber":15,"asyncCause":null,"asyncCaller":null,"caller":{"filename":"resource://services-settings/Utils.sys.mjs","name":"fetch","sourceId":24,"lineNumber":224,"columnNumber":12,"asyncCause":null,"asyncCaller":null,"caller":{"filename":"resource://services-settings/Attachments.sys.mjs","name":"_fetchAttachment","sourceId":23,"lineNumber":560,"columnNumber":35,"asyncCause":null,"asyncCaller":null,"caller":{"filename":"resource://services-settings/Attachments.sys.mjs","name":"downloadAsBytes","sourceId":23,"lineNumber":537,"columnNumber":35,"asyncCause":null,"asyncCaller":null,"caller":{"filename":"resource://gre/modules/AsyncShutdown.sys.mjs","name":"observe","sourceId":15,"lineNumber":570,"columnNumber":17,"asyncCause":null,"asyncCaller":null,"caller":null,"formattedStack":"observe@resource://gre/modules/AsyncShutdown.sys.mjs:570:17\n","nativeSavedFrame":{}},"formattedStack":"downloadAsBytes@resource://services-settings/Attachments.sys.mjs:537:35\nobserve@resource://gre/modules/AsyncShutdown.sys.mjs:570:17\n","nativeSavedFrame":{}},"formattedStack":"_fetchAttachment@resource://services-settings/Attachments.sys.mjs:560:35\ndownloadAsBytes@resource://services-settings/Attachments.sys.mjs:537:35\nobserve@resource://gre/modules/AsyncShutdown.sys.mjs:570:17\n","nativeSavedFrame":{}},"formattedStack":"fetch@resource://services-settings/Utils.sys.mjs:224:12\n_fetchAttachment@resource://services-settings/Attachments.sys.mjs:560:35\ndownloadAsBytes@resource://services-settings/Attachments.sys.mjs:537:35\nobserve@resource://gre/modules/AsyncShutdown.sys.mjs:570:17\n","nativeSavedFrame":{}},"formattedStack":"fetch/<@resource://services-settings/Utils.sys.mjs:273:15\nfetch@resource://services-settings/Utils.sys.mjs:224:12\n_fetchAttachment@resource://services-settings/Attachments.sys.mjs:560:35\ndownloadAsBytes@resource://services-settings/Attachments.sys.mjs:537:35\nobserve@resource://gre/modules/AsyncShutdown.sys.mjs:570:17\n","nativeSavedFrame":{}},"formattedStack":"open@resource://gre/modules/ServiceRequest.sys.mjs:126:11\nfetch/<@resource://services-settings/Utils.sys.mjs:273:15\nfetch@resource://services-settings/Utils.sys.mjs:224:12\n_fetchAttachment@resource://services-settings/Attachments.sys.mjs:560:35\ndownloadAsBytes@resource://services-settings/Attachments.sys.mjs:537:35\nobserve@resource://gre/modules/AsyncShutdown.sys.mjs:570:17\n","nativeSavedFrame":{}}
2026-06-19 01:41:56,283 - MainProcess[log-interceptor-2134438968]- selenium_firefox     - DEBUG   : BROWSER 2134438968: driver: - message =
2026-06-19 01:41:56,284 - MainProcess[log-interceptor-2134438968]- selenium_firefox     - DEBUG   : BROWSER 2134438968: driver: - name =
2026-06-19 01:41:56,284 - MainProcess[log-interceptor-2134438968]- selenium_firefox     - DEBUG   : BROWSER 2134438968: driver: - result = 2152071198
2026-06-19 01:41:56,286 - MainProcess[log-interceptor-2134438968]- selenium_firefox     - DEBUG   : BROWSER 2134438968: driver: - stack = open@resource://gre/modules/ServiceRequest.sys.mjs:126:11|fetch/<@resource://services-settings/Utils.sys.mjs:273:15|fetch@resource://services-settings/Utils.sys.mjs:224:12|_fetchAttachment@resource://services-settings/Attachments.sys.mjs:560:35|downloadAsBytes@resource://services-settings/Attachments.sys.mjs:537:35|observe@resource://gre/modules/AsyncShutdown.sys.mjs:570:17|
2026-06-19 01:41:56,287 - MainProcess[log-interceptor-2134438968]- selenium_firefox     - DEBUG   : BROWSER 2134438968: driver: - prototype Object
2026-06-19 01:41:56,287 - MainProcess[log-interceptor-2134438968]- selenium_firefox     - DEBUG   : BROWSER 2134438968: driver: console.error: RemoteSecuritySettings:
2026-06-19 01:41:56,289 - MainProcess[log-interceptor-2134438968]- selenium_firefox     - DEBUG   : BROWSER 2134438968: driver: failed to download CRLite filter
2026-06-19 01:41:56,289 - MainProcess[log-interceptor-2134438968]- selenium_firefox     - DEBUG   : BROWSER 2134438968: driver: Object
2026-06-19 01:41:56,290 - MainProcess[log-interceptor-2134438968]- selenium_firefox     - DEBUG   : BROWSER 2134438968: driver: - prototype Object
2026-06-19 01:41:56,290 - MainProcess[log-interceptor-2134438968]- selenium_firefox     - DEBUG   : BROWSER 2134438968: driver: - columnNumber = 11
2026-06-19 01:41:56,291 - MainProcess[log-interceptor-2134438968]- selenium_firefox     - DEBUG   : BROWSER 2134438968: driver: - data = null
2026-06-19 01:41:56,292 - MainProcess[log-interceptor-2134438968]- selenium_firefox     - DEBUG   : BROWSER 2134438968: driver: - filename = resource://gre/modules/ServiceRequest.sys.mjs
2026-06-19 01:41:56,294 - MainProcess[log-interceptor-2134438968]- selenium_firefox     - DEBUG   : BROWSER 2134438968: driver: - lineNumber = 126
2026-06-19 01:41:56,294 - MainProcess[log-interceptor-2134438968]- selenium_firefox     - DEBUG   : BROWSER 2134438968: driver: - location = {"name":"open","filename":"resource://gre/modules/ServiceRequest.sys.mjs","sourceId":25,"lineNumber":126,"columnNumber":11,"asyncCause":null,"asyncCaller":null,"caller":{"filename":"resource://services-settings/Utils.sys.mjs","name":"fetch/<","sourceId":24,"lineNumber":273,"columnNumber":15,"asyncCause":null,"asyncCaller":null,"caller":{"filename":"resource://services-settings/Utils.sys.mjs","name":"fetch","sourceId":24,"lineNumber":224,"columnNumber":12,"asyncCause":null,"asyncCaller":null,"caller":{"filename":"resource://services-settings/Attachments.sys.mjs","name":"_fetchAttachment","sourceId":23,"lineNumber":560,"columnNumber":35,"asyncCause":null,"asyncCaller":null,"caller":{"filename":"resource://services-settings/Attachments.sys.mjs","name":"downloadAsBytes","sourceId":23,"lineNumber":537,"columnNumber":35,"asyncCause":null,"asyncCaller":null,"caller":{"filename":"resource://gre/modules/AsyncShutdown.sys.mjs","name":"observe","sourceId":15,"lineNumber":570,"columnNumber":17,"asyncCause":null,"asyncCaller":null,"caller":null,"formattedStack":"observe@resource://gre/modules/AsyncShutdown.sys.mjs:570:17\n","nativeSavedFrame":{}},"formattedStack":"downloadAsBytes@resource://services-settings/Attachments.sys.mjs:537:35\nobserve@resource://gre/modules/AsyncShutdown.sys.mjs:570:17\n","nativeSavedFrame":{}},"formattedStack":"_fetchAttachment@resource://services-settings/Attachments.sys.mjs:560:35\ndownloadAsBytes@resource://services-settings/Attachments.sys.mjs:537:35\nobserve@resource://gre/modules/AsyncShutdown.sys.mjs:570:17\n","nativeSavedFrame":{}},"formattedStack":"fetch@resource://services-settings/Utils.sys.mjs:224:12\n_fetchAttachment@resource://services-settings/Attachments.sys.mjs:560:35\ndownloadAsBytes@resource://services-settings/Attachments.sys.mjs:537:35\nobserve@resource://gre/modules/AsyncShutdown.sys.mjs:570:17\n","nativeSavedFrame":{}},"formattedStack":"fetch/<@resource://services-settings/Utils.sys.mjs:273:15\nfetch@resource://services-settings/Utils.sys.mjs:224:12\n_fetchAttachment@resource://services-settings/Attachments.sys.mjs:560:35\ndownloadAsBytes@resource://services-settings/Attachments.sys.mjs:537:35\nobserve@resource://gre/modules/AsyncShutdown.sys.mjs:570:17\n","nativeSavedFrame":{}},"formattedStack":"open@resource://gre/modules/ServiceRequest.sys.mjs:126:11\nfetch/<@resource://services-settings/Utils.sys.mjs:273:15\nfetch@resource://services-settings/Utils.sys.mjs:224:12\n_fetchAttachment@resource://services-settings/Attachments.sys.mjs:560:35\ndownloadAsBytes@resource://services-settings/Attachments.sys.mjs:537:35\nobserve@resource://gre/modules/AsyncShutdown.sys.mjs:570:17\n","nativeSavedFrame":{}}
2026-06-19 01:41:56,294 - MainProcess[log-interceptor-2134438968]- selenium_firefox     - DEBUG   : BROWSER 2134438968: driver: - message =
2026-06-19 01:41:56,295 - MainProcess[log-interceptor-2134438968]- selenium_firefox     - DEBUG   : BROWSER 2134438968: driver: - name =
2026-06-19 01:41:56,295 - MainProcess[log-interceptor-2134438968]- selenium_firefox     - DEBUG   : BROWSER 2134438968: driver: - result = 2152071198
2026-06-19 01:41:56,295 - MainProcess[log-interceptor-2134438968]- selenium_firefox     - DEBUG   : BROWSER 2134438968: driver: - stack = open@resource://gre/modules/ServiceRequest.sys.mjs:126:11|fetch/<@resource://services-settings/Utils.sys.mjs:273:15|fetch@resource://services-settings/Utils.sys.mjs:224:12|_fetchAttachment@resource://services-settings/Attachments.sys.mjs:560:35|downloadAsBytes@resource://services-settings/Attachments.sys.mjs:537:35|observe@resource://gre/modules/AsyncShutdown.sys.mjs:570:17|
2026-06-19 01:41:56,296 - MainProcess[log-interceptor-2134438968]- selenium_firefox     - DEBUG   : BROWSER 2134438968: driver: - prototype Object
2026-06-19 01:41:56,296 - MainProcess[log-interceptor-2134438968]- selenium_firefox     - DEBUG   : BROWSER 2134438968: driver: console.error: RemoteSecuritySettings:
2026-06-19 01:41:56,296 - MainProcess[log-interceptor-2134438968]- selenium_firefox     - DEBUG   : BROWSER 2134438968: driver: failed to download CRLite filter
2026-06-19 01:41:56,298 - MainProcess[log-interceptor-2134438968]- selenium_firefox     - DEBUG   : BROWSER 2134438968: driver: Object
2026-06-19 01:41:56,299 - MainProcess[log-interceptor-2134438968]- selenium_firefox     - DEBUG   : BROWSER 2134438968: driver: - prototype Object
2026-06-19 01:41:56,299 - MainProcess[log-interceptor-2134438968]- selenium_firefox     - DEBUG   : BROWSER 2134438968: driver: - columnNumber = 11
2026-06-19 01:41:56,299 - MainProcess[log-interceptor-2134438968]- selenium_firefox     - DEBUG   : BROWSER 2134438968: driver: - data = null
2026-06-19 01:41:56,300 - MainProcess[log-interceptor-2134438968]- selenium_firefox     - DEBUG   : BROWSER 2134438968: driver: - filename = resource://gre/modules/ServiceRequest.sys.mjs
2026-06-19 01:41:56,300 - MainProcess[log-interceptor-2134438968]- selenium_firefox     - DEBUG   : BROWSER 2134438968: driver: - lineNumber = 126
2026-06-19 01:41:56,301 - MainProcess[log-interceptor-2134438968]- selenium_firefox     - DEBUG   : BROWSER 2134438968: driver: - location = {"name":"open","filename":"resource://gre/modules/ServiceRequest.sys.mjs","sourceId":25,"lineNumber":126,"columnNumber":11,"asyncCause":null,"asyncCaller":null,"caller":{"filename":"resource://services-settings/Utils.sys.mjs","name":"fetch/<","sourceId":24,"lineNumber":273,"columnNumber":15,"asyncCause":null,"asyncCaller":null,"caller":{"filename":"resource://services-settings/Utils.sys.mjs","name":"fetch","sourceId":24,"lineNumber":224,"columnNumber":12,"asyncCause":null,"asyncCaller":null,"caller":{"filename":"resource://services-settings/Attachments.sys.mjs","name":"_fetchAttachment","sourceId":23,"lineNumber":560,"columnNumber":35,"asyncCause":null,"asyncCaller":null,"caller":{"filename":"resource://services-settings/Attachments.sys.mjs","name":"downloadAsBytes","sourceId":23,"lineNumber":537,"columnNumber":35,"asyncCause":null,"asyncCaller":null,"caller":{"filename":"resource://gre/modules/AsyncShutdown.sys.mjs","name":"observe","sourceId":15,"lineNumber":570,"columnNumber":17,"asyncCause":null,"asyncCaller":null,"caller":null,"formattedStack":"observe@resource://gre/modules/AsyncShutdown.sys.mjs:570:17\n","nativeSavedFrame":{}},"formattedStack":"downloadAsBytes@resource://services-settings/Attachments.sys.mjs:537:35\nobserve@resource://gre/modules/AsyncShutdown.sys.mjs:570:17\n","nativeSavedFrame":{}},"formattedStack":"_fetchAttachment@resource://services-settings/Attachments.sys.mjs:560:35\ndownloadAsBytes@resource://services-settings/Attachments.sys.mjs:537:35\nobserve@resource://gre/modules/AsyncShutdown.sys.mjs:570:17\n","nativeSavedFrame":{}},"formattedStack":"fetch@resource://services-settings/Utils.sys.mjs:224:12\n_fetchAttachment@resource://services-settings/Attachments.sys.mjs:560:35\ndownloadAsBytes@resource://services-settings/Attachments.sys.mjs:537:35\nobserve@resource://gre/modules/AsyncShutdown.sys.mjs:570:17\n","nativeSavedFrame":{}},"formattedStack":"fetch/<@resource://services-settings/Utils.sys.mjs:273:15\nfetch@resource://services-settings/Utils.sys.mjs:224:12\n_fetchAttachment@resource://services-settings/Attachments.sys.mjs:560:35\ndownloadAsBytes@resource://services-settings/Attachments.sys.mjs:537:35\nobserve@resource://gre/modules/AsyncShutdown.sys.mjs:570:17\n","nativeSavedFrame":{}},"formattedStack":"open@resource://gre/modules/ServiceRequest.sys.mjs:126:11\nfetch/<@resource://services-settings/Utils.sys.mjs:273:15\nfetch@resource://services-settings/Utils.sys.mjs:224:12\n_fetchAttachment@resource://services-settings/Attachments.sys.mjs:560:35\ndownloadAsBytes@resource://services-settings/Attachments.sys.mjs:537:35\nobserve@resource://gre/modules/AsyncShutdown.sys.mjs:570:17\n","nativeSavedFrame":{}}
2026-06-19 01:41:56,301 - MainProcess[log-interceptor-2134438968]- selenium_firefox     - DEBUG   : BROWSER 2134438968: driver: - message =
2026-06-19 01:41:56,301 - MainProcess[log-interceptor-2134438968]- selenium_firefox     - DEBUG   : BROWSER 2134438968: driver: - name =
2026-06-19 01:41:56,302 - MainProcess[log-interceptor-2134438968]- selenium_firefox     - DEBUG   : BROWSER 2134438968: driver: - result = 2152071198
2026-06-19 01:41:56,302 - MainProcess[log-interceptor-2134438968]- selenium_firefox     - DEBUG   : BROWSER 2134438968: driver: - stack = open@resource://gre/modules/ServiceRequest.sys.mjs:126:11|fetch/<@resource://services-settings/Utils.sys.mjs:273:15|fetch@resource://services-settings/Utils.sys.mjs:224:12|_fetchAttachment@resource://services-settings/Attachments.sys.mjs:560:35|downloadAsBytes@resource://services-settings/Attachments.sys.mjs:537:35|observe@resource://gre/modules/AsyncShutdown.sys.mjs:570:17|
2026-06-19 01:41:56,302 - MainProcess[log-interceptor-2134438968]- selenium_firefox     - DEBUG   : BROWSER 2134438968: driver: - prototype Object
2026-06-19 01:41:56,303 - MainProcess[log-interceptor-2134438968]- selenium_firefox     - DEBUG   : BROWSER 2134438968: driver: console.error: RemoteSecuritySettings:
2026-06-19 01:41:56,303 - MainProcess[log-interceptor-2134438968]- selenium_firefox     - DEBUG   : BROWSER 2134438968: driver: failed to download CRLite filter
2026-06-19 01:41:56,303 - MainProcess[log-interceptor-2134438968]- selenium_firefox     - DEBUG   : BROWSER 2134438968: driver: Object
2026-06-19 01:41:56,304 - MainProcess[log-interceptor-2134438968]- selenium_firefox     - DEBUG   : BROWSER 2134438968: driver: - prototype Object
2026-06-19 01:41:56,304 - MainProcess[log-interceptor-2134438968]- selenium_firefox     - DEBUG   : BROWSER 2134438968: driver: - columnNumber = 11
2026-06-19 01:41:56,304 - MainProcess[log-interceptor-2134438968]- selenium_firefox     - DEBUG   : BROWSER 2134438968: driver: - data = null
2026-06-19 01:41:56,305 - MainProcess[log-interceptor-2134438968]- selenium_firefox     - DEBUG   : BROWSER 2134438968: driver: - filename = resource://gre/modules/ServiceRequest.sys.mjs
2026-06-19 01:41:56,305 - MainProcess[log-interceptor-2134438968]- selenium_firefox     - DEBUG   : BROWSER 2134438968: driver: - lineNumber = 126
2026-06-19 01:41:56,305 - MainProcess[log-interceptor-2134438968]- selenium_firefox     - DEBUG   : BROWSER 2134438968: driver: - location = {"name":"open","filename":"resource://gre/modules/ServiceRequest.sys.mjs","sourceId":25,"lineNumber":126,"columnNumber":11,"asyncCause":null,"asyncCaller":null,"caller":{"filename":"resource://services-settings/Utils.sys.mjs","name":"fetch/<","sourceId":24,"lineNumber":273,"columnNumber":15,"asyncCause":null,"asyncCaller":null,"caller":{"filename":"resource://services-settings/Utils.sys.mjs","name":"fetch","sourceId":24,"lineNumber":224,"columnNumber":12,"asyncCause":null,"asyncCaller":null,"caller":{"filename":"resource://services-settings/Attachments.sys.mjs","name":"_fetchAttachment","sourceId":23,"lineNumber":560,"columnNumber":35,"asyncCause":null,"asyncCaller":null,"caller":{"filename":"resource://services-settings/Attachments.sys.mjs","name":"downloadAsBytes","sourceId":23,"lineNumber":537,"columnNumber":35,"asyncCause":null,"asyncCaller":null,"caller":{"filename":"resource://gre/modules/AsyncShutdown.sys.mjs","name":"observe","sourceId":15,"lineNumber":570,"columnNumber":17,"asyncCause":null,"asyncCaller":null,"caller":null,"formattedStack":"observe@resource://gre/modules/AsyncShutdown.sys.mjs:570:17\n","nativeSavedFrame":{}},"formattedStack":"downloadAsBytes@resource://services-settings/Attachments.sys.mjs:537:35\nobserve@resource://gre/modules/AsyncShutdown.sys.mjs:570:17\n","nativeSavedFrame":{}},"formattedStack":"_fetchAttachment@resource://services-settings/Attachments.sys.mjs:560:35\ndownloadAsBytes@resource://services-settings/Attachments.sys.mjs:537:35\nobserve@resource://gre/modules/AsyncShutdown.sys.mjs:570:17\n","nativeSavedFrame":{}},"formattedStack":"fetch@resource://services-settings/Utils.sys.mjs:224:12\n_fetchAttachment@resource://services-settings/Attachments.sys.mjs:560:35\ndownloadAsBytes@resource://services-settings/Attachments.sys.mjs:537:35\nobserve@resource://gre/modules/AsyncShutdown.sys.mjs:570:17\n","nativeSavedFrame":{}},"formattedStack":"fetch/<@resource://services-settings/Utils.sys.mjs:273:15\nfetch@resource://services-settings/Utils.sys.mjs:224:12\n_fetchAttachment@resource://services-settings/Attachments.sys.mjs:560:35\ndownloadAsBytes@resource://services-settings/Attachments.sys.mjs:537:35\nobserve@resource://gre/modules/AsyncShutdown.sys.mjs:570:17\n","nativeSavedFrame":{}},"formattedStack":"open@resource://gre/modules/ServiceRequest.sys.mjs:126:11\nfetch/<@resource://services-settings/Utils.sys.mjs:273:15\nfetch@resource://services-settings/Utils.sys.mjs:224:12\n_fetchAttachment@resource://services-settings/Attachments.sys.mjs:560:35\ndownloadAsBytes@resource://services-settings/Attachments.sys.mjs:537:35\nobserve@resource://gre/modules/AsyncShutdown.sys.mjs:570:17\n","nativeSavedFrame":{}}
2026-06-19 01:41:56,306 - MainProcess[log-interceptor-2134438968]- selenium_firefox     - DEBUG   : BROWSER 2134438968: driver: - message =
2026-06-19 01:41:56,306 - MainProcess[log-interceptor-2134438968]- selenium_firefox     - DEBUG   : BROWSER 2134438968: driver: - name =
2026-06-19 01:41:56,306 - MainProcess[log-interceptor-2134438968]- selenium_firefox     - DEBUG   : BROWSER 2134438968: driver: - result = 2152071198
2026-06-19 01:41:56,307 - MainProcess[log-interceptor-2134438968]- selenium_firefox     - DEBUG   : BROWSER 2134438968: driver: - stack = open@resource://gre/modules/ServiceRequest.sys.mjs:126:11|fetch/<@resource://services-settings/Utils.sys.mjs:273:15|fetch@resource://services-settings/Utils.sys.mjs:224:12|_fetchAttachment@resource://services-settings/Attachments.sys.mjs:560:35|downloadAsBytes@resource://services-settings/Attachments.sys.mjs:537:35|observe@resource://gre/modules/AsyncShutdown.sys.mjs:570:17|
2026-06-19 01:41:56,307 - MainProcess[log-interceptor-2134438968]- selenium_firefox     - DEBUG   : BROWSER 2134438968: driver: - prototype Object
2026-06-19 01:41:56,308 - MainProcess[log-interceptor-2134438968]- selenium_firefox     - DEBUG   : BROWSER 2134438968: driver: console.error: RemoteSecuritySettings:
2026-06-19 01:41:56,308 - MainProcess[log-interceptor-2134438968]- selenium_firefox     - DEBUG   : BROWSER 2134438968: driver: failed to download CRLite filter
2026-06-19 01:41:56,308 - MainProcess[log-interceptor-2134438968]- selenium_firefox     - DEBUG   : BROWSER 2134438968: driver: Object
2026-06-19 01:41:56,309 - MainProcess[log-interceptor-2134438968]- selenium_firefox     - DEBUG   : BROWSER 2134438968: driver: - prototype Object
2026-06-19 01:41:56,309 - MainProcess[log-interceptor-2134438968]- selenium_firefox     - DEBUG   : BROWSER 2134438968: driver: - columnNumber = 11
2026-06-19 01:41:56,309 - MainProcess[log-interceptor-2134438968]- selenium_firefox     - DEBUG   : BROWSER 2134438968: driver: - data = null
2026-06-19 01:41:56,310 - MainProcess[log-interceptor-2134438968]- selenium_firefox     - DEBUG   : BROWSER 2134438968: driver: - filename = resource://gre/modules/ServiceRequest.sys.mjs
2026-06-19 01:41:56,310 - MainProcess[log-interceptor-2134438968]- selenium_firefox     - DEBUG   : BROWSER 2134438968: driver: - lineNumber = 126
2026-06-19 01:41:56,311 - MainProcess[log-interceptor-2134438968]- selenium_firefox     - DEBUG   : BROWSER 2134438968: driver: - location = {"name":"open","filename":"resource://gre/modules/ServiceRequest.sys.mjs","sourceId":25,"lineNumber":126,"columnNumber":11,"asyncCause":null,"asyncCaller":null,"caller":{"filename":"resource://services-settings/Utils.sys.mjs","name":"fetch/<","sourceId":24,"lineNumber":273,"columnNumber":15,"asyncCause":null,"asyncCaller":null,"caller":{"filename":"resource://services-settings/Utils.sys.mjs","name":"fetch","sourceId":24,"lineNumber":224,"columnNumber":12,"asyncCause":null,"asyncCaller":null,"caller":{"filename":"resource://services-settings/Attachments.sys.mjs","name":"_fetchAttachment","sourceId":23,"lineNumber":560,"columnNumber":35,"asyncCause":null,"asyncCaller":null,"caller":{"filename":"resource://services-settings/Attachments.sys.mjs","name":"downloadAsBytes","sourceId":23,"lineNumber":537,"columnNumber":35,"asyncCause":null,"asyncCaller":null,"caller":{"filename":"resource://gre/modules/AsyncShutdown.sys.mjs","name":"observe","sourceId":15,"lineNumber":570,"columnNumber":17,"asyncCause":null,"asyncCaller":null,"caller":null,"formattedStack":"observe@resource://gre/modules/AsyncShutdown.sys.mjs:570:17\n","nativeSavedFrame":{}},"formattedStack":"downloadAsBytes@resource://services-settings/Attachments.sys.mjs:537:35\nobserve@resource://gre/modules/AsyncShutdown.sys.mjs:570:17\n","nativeSavedFrame":{}},"formattedStack":"_fetchAttachment@resource://services-settings/Attachments.sys.mjs:560:35\ndownloadAsBytes@resource://services-settings/Attachments.sys.mjs:537:35\nobserve@resource://gre/modules/AsyncShutdown.sys.mjs:570:17\n","nativeSavedFrame":{}},"formattedStack":"fetch@resource://services-settings/Utils.sys.mjs:224:12\n_fetchAttachment@resource://services-settings/Attachments.sys.mjs:560:35\ndownloadAsBytes@resource://services-settings/Attachments.sys.mjs:537:35\nobserve@resource://gre/modules/AsyncShutdown.sys.mjs:570:17\n","nativeSavedFrame":{}},"formattedStack":"fetch/<@resource://services-settings/Utils.sys.mjs:273:15\nfetch@resource://services-settings/Utils.sys.mjs:224:12\n_fetchAttachment@resource://services-settings/Attachments.sys.mjs:560:35\ndownloadAsBytes@resource://services-settings/Attachments.sys.mjs:537:35\nobserve@resource://gre/modules/AsyncShutdown.sys.mjs:570:17\n","nativeSavedFrame":{}},"formattedStack":"open@resource://gre/modules/ServiceRequest.sys.mjs:126:11\nfetch/<@resource://services-settings/Utils.sys.mjs:273:15\nfetch@resource://services-settings/Utils.sys.mjs:224:12\n_fetchAttachment@resource://services-settings/Attachments.sys.mjs:560:35\ndownloadAsBytes@resource://services-settings/Attachments.sys.mjs:537:35\nobserve@resource://gre/modules/AsyncShutdown.sys.mjs:570:17\n","nativeSavedFrame":{}}
2026-06-19 01:41:56,312 - MainProcess[log-interceptor-2134438968]- selenium_firefox     - DEBUG   : BROWSER 2134438968: driver: - message =
2026-06-19 01:41:56,312 - MainProcess[log-interceptor-2134438968]- selenium_firefox     - DEBUG   : BROWSER 2134438968: driver: - name =
2026-06-19 01:41:56,313 - MainProcess[log-interceptor-2134438968]- selenium_firefox     - DEBUG   : BROWSER 2134438968: driver: - result = 2152071198
2026-06-19 01:41:56,313 - MainProcess[log-interceptor-2134438968]- selenium_firefox     - DEBUG   : BROWSER 2134438968: driver: - stack = open@resource://gre/modules/ServiceRequest.sys.mjs:126:11|fetch/<@resource://services-settings/Utils.sys.mjs:273:15|fetch@resource://services-settings/Utils.sys.mjs:224:12|_fetchAttachment@resource://services-settings/Attachments.sys.mjs:560:35|downloadAsBytes@resource://services-settings/Attachments.sys.mjs:537:35|observe@resource://gre/modules/AsyncShutdown.sys.mjs:570:17|
2026-06-19 01:41:56,313 - MainProcess[log-interceptor-2134438968]- selenium_firefox     - DEBUG   : BROWSER 2134438968: driver: - prototype Object
2026-06-19 01:41:56,314 - MainProcess[log-interceptor-2134438968]- selenium_firefox     - DEBUG   : BROWSER 2134438968: driver: console.error: RemoteSecuritySettings:
2026-06-19 01:41:56,314 - MainProcess[log-interceptor-2134438968]- selenium_firefox     - DEBUG   : BROWSER 2134438968: driver: failed to download CRLite filter
2026-06-19 01:41:56,314 - MainProcess[log-interceptor-2134438968]- selenium_firefox     - DEBUG   : BROWSER 2134438968: driver: Object
2026-06-19 01:41:56,315 - MainProcess[log-interceptor-2134438968]- selenium_firefox     - DEBUG   : BROWSER 2134438968: driver: - prototype Object
2026-06-19 01:41:56,315 - MainProcess[log-interceptor-2134438968]- selenium_firefox     - DEBUG   : BROWSER 2134438968: driver: - columnNumber = 11
2026-06-19 01:41:56,316 - MainProcess[log-interceptor-2134438968]- selenium_firefox     - DEBUG   : BROWSER 2134438968: driver: - data = null
2026-06-19 01:41:56,316 - MainProcess[log-interceptor-2134438968]- selenium_firefox     - DEBUG   : BROWSER 2134438968: driver: - filename = resource://gre/modules/ServiceRequest.sys.mjs
2026-06-19 01:41:56,317 - MainProcess[log-interceptor-2134438968]- selenium_firefox     - DEBUG   : BROWSER 2134438968: driver: - lineNumber = 126
2026-06-19 01:41:56,317 - MainProcess[log-interceptor-2134438968]- selenium_firefox     - DEBUG   : BROWSER 2134438968: driver: - location = {"name":"open","filename":"resource://gre/modules/ServiceRequest.sys.mjs","sourceId":25,"lineNumber":126,"columnNumber":11,"asyncCause":null,"asyncCaller":null,"caller":{"filename":"resource://services-settings/Utils.sys.mjs","name":"fetch/<","sourceId":24,"lineNumber":273,"columnNumber":15,"asyncCause":null,"asyncCaller":null,"caller":{"filename":"resource://services-settings/Utils.sys.mjs","name":"fetch","sourceId":24,"lineNumber":224,"columnNumber":12,"asyncCause":null,"asyncCaller":null,"caller":{"filename":"resource://services-settings/Attachments.sys.mjs","name":"_fetchAttachment","sourceId":23,"lineNumber":560,"columnNumber":35,"asyncCause":null,"asyncCaller":null,"caller":{"filename":"resource://services-settings/Attachments.sys.mjs","name":"downloadAsBytes","sourceId":23,"lineNumber":537,"columnNumber":35,"asyncCause":null,"asyncCaller":null,"caller":{"filename":"resource://gre/modules/AsyncShutdown.sys.mjs","name":"observe","sourceId":15,"lineNumber":570,"columnNumber":17,"asyncCause":null,"asyncCaller":null,"caller":null,"formattedStack":"observe@resource://gre/modules/AsyncShutdown.sys.mjs:570:17\n","nativeSavedFrame":{}},"formattedStack":"downloadAsBytes@resource://services-settings/Attachments.sys.mjs:537:35\nobserve@resource://gre/modules/AsyncShutdown.sys.mjs:570:17\n","nativeSavedFrame":{}},"formattedStack":"_fetchAttachment@resource://services-settings/Attachments.sys.mjs:560:35\ndownloadAsBytes@resource://services-settings/Attachments.sys.mjs:537:35\nobserve@resource://gre/modules/AsyncShutdown.sys.mjs:570:17\n","nativeSavedFrame":{}},"formattedStack":"fetch@resource://services-settings/Utils.sys.mjs:224:12\n_fetchAttachment@resource://services-settings/Attachments.sys.mjs:560:35\ndownloadAsBytes@resource://services-settings/Attachments.sys.mjs:537:35\nobserve@resource://gre/modules/AsyncShutdown.sys.mjs:570:17\n","nativeSavedFrame":{}},"formattedStack":"fetch/<@resource://services-settings/Utils.sys.mjs:273:15\nfetch@resource://services-settings/Utils.sys.mjs:224:12\n_fetchAttachment@resource://services-settings/Attachments.sys.mjs:560:35\ndownloadAsBytes@resource://services-settings/Attachments.sys.mjs:537:35\nobserve@resource://gre/modules/AsyncShutdown.sys.mjs:570:17\n","nativeSavedFrame":{}},"formattedStack":"open@resource://gre/modules/ServiceRequest.sys.mjs:126:11\nfetch/<@resource://services-settings/Utils.sys.mjs:273:15\nfetch@resource://services-settings/Utils.sys.mjs:224:12\n_fetchAttachment@resource://services-settings/Attachments.sys.mjs:560:35\ndownloadAsBytes@resource://services-settings/Attachments.sys.mjs:537:35\nobserve@resource://gre/modules/AsyncShutdown.sys.mjs:570:17\n","nativeSavedFrame":{}}
2026-06-19 01:41:56,317 - MainProcess[log-interceptor-2134438968]- selenium_firefox     - DEBUG   : BROWSER 2134438968: driver: - message =
2026-06-19 01:41:56,317 - MainProcess[log-interceptor-2134438968]- selenium_firefox     - DEBUG   : BROWSER 2134438968: driver: - name =
2026-06-19 01:41:56,318 - MainProcess[log-interceptor-2134438968]- selenium_firefox     - DEBUG   : BROWSER 2134438968: driver: - result = 2152071198
2026-06-19 01:41:56,318 - MainProcess[log-interceptor-2134438968]- selenium_firefox     - DEBUG   : BROWSER 2134438968: driver: - stack = open@resource://gre/modules/ServiceRequest.sys.mjs:126:11|fetch/<@resource://services-settings/Utils.sys.mjs:273:15|fetch@resource://services-settings/Utils.sys.mjs:224:12|_fetchAttachment@resource://services-settings/Attachments.sys.mjs:560:35|downloadAsBytes@resource://services-settings/Attachments.sys.mjs:537:35|observe@resource://gre/modules/AsyncShutdown.sys.mjs:570:17|
2026-06-19 01:41:56,318 - MainProcess[log-interceptor-2134438968]- selenium_firefox     - DEBUG   : BROWSER 2134438968: driver: - prototype Object
2026-06-19 01:41:56,480 - MainProcess[log-interceptor-2134438968]- selenium_firefox     - DEBUG   : BROWSER 2134438968: driver: console.error: URLBar - QuickSuggest.SuggestBackendRust: "Ingest error" ({type:"Mdn", error:(new Error("reason: Error from Remote Settings: Remote settings error: Error sending request: [no-sentry] Backend error: Request destroyed without completion (0x80004004)", "moz-src:///toolkit/components/uniffi-bindgen-gecko-js/components/generated/RustSuggest.sys.mjs", 3593)), reason:"Error from Remote Settings: Remote settings error: Error sending request: [no-sentry] Backend error: Request destroyed without completion (0x80004004)"})
2026-06-19 01:41:56,622 - MainProcess[MainThread]- browser_manager      - DEBUG   : BROWSER 2134438968: Browser manager closed successfully.
2026-06-19 01:41:56,622 - MainProcess[MainThread]- browser_manager      - DEBUG   : BROWSER 2134438968: during_init=False | profile_archive_dir=None
2026-06-19 01:41:56,690 - MainProcess[MainThread]- storage_controller   - DEBUG   : Sending the shutdown signal to the Storage Controller...
2026-06-19 01:41:56,695 - MainProcess[MainThread]- storage_controller   - INFO    : Terminating handler for TaskManager, because the underlying socket closed
2026-06-19 01:42:00,767 - MainProcess[MainThread]- storage_controller   - INFO    : Received shutdown signal!
2026-06-19 01:42:00,767 - MainProcess[MainThread]- storage_controller   - INFO    : Closing Server
2026-06-19 01:42:00,768 - MainProcess[MainThread]- storage_controller   - INFO    : Closed Server
2026-06-19 01:42:00,768 - MainProcess[MainThread]- storage_controller   - INFO    : Cancelling status_queue_update
2026-06-19 01:42:00,769 - MainProcess[MainThread]- storage_controller   - INFO    : Cancelled status_queue_update
2026-06-19 01:42:00,769 - MainProcess[MainThread]- storage_controller   - INFO    : Cancelling timeout_check
2026-06-19 01:42:00,770 - MainProcess[MainThread]- storage_controller   - INFO    : Cancelled timeout_check
2026-06-19 01:42:00,770 - MainProcess[MainThread]- storage_controller   - INFO    : Starting wait_closed
2026-06-19 01:42:00,771 - MainProcess[MainThread]- storage_controller   - INFO    : Completed wait_closed
2026-06-19 01:42:00,771 - MainProcess[MainThread]- storage_controller   - INFO    : Entering self.shutdown
2026-06-19 01:42:00,787 - MainProcess[MainThread]- storage_controller   - INFO    : structured_storage is shut down
2026-06-19 01:42:00,838 - MainProcess[MainThread]- storage_controller   - DEBUG   : StorageControllerHandle took 4.14687967300415 seconds to close.
