2026-06-19 13:17:26,090 - MainProcess[MainThread]- browser_manager      - INFO    : BROWSER 1492210741: Launching browser...
2026-06-19 13:17:26,094 - MainProcess[MainThread]- browser_manager      - DEBUG   : BROWSER 1492210741: Spawn attempt 0 
2026-06-19 13:17:26,095 - MainProcess[MainThread]- storage_controller   - INFO    : Initializing new handler for TaskManager
2026-06-19 13:17:26,122 - MainProcess[MainThread]- deploy_firefox       - DEBUG   : BROWSER 1492210741: Saved extension config file to: /tmp/firefox_profile__70z0nl7/browser_params.json
2026-06-19 13:17:26,143 - MainProcess[log-interceptor-1492210741]- selenium_firefox     - DEBUG   : BROWSER 1492210741: driver: 1781867846143	geckodriver	INFO	Listening on 127.0.0.1:37059
2026-06-19 13:17:26,186 - MainProcess[log-interceptor-1492210741]- selenium_firefox     - DEBUG   : BROWSER 1492210741: driver: 1781867846185	mozrunner::runner	INFO	Running command: MOZ_CRASHREPORTER="1" MOZ_CRASHREPORTER_NO_REPORT="1" MOZ_CRASHREPORTER_SHUTDOWN="1" "/home/pedro/Escritorio ...  "--headless" "--width=1366" "--height=768" "--remote-debugging-port" "43937" "--remote-allow-hosts" "localhost" "-no-remote"
2026-06-19 13:17:26,247 - MainProcess[log-interceptor-1492210741]- selenium_firefox     - DEBUG   : BROWSER 1492210741: driver: *** You are running in headless mode.
2026-06-19 13:17:26,459 - MainProcess[log-interceptor-1492210741]- selenium_firefox     - DEBUG   : BROWSER 1492210741: driver: console.warn: services.settings: Ignoring preference override of remote settings server
2026-06-19 13:17:26,459 - MainProcess[log-interceptor-1492210741]- selenium_firefox     - DEBUG   : BROWSER 1492210741: driver: console.warn: services.settings: Allow by setting MOZ_REMOTE_SETTINGS_DEVTOOLS=1 in the environment
2026-06-19 13:17:27,098 - MainProcess[log-interceptor-1492210741]- selenium_firefox     - DEBUG   : BROWSER 1492210741: driver: 1781867847098	Marionette	INFO	Marionette enabled
2026-06-19 13:17:27,324 - MainProcess[log-interceptor-1492210741]- selenium_firefox     - DEBUG   : BROWSER 1492210741: driver: console.error: "Warning: unrecognized command line flag" "-width"
2026-06-19 13:17:27,325 - MainProcess[log-interceptor-1492210741]- selenium_firefox     - DEBUG   : BROWSER 1492210741: driver: console.error: "Warning: unrecognized command line flag" "-height"
2026-06-19 13:17:27,372 - MainProcess[log-interceptor-1492210741]- selenium_firefox     - DEBUG   : BROWSER 1492210741: driver: 1781867847372	Marionette	INFO	Listening on port 24703
2026-06-19 13:17:27,394 - MainProcess[log-interceptor-1492210741]- selenium_firefox     - DEBUG   : BROWSER 1492210741: driver: Read port: 24703
2026-06-19 13:17:27,397 - MainProcess[log-interceptor-1492210741]- selenium_firefox     - DEBUG   : BROWSER 1492210741: driver: WebDriver BiDi listening on ws://127.0.0.1:43937
2026-06-19 13:17:27,457 - MainProcess[log-interceptor-1492210741]- selenium_firefox     - DEBUG   : BROWSER 1492210741: driver: 1781867847457	RemoteAgent	WARN	TLS certificate errors will be ignored for this session
2026-06-19 13:17:29,716 - MainProcess[MainThread]- deploy_firefox       - DEBUG   : BROWSER 1492210741: OpenWPM Firefox extension loaded
2026-06-19 13:17:29,721 - MainProcess[MainThread]- browser_manager      - DEBUG   : BROWSER 1492210741: Looking for extension port information in /tmp/firefox_profile__70z0nl7
2026-06-19 13:17:29,726 - MainProcess[MainThread]- storage_controller   - INFO    : Initializing new handler for Browser-1492210741
2026-06-19 13:17:29,728 - MainProcess[log-interceptor-1492210741]- selenium_firefox     - DEBUG   : BROWSER 1492210741: driver: console.log: WebExtensions: Wrote to /tmp/firefox_profile__70z0nl7/extension_port.txt
2026-06-19 13:17:29,729 - MainProcess[Thread-1 (_start_listener)]- FirefoxExtension     - DEBUG   : Navigation instrumentation enabled
2026-06-19 13:17:29,732 - MainProcess[Thread-1 (_start_listener)]- FirefoxExtension     - DEBUG   : Cookie instrumentation enabled
2026-06-19 13:17:29,735 - MainProcess[Thread-1 (_start_listener)]- FirefoxExtension     - DEBUG   : Javascript instrumentation enabled
2026-06-19 13:17:29,751 - MainProcess[Thread-1 (_start_listener)]- FirefoxExtension     - DEBUG   : HTTP Instrumentation enabled
2026-06-19 13:17:29,755 - MainProcess[Thread-1 (_start_listener)]- FirefoxExtension     - DEBUG   : DNS instrumentation enabled
2026-06-19 13:17:29,756 - MainProcess[log-interceptor-1492210741]- selenium_firefox     - DEBUG   : BROWSER 1492210741: driver: console.log: WebExtensions: Wrote to /tmp/firefox_profile__70z0nl7/OPENWPM_STARTUP_SUCCESS.txt
2026-06-19 13:17:29,822 - MainProcess[MainThread]- browser_manager      - DEBUG   : BROWSER 1492210741: Connecting to extension on port 30535
2026-06-19 13:17:29,822 - MainProcess[MainThread]- browser_manager      - DEBUG   : BROWSER 1492210741: BrowserManager ready.
2026-06-19 13:17:29,823 - MainProcess[MainThread]- browser_manager      - DEBUG   : BROWSER 1492210741: Browser spawn successful!
2026-06-19 13:17:29,898 - MainProcess[MainThread]- storage_controller   - INFO    : Initializing new handler for StorageControllerHandle
2026-06-19 13:17:29,901 - MainProcess[MainThread]- storage_controller   - INFO    : Awaiting all tasks for visit_id -1
2026-06-19 13:17:29,912 - MainProcess[MainThread]- storage_controller   - DEBUG   : Awaited all tasks for visit_id -1 while finalizing
2026-06-19 13:17:29,907 - MainProcess[MainThread]- task_manager         - INFO    : 

OpenWPM Version: b'v0.32.0'
Firefox Version: b'148.0'

========== Manager Configuration ==========
{
  "_failure_limit": null,
  "data_directory": "/home/pedro/Escritorio/UNI/CUARTO/tfg/Herramienta_Priv/output/api_tasks/10c2724413f3/rtve.es_20260619_131722/openwpm",
  "log_path": "/home/pedro/Escritorio/UNI/CUARTO/tfg/Herramienta_Priv/output/api_tasks/10c2724413f3/rtve.es_20260619_131722/openwpm/openwpm.log",
  "logger_address": [
    "127.0.0.1",
    33361
  ],
  "memory_watchdog": false,
  "num_browsers": 1,
  "process_watchdog": false,
  "screenshot_path": "/home/pedro/Escritorio/UNI/CUARTO/tfg/Herramienta_Priv/output/api_tasks/10c2724413f3/rtve.es_20260619_131722/openwpm/screenshots",
  "source_dump_path": "/home/pedro/Escritorio/UNI/CUARTO/tfg/Herramienta_Priv/output/api_tasks/10c2724413f3/rtve.es_20260619_131722/openwpm/sources",
  "storage_controller_address": [
    "127.0.0.1",
    13303
  ],
  "testing": false
}

========== Browser Configuration ==========
Keys:
{
  "browser_id": 0,
  "bot_mitigation": 1,
  "browser": 2,
  "callstack_instrument": 3,
  "cookie_instrument": 4,
  "custom_params": 5,
  "display_mode": 6,
  "dns_instrument": 7,
  "donottrack": 8,
  "http_instrument": 9,
  "js_instrument": 10,
  "js_instrument_settings": 11,
  "maximum_profile_size": 12,
  "navigation_instrument": 13,
  "prefs": 14,
  "profile_path": 15,
  "recovery_tar": 16,
  "save_content": 17,
  "tmp_profile_dir": 18,
  "tp_cookies": 19,
  "tracking_protection": 20
}

         0  1      2        3      4     5    6         7     8      9     10    11                             12    13    14    15    16    17     18    19      20
----------  -----  -------  -----  ----  ---  --------  ----  -----  ----  ----  -----------------------------  ----  ----  ----  ----  ----  -----  ----  ------  -----
1492210741  False  firefox  False  True  {}   headless  True  False  True  True  ['collection_fingerprinting']        True  {}                False  /tmp  always  False

========== JS Instrument Settings ==========
{"1492210741":[{"object":"window['ScriptProcessorNode'].prototype","instrumentedName":"ScriptProcessorNode","logSettings":{"propertiesToInstrument":[],"nonExistingPropertiesToInstrument":[],"excludedProperties":[],"logCallStack":false,"logFunctionsAsStrings":false,"logFunctionGets":false,"preventSets":false,"recursive":false,"depth":5}},{"object":"window['GainNode'].prototype","instrumentedName":"GainNode","logSettings":{"propertiesToInstrument":[],"nonExistingPropertiesToInstrument":[],"excludedProperties":[],"logCallStack":false,"logFunctionsAsStrings":false,"logFunctionGets":false,"preventSets":false,"recursive":false,"depth":5}},{"object":"window['AnalyserNode'].prototype","instrumentedName":"AnalyserNode","logSettings":{"propertiesToInstrument":[],"nonExistingPropertiesToInstrument":[],"excludedProperties":[],"logCallStack":false,"logFunctionsAsStrings":false,"logFunctionGets":false,"preventSets":false,"recursive":false,"depth":5}},{"object":"window['OscillatorNode'].prototype","instrumentedName":"OscillatorNode","logSettings":{"propertiesToInstrument":[],"nonExistingPropertiesToInstrument":[],"excludedProperties":[],"logCallStack":false,"logFunctionsAsStrings":false,"logFunctionGets":false,"preventSets":false,"recursive":false,"depth":5}},{"object":"window['OfflineAudioContext'].prototype","instrumentedName":"OfflineAudioContext","logSettings":{"propertiesToInstrument":[],"nonExistingPropertiesToInstrument":[],"excludedProperties":[],"logCallStack":false,"logFunctionsAsStrings":false,"logFunctionGets":false,"preventSets":false,"recursive":false,"depth":5}},{"object":"window['AudioContext'].prototype","instrumentedName":"AudioContext","logSettings":{"propertiesToInstrument":[],"nonExistingPropertiesToInstrument":[],"excludedProperties":[],"logCallStack":false,"logFunctionsAsStrings":false,"logFunctionGets":false,"preventSets":false,"recursive":false,"depth":5}},{"object":"window['RTCPeerConnection'].prototype","instrumentedName":"RTCPeerConnection","logSettings":{"propertiesToInstrument":[],"nonExistingPropertiesToInstrument":[],"excludedProperties":[],"logCallStack":false,"logFunctionsAsStrings":false,"logFunctionGets":false,"preventSets":false,"recursive":false,"depth":5}},{"object":"window['HTMLCanvasElement'].prototype","instrumentedName":"HTMLCanvasElement","logSettings":{"propertiesToInstrument":[],"nonExistingPropertiesToInstrument":[],"excludedProperties":[],"logCallStack":false,"logFunctionsAsStrings":false,"logFunctionGets":false,"preventSets":false,"recursive":false,"depth":5}},{"object":"window['Storage'].prototype","instrumentedName":"Storage","logSettings":{"propertiesToInstrument":[],"nonExistingPropertiesToInstrument":[],"excludedProperties":[],"logCallStack":false,"logFunctionsAsStrings":false,"logFunctionGets":false,"preventSets":false,"recursive":false,"depth":5}},{"object":"window.navigator","instrumentedName":"window.navigator","logSettings":{"propertiesToInstrument":[],"nonExistingPropertiesToInstrument":[],"excludedProperties":[],"logCallStack":false,"logFunctionsAsStrings":false,"logFunctionGets":false,"preventSets":false,"recursive":false,"depth":5}},{"object":"window['CanvasRenderingContext2D'].prototype","instrumentedName":"CanvasRenderingContext2D","logSettings":{"propertiesToInstrument":[],"nonExistingPropertiesToInstrument":[],"excludedProperties":["moveTo","setTransform","globalAlpha","drawImage","transform","clearRect","canvas","quadraticCurveTo","translate","closePath","beginPath","lineTo"],"logCallStack":false,"logFunctionsAsStrings":false,"logFunctionGets":false,"preventSets":false,"recursive":false,"depth":5}},{"object":"window","instrumentedName":"window","logSettings":{"propertiesToInstrument":["sessionStorage","name","localStorage"],"nonExistingPropertiesToInstrument":[],"excludedProperties":[],"logCallStack":false,"logFunctionsAsStrings":false,"logFunctionGets":false,"preventSets":false,"recursive":false,"depth":5}},{"object":"window.document","instrumentedName":"window.document","logSettings":{"propertiesToInstrument":["referrer","cookie"],"nonExistingPropertiesToInstrument":[],"excludedProperties":[],"logCallStack":true,"logFunctionsAsStrings":false,"logFunctionGets":false,"preventSets":false,"recursive":false,"depth":5}},{"object":"window.screen","instrumentedName":"window.screen","logSettings":{"propertiesToInstrument":["pixelDepth","colorDepth"],"nonExistingPropertiesToInstrument":[],"excludedProperties":[],"logCallStack":false,"logFunctionsAsStrings":false,"logFunctionGets":false,"preventSets":false,"recursive":false,"depth":5}}]}

========== Input profile tar files ==========
  No profile tar files specified

========== Output (archive) profile dirs ==========
  No profile archive directories specified


2026-06-19 13:17:29,933 - MainProcess[MainThread]- storage_controller   - INFO    : Terminating handler for StorageControllerHandle, because the underlying socket closed
2026-06-19 13:17:31,098 - MainProcess[MainThread]- storage_controller   - DEBUG   : StorageController status: There are currently 0 scheduled tasks for 0 visit_ids
2026-06-19 13:17:31,102 - MainProcess[MainThread]- task_manager         - DEBUG   : Checking command failure status indicator...
2026-06-19 13:17:31,105 - MainProcess[BrowserManagerHandle-1492210741]- browser_manager      - INFO    : Starting to work on CommandSequence with visit_id 5872390853920714 on browser with id 1492210741
2026-06-19 13:17:31,112 - MainProcess[MainThread]- browser_manager      - INFO    : BROWSER 1492210741: EXECUTING COMMAND: InitializeCommand()
2026-06-19 13:17:31,117 - MainProcess[MainThread]- browser_manager      - INFO    : BROWSER 1492210741: EXECUTING COMMAND: GetCommand(https://www.rtve.es,15)
2026-06-19 13:17:31,140 - MainProcess[Thread-1 (_start_listener)]- FirefoxExtension     - DEBUG   : Setting visit_id the legacy way
2026-06-19 13:17:36,102 - MainProcess[MainThread]- storage_controller   - DEBUG   : StorageController status: There are currently 0 scheduled tasks for 1 visit_ids
2026-06-19 13:17:41,108 - MainProcess[MainThread]- storage_controller   - DEBUG   : StorageController status: There are currently 0 scheduled tasks for 1 visit_ids
2026-06-19 13:17:42,211 - MainProcess[log-interceptor-1492210741]- selenium_firefox     - DEBUG   : BROWSER 1492210741: driver: JavaScript warning: https://ajax.googleapis.com/ajax/libs/jquery/2.0.0/jquery.min.js, line 2: Using //@ to indicate sourceMappingURL pragmas is deprecated. Use //# instead
2026-06-19 13:17:46,115 - MainProcess[MainThread]- storage_controller   - DEBUG   : StorageController status: There are currently 0 scheduled tasks for 1 visit_ids
2026-06-19 13:17:51,118 - MainProcess[MainThread]- storage_controller   - DEBUG   : StorageController status: There are currently 0 scheduled tasks for 1 visit_ids
2026-06-19 13:17:56,121 - MainProcess[MainThread]- storage_controller   - DEBUG   : StorageController status: There are currently 0 scheduled tasks for 1 visit_ids
2026-06-19 13:18:01,122 - MainProcess[MainThread]- storage_controller   - DEBUG   : StorageController status: There are currently 0 scheduled tasks for 1 visit_ids
2026-06-19 13:18:02,130 - MainProcess[MainThread]- browser_manager      - INFO    : BROWSER 1492210741: EXECUTING COMMAND: FinalizeCommand(5)
2026-06-19 13:18:02,341 - MainProcess[log-interceptor-1492210741]- selenium_firefox     - DEBUG   : BROWSER 1492210741: driver: JavaScript warning: https://www.googletagmanager.com/gtm.js?id=GTM-XGJJ, line 315: Script terminated by timeout at:
2026-06-19 13:18:02,341 - MainProcess[log-interceptor-1492210741]- selenium_firefox     - DEBUG   : BROWSER 1492210741: driver: Zi@https://www.googletagmanager.com/gtm.js?id=GTM-XGJJ:315:649
2026-06-19 13:18:02,342 - MainProcess[log-interceptor-1492210741]- selenium_firefox     - DEBUG   : BROWSER 1492210741: driver: hm@https://www.googletagmanager.com/gtm.js?id=GTM-XGJJ:362:389
2026-06-19 13:18:02,342 - MainProcess[log-interceptor-1492210741]- selenium_firefox     - DEBUG   : BROWSER 1492210741: driver: im</<@https://www.googletagmanager.com/gtm.js?id=GTM-XGJJ:362:505
2026-06-19 13:18:02,343 - MainProcess[log-interceptor-1492210741]- selenium_firefox     - DEBUG   : BROWSER 1492210741: driver: 
2026-06-19 13:18:02,374 - MainProcess[log-interceptor-1492210741]- selenium_firefox     - DEBUG   : BROWSER 1492210741: driver: JavaScript error: undefined, line 0: Error: Invalid tab ID: 1
2026-06-19 13:18:02,528 - MainProcess[log-interceptor-1492210741]- selenium_firefox     - DEBUG   : BROWSER 1492210741: driver: JavaScript error: undefined, line 0: Error: Invalid tab ID: 1
2026-06-19 13:18:04,535 - MainProcess[log-interceptor-1492210741]- selenium_firefox     - DEBUG   : BROWSER 1492210741: driver: JavaScript error: moz-src:///browser/components/search/SearchOneOffs.sys.mjs, line 392: TypeError: aEngine.getIconURL is not a function
2026-06-19 13:18:06,126 - MainProcess[MainThread]- storage_controller   - DEBUG   : StorageController status: There are currently 0 scheduled tasks for 1 visit_ids
2026-06-19 13:18:07,415 - MainProcess[BrowserManagerHandle-1492210741]- browser_manager      - INFO    : Finished working on CommandSequence with visit_id 5872390853920714 on browser with id 1492210741
2026-06-19 13:18:07,417 - MainProcess[MainThread]- storage_controller   - INFO    : Awaiting all tasks for visit_id 5872390853920714
2026-06-19 13:18:07,418 - MainProcess[MainThread]- storage_controller   - DEBUG   : Awaited all tasks for visit_id 5872390853920714 while finalizing
2026-06-19 13:18:09,416 - MainProcess[MainThread]- browser_manager      - DEBUG   : BROWSER 1492210741: Closing browser manager...
2026-06-19 13:18:09,416 - MainProcess[MainThread]- browser_manager      - DEBUG   : BROWSER 1492210741: Closing browser...
2026-06-19 13:18:09,417 - MainProcess[MainThread]- browser_manager      - DEBUG   : BROWSER 1492210741: Joining command thread
2026-06-19 13:18:09,417 - MainProcess[MainThread]- browser_manager      - DEBUG   : BROWSER 1492210741: 0.000028 seconds to join command thread
2026-06-19 13:18:09,420 - MainProcess[log-interceptor-1492210741]- selenium_firefox     - DEBUG   : BROWSER 1492210741: driver: 1781867889420	Marionette	INFO	Stopped listening on port 24703
2026-06-19 13:18:10,735 - MainProcess[log-interceptor-1492210741]- selenium_firefox     - DEBUG   : BROWSER 1492210741: driver: console.warn: TopSitesFeed: Failed to fetch data from MARS server: NetworkError when attempting to fetch resource.
2026-06-19 13:18:10,769 - MainProcess[MainThread]- storage_controller   - INFO    : Terminating handler for Browser-1492210741, because the underlying socket closed
2026-06-19 13:18:10,769 - MainProcess[log-interceptor-1492210741]- selenium_firefox     - DEBUG   : BROWSER 1492210741: driver: console.error: WebExtensions:
2026-06-19 13:18:10,769 - MainProcess[log-interceptor-1492210741]- selenium_firefox     - DEBUG   : BROWSER 1492210741: driver: Message: [Exception... "Component returned failure code: 0x804b0010 (NS_ERROR_OFFLINE) [nsIInputStream.available]"  nsresult: "0x804b0010 (NS_ERROR_OFFLINE)"  location: "JS frame :: jar:file:///tmp/addon-47dbd43e-b56e-4083-9f2c-6c93c3883f8e.xpi!/privileged/sockets/api.js :: onInputStreamReady :: line 49"  data: no]
2026-06-19 13:18:10,770 - MainProcess[log-interceptor-1492210741]- selenium_firefox     - DEBUG   : BROWSER 1492210741: driver: Stack:
2026-06-19 13:18:10,770 - MainProcess[log-interceptor-1492210741]- selenium_firefox     - DEBUG   : BROWSER 1492210741: driver: onInputStreamReady@jar:file:///tmp/addon-47dbd43e-b56e-4083-9f2c-6c93c3883f8e.xpi!/privileged/sockets/api.js:49:33
2026-06-19 13:18:10,770 - MainProcess[log-interceptor-1492210741]- selenium_firefox     - DEBUG   : BROWSER 1492210741: driver: 
2026-06-19 13:18:10,831 - MainProcess[log-interceptor-1492210741]- selenium_firefox     - DEBUG   : BROWSER 1492210741: driver: console.error: RemoteSecuritySettings:
2026-06-19 13:18:10,832 - MainProcess[log-interceptor-1492210741]- selenium_firefox     - DEBUG   : BROWSER 1492210741: driver: failed to download CRLite filter
2026-06-19 13:18:10,832 - MainProcess[log-interceptor-1492210741]- selenium_firefox     - DEBUG   : BROWSER 1492210741: driver: Object
2026-06-19 13:18:10,832 - MainProcess[log-interceptor-1492210741]- selenium_firefox     - DEBUG   : BROWSER 1492210741: driver: - prototype Object
2026-06-19 13:18:10,832 - MainProcess[log-interceptor-1492210741]- selenium_firefox     - DEBUG   : BROWSER 1492210741: driver: - columnNumber = 11
2026-06-19 13:18:10,833 - MainProcess[log-interceptor-1492210741]- selenium_firefox     - DEBUG   : BROWSER 1492210741: driver: - data = null
2026-06-19 13:18:10,833 - MainProcess[log-interceptor-1492210741]- selenium_firefox     - DEBUG   : BROWSER 1492210741: driver: - filename = resource://gre/modules/ServiceRequest.sys.mjs
2026-06-19 13:18:10,833 - MainProcess[log-interceptor-1492210741]- selenium_firefox     - DEBUG   : BROWSER 1492210741: driver: - lineNumber = 126
2026-06-19 13:18:10,834 - MainProcess[log-interceptor-1492210741]- selenium_firefox     - DEBUG   : BROWSER 1492210741: driver: - location = {"name":"open","filename":"resource://gre/modules/ServiceRequest.sys.mjs","sourceId":25,"lineNumber":126,"columnNumber":11,"asyncCause":null,"asyncCaller":null,"caller":{"filename":"resource://services-settings/Utils.sys.mjs","name":"fetch/<","sourceId":24,"lineNumber":273,"columnNumber":15,"asyncCause":null,"asyncCaller":null,"caller":{"filename":"resource://services-settings/Utils.sys.mjs","name":"fetch","sourceId":24,"lineNumber":224,"columnNumber":12,"asyncCause":null,"asyncCaller":null,"caller":{"filename":"resource://services-settings/Attachments.sys.mjs","name":"_fetchAttachment","sourceId":23,"lineNumber":560,"columnNumber":35,"asyncCause":null,"asyncCaller":null,"caller":{"filename":"resource://services-settings/Attachments.sys.mjs","name":"downloadAsBytes","sourceId":23,"lineNumber":537,"columnNumber":35,"asyncCause":null,"asyncCaller":null,"caller":{"filename":"resource://gre/modules/AsyncShutdown.sys.mjs","name":"observe","sourceId":15,"lineNumber":570,"columnNumber":17,"asyncCause":null,"asyncCaller":null,"caller":null,"formattedStack":"observe@resource://gre/modules/AsyncShutdown.sys.mjs:570:17\n","nativeSavedFrame":{}},"formattedStack":"downloadAsBytes@resource://services-settings/Attachments.sys.mjs:537:35\nobserve@resource://gre/modules/AsyncShutdown.sys.mjs:570:17\n","nativeSavedFrame":{}},"formattedStack":"_fetchAttachment@resource://services-settings/Attachments.sys.mjs:560:35\ndownloadAsBytes@resource://services-settings/Attachments.sys.mjs:537:35\nobserve@resource://gre/modules/AsyncShutdown.sys.mjs:570:17\n","nativeSavedFrame":{}},"formattedStack":"fetch@resource://services-settings/Utils.sys.mjs:224:12\n_fetchAttachment@resource://services-settings/Attachments.sys.mjs:560:35\ndownloadAsBytes@resource://services-settings/Attachments.sys.mjs:537:35\nobserve@resource://gre/modules/AsyncShutdown.sys.mjs:570:17\n","nativeSavedFrame":{}},"formattedStack":"fetch/<@resource://services-settings/Utils.sys.mjs:273:15\nfetch@resource://services-settings/Utils.sys.mjs:224:12\n_fetchAttachment@resource://services-settings/Attachments.sys.mjs:560:35\ndownloadAsBytes@resource://services-settings/Attachments.sys.mjs:537:35\nobserve@resource://gre/modules/AsyncShutdown.sys.mjs:570:17\n","nativeSavedFrame":{}},"formattedStack":"open@resource://gre/modules/ServiceRequest.sys.mjs:126:11\nfetch/<@resource://services-settings/Utils.sys.mjs:273:15\nfetch@resource://services-settings/Utils.sys.mjs:224:12\n_fetchAttachment@resource://services-settings/Attachments.sys.mjs:560:35\ndownloadAsBytes@resource://services-settings/Attachments.sys.mjs:537:35\nobserve@resource://gre/modules/AsyncShutdown.sys.mjs:570:17\n","nativeSavedFrame":{}}
2026-06-19 13:18:10,834 - MainProcess[log-interceptor-1492210741]- selenium_firefox     - DEBUG   : BROWSER 1492210741: driver: - message =
2026-06-19 13:18:10,834 - MainProcess[log-interceptor-1492210741]- selenium_firefox     - DEBUG   : BROWSER 1492210741: driver: - name =
2026-06-19 13:18:10,835 - MainProcess[log-interceptor-1492210741]- selenium_firefox     - DEBUG   : BROWSER 1492210741: driver: - result = 2152071198
2026-06-19 13:18:10,835 - MainProcess[log-interceptor-1492210741]- selenium_firefox     - DEBUG   : BROWSER 1492210741: driver: - stack = open@resource://gre/modules/ServiceRequest.sys.mjs:126:11|fetch/<@resource://services-settings/Utils.sys.mjs:273:15|fetch@resource://services-settings/Utils.sys.mjs:224:12|_fetchAttachment@resource://services-settings/Attachments.sys.mjs:560:35|downloadAsBytes@resource://services-settings/Attachments.sys.mjs:537:35|observe@resource://gre/modules/AsyncShutdown.sys.mjs:570:17|
2026-06-19 13:18:10,835 - MainProcess[log-interceptor-1492210741]- selenium_firefox     - DEBUG   : BROWSER 1492210741: driver: - prototype Object
2026-06-19 13:18:10,836 - MainProcess[log-interceptor-1492210741]- selenium_firefox     - DEBUG   : BROWSER 1492210741: driver: console.error: RemoteSecuritySettings:
2026-06-19 13:18:10,836 - MainProcess[log-interceptor-1492210741]- selenium_firefox     - DEBUG   : BROWSER 1492210741: driver: failed to download CRLite filter
2026-06-19 13:18:10,836 - MainProcess[log-interceptor-1492210741]- selenium_firefox     - DEBUG   : BROWSER 1492210741: driver: Object
2026-06-19 13:18:10,837 - MainProcess[log-interceptor-1492210741]- selenium_firefox     - DEBUG   : BROWSER 1492210741: driver: - prototype Object
2026-06-19 13:18:10,837 - MainProcess[log-interceptor-1492210741]- selenium_firefox     - DEBUG   : BROWSER 1492210741: driver: - columnNumber = 11
2026-06-19 13:18:10,837 - MainProcess[log-interceptor-1492210741]- selenium_firefox     - DEBUG   : BROWSER 1492210741: driver: - data = null
2026-06-19 13:18:10,837 - MainProcess[log-interceptor-1492210741]- selenium_firefox     - DEBUG   : BROWSER 1492210741: driver: - filename = resource://gre/modules/ServiceRequest.sys.mjs
2026-06-19 13:18:10,838 - MainProcess[log-interceptor-1492210741]- selenium_firefox     - DEBUG   : BROWSER 1492210741: driver: - lineNumber = 126
2026-06-19 13:18:10,838 - MainProcess[log-interceptor-1492210741]- selenium_firefox     - DEBUG   : BROWSER 1492210741: driver: - location = {"name":"open","filename":"resource://gre/modules/ServiceRequest.sys.mjs","sourceId":25,"lineNumber":126,"columnNumber":11,"asyncCause":null,"asyncCaller":null,"caller":{"filename":"resource://services-settings/Utils.sys.mjs","name":"fetch/<","sourceId":24,"lineNumber":273,"columnNumber":15,"asyncCause":null,"asyncCaller":null,"caller":{"filename":"resource://services-settings/Utils.sys.mjs","name":"fetch","sourceId":24,"lineNumber":224,"columnNumber":12,"asyncCause":null,"asyncCaller":null,"caller":{"filename":"resource://services-settings/Attachments.sys.mjs","name":"_fetchAttachment","sourceId":23,"lineNumber":560,"columnNumber":35,"asyncCause":null,"asyncCaller":null,"caller":{"filename":"resource://services-settings/Attachments.sys.mjs","name":"downloadAsBytes","sourceId":23,"lineNumber":537,"columnNumber":35,"asyncCause":null,"asyncCaller":null,"caller":{"filename":"resource://gre/modules/AsyncShutdown.sys.mjs","name":"observe","sourceId":15,"lineNumber":570,"columnNumber":17,"asyncCause":null,"asyncCaller":null,"caller":null,"formattedStack":"observe@resource://gre/modules/AsyncShutdown.sys.mjs:570:17\n","nativeSavedFrame":{}},"formattedStack":"downloadAsBytes@resource://services-settings/Attachments.sys.mjs:537:35\nobserve@resource://gre/modules/AsyncShutdown.sys.mjs:570:17\n","nativeSavedFrame":{}},"formattedStack":"_fetchAttachment@resource://services-settings/Attachments.sys.mjs:560:35\ndownloadAsBytes@resource://services-settings/Attachments.sys.mjs:537:35\nobserve@resource://gre/modules/AsyncShutdown.sys.mjs:570:17\n","nativeSavedFrame":{}},"formattedStack":"fetch@resource://services-settings/Utils.sys.mjs:224:12\n_fetchAttachment@resource://services-settings/Attachments.sys.mjs:560:35\ndownloadAsBytes@resource://services-settings/Attachments.sys.mjs:537:35\nobserve@resource://gre/modules/AsyncShutdown.sys.mjs:570:17\n","nativeSavedFrame":{}},"formattedStack":"fetch/<@resource://services-settings/Utils.sys.mjs:273:15\nfetch@resource://services-settings/Utils.sys.mjs:224:12\n_fetchAttachment@resource://services-settings/Attachments.sys.mjs:560:35\ndownloadAsBytes@resource://services-settings/Attachments.sys.mjs:537:35\nobserve@resource://gre/modules/AsyncShutdown.sys.mjs:570:17\n","nativeSavedFrame":{}},"formattedStack":"open@resource://gre/modules/ServiceRequest.sys.mjs:126:11\nfetch/<@resource://services-settings/Utils.sys.mjs:273:15\nfetch@resource://services-settings/Utils.sys.mjs:224:12\n_fetchAttachment@resource://services-settings/Attachments.sys.mjs:560:35\ndownloadAsBytes@resource://services-settings/Attachments.sys.mjs:537:35\nobserve@resource://gre/modules/AsyncShutdown.sys.mjs:570:17\n","nativeSavedFrame":{}}
2026-06-19 13:18:10,838 - MainProcess[log-interceptor-1492210741]- selenium_firefox     - DEBUG   : BROWSER 1492210741: driver: - message =
2026-06-19 13:18:10,839 - MainProcess[log-interceptor-1492210741]- selenium_firefox     - DEBUG   : BROWSER 1492210741: driver: - name =
2026-06-19 13:18:10,839 - MainProcess[log-interceptor-1492210741]- selenium_firefox     - DEBUG   : BROWSER 1492210741: driver: - result = 2152071198
2026-06-19 13:18:10,839 - MainProcess[log-interceptor-1492210741]- selenium_firefox     - DEBUG   : BROWSER 1492210741: driver: - stack = open@resource://gre/modules/ServiceRequest.sys.mjs:126:11|fetch/<@resource://services-settings/Utils.sys.mjs:273:15|fetch@resource://services-settings/Utils.sys.mjs:224:12|_fetchAttachment@resource://services-settings/Attachments.sys.mjs:560:35|downloadAsBytes@resource://services-settings/Attachments.sys.mjs:537:35|observe@resource://gre/modules/AsyncShutdown.sys.mjs:570:17|
2026-06-19 13:18:10,839 - MainProcess[log-interceptor-1492210741]- selenium_firefox     - DEBUG   : BROWSER 1492210741: driver: - prototype Object
2026-06-19 13:18:10,840 - MainProcess[log-interceptor-1492210741]- selenium_firefox     - DEBUG   : BROWSER 1492210741: driver: console.error: RemoteSecuritySettings:
2026-06-19 13:18:10,840 - MainProcess[log-interceptor-1492210741]- selenium_firefox     - DEBUG   : BROWSER 1492210741: driver: failed to download CRLite filter
2026-06-19 13:18:10,840 - MainProcess[log-interceptor-1492210741]- selenium_firefox     - DEBUG   : BROWSER 1492210741: driver: Object
2026-06-19 13:18:10,841 - MainProcess[log-interceptor-1492210741]- selenium_firefox     - DEBUG   : BROWSER 1492210741: driver: - prototype Object
2026-06-19 13:18:10,842 - MainProcess[log-interceptor-1492210741]- selenium_firefox     - DEBUG   : BROWSER 1492210741: driver: - columnNumber = 11
2026-06-19 13:18:10,842 - MainProcess[log-interceptor-1492210741]- selenium_firefox     - DEBUG   : BROWSER 1492210741: driver: - data = null
2026-06-19 13:18:10,842 - MainProcess[log-interceptor-1492210741]- selenium_firefox     - DEBUG   : BROWSER 1492210741: driver: - filename = resource://gre/modules/ServiceRequest.sys.mjs
2026-06-19 13:18:10,842 - MainProcess[log-interceptor-1492210741]- selenium_firefox     - DEBUG   : BROWSER 1492210741: driver: - lineNumber = 126
2026-06-19 13:18:10,843 - MainProcess[log-interceptor-1492210741]- selenium_firefox     - DEBUG   : BROWSER 1492210741: driver: - location = {"name":"open","filename":"resource://gre/modules/ServiceRequest.sys.mjs","sourceId":25,"lineNumber":126,"columnNumber":11,"asyncCause":null,"asyncCaller":null,"caller":{"filename":"resource://services-settings/Utils.sys.mjs","name":"fetch/<","sourceId":24,"lineNumber":273,"columnNumber":15,"asyncCause":null,"asyncCaller":null,"caller":{"filename":"resource://services-settings/Utils.sys.mjs","name":"fetch","sourceId":24,"lineNumber":224,"columnNumber":12,"asyncCause":null,"asyncCaller":null,"caller":{"filename":"resource://services-settings/Attachments.sys.mjs","name":"_fetchAttachment","sourceId":23,"lineNumber":560,"columnNumber":35,"asyncCause":null,"asyncCaller":null,"caller":{"filename":"resource://services-settings/Attachments.sys.mjs","name":"downloadAsBytes","sourceId":23,"lineNumber":537,"columnNumber":35,"asyncCause":null,"asyncCaller":null,"caller":{"filename":"resource://gre/modules/AsyncShutdown.sys.mjs","name":"observe","sourceId":15,"lineNumber":570,"columnNumber":17,"asyncCause":null,"asyncCaller":null,"caller":null,"formattedStack":"observe@resource://gre/modules/AsyncShutdown.sys.mjs:570:17\n","nativeSavedFrame":{}},"formattedStack":"downloadAsBytes@resource://services-settings/Attachments.sys.mjs:537:35\nobserve@resource://gre/modules/AsyncShutdown.sys.mjs:570:17\n","nativeSavedFrame":{}},"formattedStack":"_fetchAttachment@resource://services-settings/Attachments.sys.mjs:560:35\ndownloadAsBytes@resource://services-settings/Attachments.sys.mjs:537:35\nobserve@resource://gre/modules/AsyncShutdown.sys.mjs:570:17\n","nativeSavedFrame":{}},"formattedStack":"fetch@resource://services-settings/Utils.sys.mjs:224:12\n_fetchAttachment@resource://services-settings/Attachments.sys.mjs:560:35\ndownloadAsBytes@resource://services-settings/Attachments.sys.mjs:537:35\nobserve@resource://gre/modules/AsyncShutdown.sys.mjs:570:17\n","nativeSavedFrame":{}},"formattedStack":"fetch/<@resource://services-settings/Utils.sys.mjs:273:15\nfetch@resource://services-settings/Utils.sys.mjs:224:12\n_fetchAttachment@resource://services-settings/Attachments.sys.mjs:560:35\ndownloadAsBytes@resource://services-settings/Attachments.sys.mjs:537:35\nobserve@resource://gre/modules/AsyncShutdown.sys.mjs:570:17\n","nativeSavedFrame":{}},"formattedStack":"open@resource://gre/modules/ServiceRequest.sys.mjs:126:11\nfetch/<@resource://services-settings/Utils.sys.mjs:273:15\nfetch@resource://services-settings/Utils.sys.mjs:224:12\n_fetchAttachment@resource://services-settings/Attachments.sys.mjs:560:35\ndownloadAsBytes@resource://services-settings/Attachments.sys.mjs:537:35\nobserve@resource://gre/modules/AsyncShutdown.sys.mjs:570:17\n","nativeSavedFrame":{}}
2026-06-19 13:18:10,843 - MainProcess[log-interceptor-1492210741]- selenium_firefox     - DEBUG   : BROWSER 1492210741: driver: - message =
2026-06-19 13:18:10,843 - MainProcess[log-interceptor-1492210741]- selenium_firefox     - DEBUG   : BROWSER 1492210741: driver: - name =
2026-06-19 13:18:10,844 - MainProcess[log-interceptor-1492210741]- selenium_firefox     - DEBUG   : BROWSER 1492210741: driver: - result = 2152071198
2026-06-19 13:18:10,844 - MainProcess[log-interceptor-1492210741]- selenium_firefox     - DEBUG   : BROWSER 1492210741: driver: - stack = open@resource://gre/modules/ServiceRequest.sys.mjs:126:11|fetch/<@resource://services-settings/Utils.sys.mjs:273:15|fetch@resource://services-settings/Utils.sys.mjs:224:12|_fetchAttachment@resource://services-settings/Attachments.sys.mjs:560:35|downloadAsBytes@resource://services-settings/Attachments.sys.mjs:537:35|observe@resource://gre/modules/AsyncShutdown.sys.mjs:570:17|
2026-06-19 13:18:10,844 - MainProcess[log-interceptor-1492210741]- selenium_firefox     - DEBUG   : BROWSER 1492210741: driver: - prototype Object
2026-06-19 13:18:10,845 - MainProcess[log-interceptor-1492210741]- selenium_firefox     - DEBUG   : BROWSER 1492210741: driver: console.error: RemoteSecuritySettings:
2026-06-19 13:18:10,845 - MainProcess[log-interceptor-1492210741]- selenium_firefox     - DEBUG   : BROWSER 1492210741: driver: failed to download CRLite filter
2026-06-19 13:18:10,845 - MainProcess[log-interceptor-1492210741]- selenium_firefox     - DEBUG   : BROWSER 1492210741: driver: Object
2026-06-19 13:18:10,846 - MainProcess[log-interceptor-1492210741]- selenium_firefox     - DEBUG   : BROWSER 1492210741: driver: - prototype Object
2026-06-19 13:18:10,846 - MainProcess[log-interceptor-1492210741]- selenium_firefox     - DEBUG   : BROWSER 1492210741: driver: - columnNumber = 11
2026-06-19 13:18:10,846 - MainProcess[log-interceptor-1492210741]- selenium_firefox     - DEBUG   : BROWSER 1492210741: driver: - data = null
2026-06-19 13:18:10,847 - MainProcess[log-interceptor-1492210741]- selenium_firefox     - DEBUG   : BROWSER 1492210741: driver: - filename = resource://gre/modules/ServiceRequest.sys.mjs
2026-06-19 13:18:10,847 - MainProcess[log-interceptor-1492210741]- selenium_firefox     - DEBUG   : BROWSER 1492210741: driver: - lineNumber = 126
2026-06-19 13:18:10,858 - MainProcess[log-interceptor-1492210741]- selenium_firefox     - DEBUG   : BROWSER 1492210741: driver: - location = {"name":"open","filename":"resource://gre/modules/ServiceRequest.sys.mjs","sourceId":25,"lineNumber":126,"columnNumber":11,"asyncCause":null,"asyncCaller":null,"caller":{"filename":"resource://services-settings/Utils.sys.mjs","name":"fetch/<","sourceId":24,"lineNumber":273,"columnNumber":15,"asyncCause":null,"asyncCaller":null,"caller":{"filename":"resource://services-settings/Utils.sys.mjs","name":"fetch","sourceId":24,"lineNumber":224,"columnNumber":12,"asyncCause":null,"asyncCaller":null,"caller":{"filename":"resource://services-settings/Attachments.sys.mjs","name":"_fetchAttachment","sourceId":23,"lineNumber":560,"columnNumber":35,"asyncCause":null,"asyncCaller":null,"caller":{"filename":"resource://services-settings/Attachments.sys.mjs","name":"downloadAsBytes","sourceId":23,"lineNumber":537,"columnNumber":35,"asyncCause":null,"asyncCaller":null,"caller":{"filename":"resource://gre/modules/AsyncShutdown.sys.mjs","name":"observe","sourceId":15,"lineNumber":570,"columnNumber":17,"asyncCause":null,"asyncCaller":null,"caller":null,"formattedStack":"observe@resource://gre/modules/AsyncShutdown.sys.mjs:570:17\n","nativeSavedFrame":{}},"formattedStack":"downloadAsBytes@resource://services-settings/Attachments.sys.mjs:537:35\nobserve@resource://gre/modules/AsyncShutdown.sys.mjs:570:17\n","nativeSavedFrame":{}},"formattedStack":"_fetchAttachment@resource://services-settings/Attachments.sys.mjs:560:35\ndownloadAsBytes@resource://services-settings/Attachments.sys.mjs:537:35\nobserve@resource://gre/modules/AsyncShutdown.sys.mjs:570:17\n","nativeSavedFrame":{}},"formattedStack":"fetch@resource://services-settings/Utils.sys.mjs:224:12\n_fetchAttachment@resource://services-settings/Attachments.sys.mjs:560:35\ndownloadAsBytes@resource://services-settings/Attachments.sys.mjs:537:35\nobserve@resource://gre/modules/AsyncShutdown.sys.mjs:570:17\n","nativeSavedFrame":{}},"formattedStack":"fetch/<@resource://services-settings/Utils.sys.mjs:273:15\nfetch@resource://services-settings/Utils.sys.mjs:224:12\n_fetchAttachment@resource://services-settings/Attachments.sys.mjs:560:35\ndownloadAsBytes@resource://services-settings/Attachments.sys.mjs:537:35\nobserve@resource://gre/modules/AsyncShutdown.sys.mjs:570:17\n","nativeSavedFrame":{}},"formattedStack":"open@resource://gre/modules/ServiceRequest.sys.mjs:126:11\nfetch/<@resource://services-settings/Utils.sys.mjs:273:15\nfetch@resource://services-settings/Utils.sys.mjs:224:12\n_fetchAttachment@resource://services-settings/Attachments.sys.mjs:560:35\ndownloadAsBytes@resource://services-settings/Attachments.sys.mjs:537:35\nobserve@resource://gre/modules/AsyncShutdown.sys.mjs:570:17\n","nativeSavedFrame":{}}
2026-06-19 13:18:10,858 - MainProcess[log-interceptor-1492210741]- selenium_firefox     - DEBUG   : BROWSER 1492210741: driver: - message =
2026-06-19 13:18:10,859 - MainProcess[log-interceptor-1492210741]- selenium_firefox     - DEBUG   : BROWSER 1492210741: driver: - name =
2026-06-19 13:18:10,859 - MainProcess[log-interceptor-1492210741]- selenium_firefox     - DEBUG   : BROWSER 1492210741: driver: - result = 2152071198
2026-06-19 13:18:10,860 - MainProcess[log-interceptor-1492210741]- selenium_firefox     - DEBUG   : BROWSER 1492210741: driver: - stack = open@resource://gre/modules/ServiceRequest.sys.mjs:126:11|fetch/<@resource://services-settings/Utils.sys.mjs:273:15|fetch@resource://services-settings/Utils.sys.mjs:224:12|_fetchAttachment@resource://services-settings/Attachments.sys.mjs:560:35|downloadAsBytes@resource://services-settings/Attachments.sys.mjs:537:35|observe@resource://gre/modules/AsyncShutdown.sys.mjs:570:17|
2026-06-19 13:18:10,860 - MainProcess[log-interceptor-1492210741]- selenium_firefox     - DEBUG   : BROWSER 1492210741: driver: - prototype Object
2026-06-19 13:18:10,860 - MainProcess[log-interceptor-1492210741]- selenium_firefox     - DEBUG   : BROWSER 1492210741: driver: console.error: RemoteSecuritySettings:
2026-06-19 13:18:10,861 - MainProcess[log-interceptor-1492210741]- selenium_firefox     - DEBUG   : BROWSER 1492210741: driver: failed to download CRLite filter
2026-06-19 13:18:10,861 - MainProcess[log-interceptor-1492210741]- selenium_firefox     - DEBUG   : BROWSER 1492210741: driver: Object
2026-06-19 13:18:10,862 - MainProcess[log-interceptor-1492210741]- selenium_firefox     - DEBUG   : BROWSER 1492210741: driver: - prototype Object
2026-06-19 13:18:10,862 - MainProcess[log-interceptor-1492210741]- selenium_firefox     - DEBUG   : BROWSER 1492210741: driver: - columnNumber = 11
2026-06-19 13:18:10,862 - MainProcess[log-interceptor-1492210741]- selenium_firefox     - DEBUG   : BROWSER 1492210741: driver: - data = null
2026-06-19 13:18:10,863 - MainProcess[log-interceptor-1492210741]- selenium_firefox     - DEBUG   : BROWSER 1492210741: driver: - filename = resource://gre/modules/ServiceRequest.sys.mjs
2026-06-19 13:18:10,863 - MainProcess[log-interceptor-1492210741]- selenium_firefox     - DEBUG   : BROWSER 1492210741: driver: - lineNumber = 126
2026-06-19 13:18:10,864 - MainProcess[log-interceptor-1492210741]- selenium_firefox     - DEBUG   : BROWSER 1492210741: driver: - location = {"name":"open","filename":"resource://gre/modules/ServiceRequest.sys.mjs","sourceId":25,"lineNumber":126,"columnNumber":11,"asyncCause":null,"asyncCaller":null,"caller":{"filename":"resource://services-settings/Utils.sys.mjs","name":"fetch/<","sourceId":24,"lineNumber":273,"columnNumber":15,"asyncCause":null,"asyncCaller":null,"caller":{"filename":"resource://services-settings/Utils.sys.mjs","name":"fetch","sourceId":24,"lineNumber":224,"columnNumber":12,"asyncCause":null,"asyncCaller":null,"caller":{"filename":"resource://services-settings/Attachments.sys.mjs","name":"_fetchAttachment","sourceId":23,"lineNumber":560,"columnNumber":35,"asyncCause":null,"asyncCaller":null,"caller":{"filename":"resource://services-settings/Attachments.sys.mjs","name":"downloadAsBytes","sourceId":23,"lineNumber":537,"columnNumber":35,"asyncCause":null,"asyncCaller":null,"caller":{"filename":"resource://gre/modules/AsyncShutdown.sys.mjs","name":"observe","sourceId":15,"lineNumber":570,"columnNumber":17,"asyncCause":null,"asyncCaller":null,"caller":null,"formattedStack":"observe@resource://gre/modules/AsyncShutdown.sys.mjs:570:17\n","nativeSavedFrame":{}},"formattedStack":"downloadAsBytes@resource://services-settings/Attachments.sys.mjs:537:35\nobserve@resource://gre/modules/AsyncShutdown.sys.mjs:570:17\n","nativeSavedFrame":{}},"formattedStack":"_fetchAttachment@resource://services-settings/Attachments.sys.mjs:560:35\ndownloadAsBytes@resource://services-settings/Attachments.sys.mjs:537:35\nobserve@resource://gre/modules/AsyncShutdown.sys.mjs:570:17\n","nativeSavedFrame":{}},"formattedStack":"fetch@resource://services-settings/Utils.sys.mjs:224:12\n_fetchAttachment@resource://services-settings/Attachments.sys.mjs:560:35\ndownloadAsBytes@resource://services-settings/Attachments.sys.mjs:537:35\nobserve@resource://gre/modules/AsyncShutdown.sys.mjs:570:17\n","nativeSavedFrame":{}},"formattedStack":"fetch/<@resource://services-settings/Utils.sys.mjs:273:15\nfetch@resource://services-settings/Utils.sys.mjs:224:12\n_fetchAttachment@resource://services-settings/Attachments.sys.mjs:560:35\ndownloadAsBytes@resource://services-settings/Attachments.sys.mjs:537:35\nobserve@resource://gre/modules/AsyncShutdown.sys.mjs:570:17\n","nativeSavedFrame":{}},"formattedStack":"open@resource://gre/modules/ServiceRequest.sys.mjs:126:11\nfetch/<@resource://services-settings/Utils.sys.mjs:273:15\nfetch@resource://services-settings/Utils.sys.mjs:224:12\n_fetchAttachment@resource://services-settings/Attachments.sys.mjs:560:35\ndownloadAsBytes@resource://services-settings/Attachments.sys.mjs:537:35\nobserve@resource://gre/modules/AsyncShutdown.sys.mjs:570:17\n","nativeSavedFrame":{}}
2026-06-19 13:18:10,864 - MainProcess[log-interceptor-1492210741]- selenium_firefox     - DEBUG   : BROWSER 1492210741: driver: - message =
2026-06-19 13:18:10,864 - MainProcess[log-interceptor-1492210741]- selenium_firefox     - DEBUG   : BROWSER 1492210741: driver: - name =
2026-06-19 13:18:10,864 - MainProcess[log-interceptor-1492210741]- selenium_firefox     - DEBUG   : BROWSER 1492210741: driver: - result = 2152071198
2026-06-19 13:18:10,864 - MainProcess[log-interceptor-1492210741]- selenium_firefox     - DEBUG   : BROWSER 1492210741: driver: - stack = open@resource://gre/modules/ServiceRequest.sys.mjs:126:11|fetch/<@resource://services-settings/Utils.sys.mjs:273:15|fetch@resource://services-settings/Utils.sys.mjs:224:12|_fetchAttachment@resource://services-settings/Attachments.sys.mjs:560:35|downloadAsBytes@resource://services-settings/Attachments.sys.mjs:537:35|observe@resource://gre/modules/AsyncShutdown.sys.mjs:570:17|
2026-06-19 13:18:10,865 - MainProcess[log-interceptor-1492210741]- selenium_firefox     - DEBUG   : BROWSER 1492210741: driver: - prototype Object
2026-06-19 13:18:10,865 - MainProcess[log-interceptor-1492210741]- selenium_firefox     - DEBUG   : BROWSER 1492210741: driver: console.error: RemoteSecuritySettings:
2026-06-19 13:18:10,865 - MainProcess[log-interceptor-1492210741]- selenium_firefox     - DEBUG   : BROWSER 1492210741: driver: failed to download CRLite filter
2026-06-19 13:18:10,865 - MainProcess[log-interceptor-1492210741]- selenium_firefox     - DEBUG   : BROWSER 1492210741: driver: Object
2026-06-19 13:18:10,865 - MainProcess[log-interceptor-1492210741]- selenium_firefox     - DEBUG   : BROWSER 1492210741: driver: - prototype Object
2026-06-19 13:18:10,866 - MainProcess[log-interceptor-1492210741]- selenium_firefox     - DEBUG   : BROWSER 1492210741: driver: - columnNumber = 11
2026-06-19 13:18:10,866 - MainProcess[log-interceptor-1492210741]- selenium_firefox     - DEBUG   : BROWSER 1492210741: driver: - data = null
2026-06-19 13:18:10,866 - MainProcess[log-interceptor-1492210741]- selenium_firefox     - DEBUG   : BROWSER 1492210741: driver: - filename = resource://gre/modules/ServiceRequest.sys.mjs
2026-06-19 13:18:10,866 - MainProcess[log-interceptor-1492210741]- selenium_firefox     - DEBUG   : BROWSER 1492210741: driver: - lineNumber = 126
2026-06-19 13:18:10,866 - MainProcess[log-interceptor-1492210741]- selenium_firefox     - DEBUG   : BROWSER 1492210741: driver: - location = {"name":"open","filename":"resource://gre/modules/ServiceRequest.sys.mjs","sourceId":25,"lineNumber":126,"columnNumber":11,"asyncCause":null,"asyncCaller":null,"caller":{"filename":"resource://services-settings/Utils.sys.mjs","name":"fetch/<","sourceId":24,"lineNumber":273,"columnNumber":15,"asyncCause":null,"asyncCaller":null,"caller":{"filename":"resource://services-settings/Utils.sys.mjs","name":"fetch","sourceId":24,"lineNumber":224,"columnNumber":12,"asyncCause":null,"asyncCaller":null,"caller":{"filename":"resource://services-settings/Attachments.sys.mjs","name":"_fetchAttachment","sourceId":23,"lineNumber":560,"columnNumber":35,"asyncCause":null,"asyncCaller":null,"caller":{"filename":"resource://services-settings/Attachments.sys.mjs","name":"downloadAsBytes","sourceId":23,"lineNumber":537,"columnNumber":35,"asyncCause":null,"asyncCaller":null,"caller":{"filename":"resource://gre/modules/AsyncShutdown.sys.mjs","name":"observe","sourceId":15,"lineNumber":570,"columnNumber":17,"asyncCause":null,"asyncCaller":null,"caller":null,"formattedStack":"observe@resource://gre/modules/AsyncShutdown.sys.mjs:570:17\n","nativeSavedFrame":{}},"formattedStack":"downloadAsBytes@resource://services-settings/Attachments.sys.mjs:537:35\nobserve@resource://gre/modules/AsyncShutdown.sys.mjs:570:17\n","nativeSavedFrame":{}},"formattedStack":"_fetchAttachment@resource://services-settings/Attachments.sys.mjs:560:35\ndownloadAsBytes@resource://services-settings/Attachments.sys.mjs:537:35\nobserve@resource://gre/modules/AsyncShutdown.sys.mjs:570:17\n","nativeSavedFrame":{}},"formattedStack":"fetch@resource://services-settings/Utils.sys.mjs:224:12\n_fetchAttachment@resource://services-settings/Attachments.sys.mjs:560:35\ndownloadAsBytes@resource://services-settings/Attachments.sys.mjs:537:35\nobserve@resource://gre/modules/AsyncShutdown.sys.mjs:570:17\n","nativeSavedFrame":{}},"formattedStack":"fetch/<@resource://services-settings/Utils.sys.mjs:273:15\nfetch@resource://services-settings/Utils.sys.mjs:224:12\n_fetchAttachment@resource://services-settings/Attachments.sys.mjs:560:35\ndownloadAsBytes@resource://services-settings/Attachments.sys.mjs:537:35\nobserve@resource://gre/modules/AsyncShutdown.sys.mjs:570:17\n","nativeSavedFrame":{}},"formattedStack":"open@resource://gre/modules/ServiceRequest.sys.mjs:126:11\nfetch/<@resource://services-settings/Utils.sys.mjs:273:15\nfetch@resource://services-settings/Utils.sys.mjs:224:12\n_fetchAttachment@resource://services-settings/Attachments.sys.mjs:560:35\ndownloadAsBytes@resource://services-settings/Attachments.sys.mjs:537:35\nobserve@resource://gre/modules/AsyncShutdown.sys.mjs:570:17\n","nativeSavedFrame":{}}
2026-06-19 13:18:10,867 - MainProcess[log-interceptor-1492210741]- selenium_firefox     - DEBUG   : BROWSER 1492210741: driver: - message =
2026-06-19 13:18:10,867 - MainProcess[log-interceptor-1492210741]- selenium_firefox     - DEBUG   : BROWSER 1492210741: driver: - name =
2026-06-19 13:18:10,867 - MainProcess[log-interceptor-1492210741]- selenium_firefox     - DEBUG   : BROWSER 1492210741: driver: - result = 2152071198
2026-06-19 13:18:10,868 - MainProcess[log-interceptor-1492210741]- selenium_firefox     - DEBUG   : BROWSER 1492210741: driver: - stack = open@resource://gre/modules/ServiceRequest.sys.mjs:126:11|fetch/<@resource://services-settings/Utils.sys.mjs:273:15|fetch@resource://services-settings/Utils.sys.mjs:224:12|_fetchAttachment@resource://services-settings/Attachments.sys.mjs:560:35|downloadAsBytes@resource://services-settings/Attachments.sys.mjs:537:35|observe@resource://gre/modules/AsyncShutdown.sys.mjs:570:17|
2026-06-19 13:18:10,868 - MainProcess[log-interceptor-1492210741]- selenium_firefox     - DEBUG   : BROWSER 1492210741: driver: - prototype Object
2026-06-19 13:18:10,868 - MainProcess[log-interceptor-1492210741]- selenium_firefox     - DEBUG   : BROWSER 1492210741: driver: console.error: RemoteSecuritySettings:
2026-06-19 13:18:10,869 - MainProcess[log-interceptor-1492210741]- selenium_firefox     - DEBUG   : BROWSER 1492210741: driver: failed to download CRLite filter
2026-06-19 13:18:10,869 - MainProcess[log-interceptor-1492210741]- selenium_firefox     - DEBUG   : BROWSER 1492210741: driver: Object
2026-06-19 13:18:10,869 - MainProcess[log-interceptor-1492210741]- selenium_firefox     - DEBUG   : BROWSER 1492210741: driver: - prototype Object
2026-06-19 13:18:10,869 - MainProcess[log-interceptor-1492210741]- selenium_firefox     - DEBUG   : BROWSER 1492210741: driver: - columnNumber = 11
2026-06-19 13:18:10,870 - MainProcess[log-interceptor-1492210741]- selenium_firefox     - DEBUG   : BROWSER 1492210741: driver: - data = null
2026-06-19 13:18:10,870 - MainProcess[log-interceptor-1492210741]- selenium_firefox     - DEBUG   : BROWSER 1492210741: driver: - filename = resource://gre/modules/ServiceRequest.sys.mjs
2026-06-19 13:18:10,870 - MainProcess[log-interceptor-1492210741]- selenium_firefox     - DEBUG   : BROWSER 1492210741: driver: - lineNumber = 126
2026-06-19 13:18:10,870 - MainProcess[log-interceptor-1492210741]- selenium_firefox     - DEBUG   : BROWSER 1492210741: driver: - location = {"name":"open","filename":"resource://gre/modules/ServiceRequest.sys.mjs","sourceId":25,"lineNumber":126,"columnNumber":11,"asyncCause":null,"asyncCaller":null,"caller":{"filename":"resource://services-settings/Utils.sys.mjs","name":"fetch/<","sourceId":24,"lineNumber":273,"columnNumber":15,"asyncCause":null,"asyncCaller":null,"caller":{"filename":"resource://services-settings/Utils.sys.mjs","name":"fetch","sourceId":24,"lineNumber":224,"columnNumber":12,"asyncCause":null,"asyncCaller":null,"caller":{"filename":"resource://services-settings/Attachments.sys.mjs","name":"_fetchAttachment","sourceId":23,"lineNumber":560,"columnNumber":35,"asyncCause":null,"asyncCaller":null,"caller":{"filename":"resource://services-settings/Attachments.sys.mjs","name":"downloadAsBytes","sourceId":23,"lineNumber":537,"columnNumber":35,"asyncCause":null,"asyncCaller":null,"caller":{"filename":"resource://gre/modules/AsyncShutdown.sys.mjs","name":"observe","sourceId":15,"lineNumber":570,"columnNumber":17,"asyncCause":null,"asyncCaller":null,"caller":null,"formattedStack":"observe@resource://gre/modules/AsyncShutdown.sys.mjs:570:17\n","nativeSavedFrame":{}},"formattedStack":"downloadAsBytes@resource://services-settings/Attachments.sys.mjs:537:35\nobserve@resource://gre/modules/AsyncShutdown.sys.mjs:570:17\n","nativeSavedFrame":{}},"formattedStack":"_fetchAttachment@resource://services-settings/Attachments.sys.mjs:560:35\ndownloadAsBytes@resource://services-settings/Attachments.sys.mjs:537:35\nobserve@resource://gre/modules/AsyncShutdown.sys.mjs:570:17\n","nativeSavedFrame":{}},"formattedStack":"fetch@resource://services-settings/Utils.sys.mjs:224:12\n_fetchAttachment@resource://services-settings/Attachments.sys.mjs:560:35\ndownloadAsBytes@resource://services-settings/Attachments.sys.mjs:537:35\nobserve@resource://gre/modules/AsyncShutdown.sys.mjs:570:17\n","nativeSavedFrame":{}},"formattedStack":"fetch/<@resource://services-settings/Utils.sys.mjs:273:15\nfetch@resource://services-settings/Utils.sys.mjs:224:12\n_fetchAttachment@resource://services-settings/Attachments.sys.mjs:560:35\ndownloadAsBytes@resource://services-settings/Attachments.sys.mjs:537:35\nobserve@resource://gre/modules/AsyncShutdown.sys.mjs:570:17\n","nativeSavedFrame":{}},"formattedStack":"open@resource://gre/modules/ServiceRequest.sys.mjs:126:11\nfetch/<@resource://services-settings/Utils.sys.mjs:273:15\nfetch@resource://services-settings/Utils.sys.mjs:224:12\n_fetchAttachment@resource://services-settings/Attachments.sys.mjs:560:35\ndownloadAsBytes@resource://services-settings/Attachments.sys.mjs:537:35\nobserve@resource://gre/modules/AsyncShutdown.sys.mjs:570:17\n","nativeSavedFrame":{}}
2026-06-19 13:18:10,870 - MainProcess[log-interceptor-1492210741]- selenium_firefox     - DEBUG   : BROWSER 1492210741: driver: - message =
2026-06-19 13:18:10,870 - MainProcess[log-interceptor-1492210741]- selenium_firefox     - DEBUG   : BROWSER 1492210741: driver: - name =
2026-06-19 13:18:10,871 - MainProcess[log-interceptor-1492210741]- selenium_firefox     - DEBUG   : BROWSER 1492210741: driver: - result = 2152071198
2026-06-19 13:18:10,871 - MainProcess[log-interceptor-1492210741]- selenium_firefox     - DEBUG   : BROWSER 1492210741: driver: - stack = open@resource://gre/modules/ServiceRequest.sys.mjs:126:11|fetch/<@resource://services-settings/Utils.sys.mjs:273:15|fetch@resource://services-settings/Utils.sys.mjs:224:12|_fetchAttachment@resource://services-settings/Attachments.sys.mjs:560:35|downloadAsBytes@resource://services-settings/Attachments.sys.mjs:537:35|observe@resource://gre/modules/AsyncShutdown.sys.mjs:570:17|
2026-06-19 13:18:10,871 - MainProcess[log-interceptor-1492210741]- selenium_firefox     - DEBUG   : BROWSER 1492210741: driver: - prototype Object
2026-06-19 13:18:10,871 - MainProcess[log-interceptor-1492210741]- selenium_firefox     - DEBUG   : BROWSER 1492210741: driver: console.error: RemoteSecuritySettings:
2026-06-19 13:18:10,871 - MainProcess[log-interceptor-1492210741]- selenium_firefox     - DEBUG   : BROWSER 1492210741: driver: failed to download CRLite filter
2026-06-19 13:18:10,872 - MainProcess[log-interceptor-1492210741]- selenium_firefox     - DEBUG   : BROWSER 1492210741: driver: Object
2026-06-19 13:18:10,872 - MainProcess[log-interceptor-1492210741]- selenium_firefox     - DEBUG   : BROWSER 1492210741: driver: - prototype Object
2026-06-19 13:18:10,872 - MainProcess[log-interceptor-1492210741]- selenium_firefox     - DEBUG   : BROWSER 1492210741: driver: - columnNumber = 11
2026-06-19 13:18:10,872 - MainProcess[log-interceptor-1492210741]- selenium_firefox     - DEBUG   : BROWSER 1492210741: driver: - data = null
2026-06-19 13:18:10,872 - MainProcess[log-interceptor-1492210741]- selenium_firefox     - DEBUG   : BROWSER 1492210741: driver: - filename = resource://gre/modules/ServiceRequest.sys.mjs
2026-06-19 13:18:10,872 - MainProcess[log-interceptor-1492210741]- selenium_firefox     - DEBUG   : BROWSER 1492210741: driver: - lineNumber = 126
2026-06-19 13:18:10,873 - MainProcess[log-interceptor-1492210741]- selenium_firefox     - DEBUG   : BROWSER 1492210741: driver: - location = {"name":"open","filename":"resource://gre/modules/ServiceRequest.sys.mjs","sourceId":25,"lineNumber":126,"columnNumber":11,"asyncCause":null,"asyncCaller":null,"caller":{"filename":"resource://services-settings/Utils.sys.mjs","name":"fetch/<","sourceId":24,"lineNumber":273,"columnNumber":15,"asyncCause":null,"asyncCaller":null,"caller":{"filename":"resource://services-settings/Utils.sys.mjs","name":"fetch","sourceId":24,"lineNumber":224,"columnNumber":12,"asyncCause":null,"asyncCaller":null,"caller":{"filename":"resource://services-settings/Attachments.sys.mjs","name":"_fetchAttachment","sourceId":23,"lineNumber":560,"columnNumber":35,"asyncCause":null,"asyncCaller":null,"caller":{"filename":"resource://services-settings/Attachments.sys.mjs","name":"downloadAsBytes","sourceId":23,"lineNumber":537,"columnNumber":35,"asyncCause":null,"asyncCaller":null,"caller":{"filename":"resource://gre/modules/AsyncShutdown.sys.mjs","name":"observe","sourceId":15,"lineNumber":570,"columnNumber":17,"asyncCause":null,"asyncCaller":null,"caller":null,"formattedStack":"observe@resource://gre/modules/AsyncShutdown.sys.mjs:570:17\n","nativeSavedFrame":{}},"formattedStack":"downloadAsBytes@resource://services-settings/Attachments.sys.mjs:537:35\nobserve@resource://gre/modules/AsyncShutdown.sys.mjs:570:17\n","nativeSavedFrame":{}},"formattedStack":"_fetchAttachment@resource://services-settings/Attachments.sys.mjs:560:35\ndownloadAsBytes@resource://services-settings/Attachments.sys.mjs:537:35\nobserve@resource://gre/modules/AsyncShutdown.sys.mjs:570:17\n","nativeSavedFrame":{}},"formattedStack":"fetch@resource://services-settings/Utils.sys.mjs:224:12\n_fetchAttachment@resource://services-settings/Attachments.sys.mjs:560:35\ndownloadAsBytes@resource://services-settings/Attachments.sys.mjs:537:35\nobserve@resource://gre/modules/AsyncShutdown.sys.mjs:570:17\n","nativeSavedFrame":{}},"formattedStack":"fetch/<@resource://services-settings/Utils.sys.mjs:273:15\nfetch@resource://services-settings/Utils.sys.mjs:224:12\n_fetchAttachment@resource://services-settings/Attachments.sys.mjs:560:35\ndownloadAsBytes@resource://services-settings/Attachments.sys.mjs:537:35\nobserve@resource://gre/modules/AsyncShutdown.sys.mjs:570:17\n","nativeSavedFrame":{}},"formattedStack":"open@resource://gre/modules/ServiceRequest.sys.mjs:126:11\nfetch/<@resource://services-settings/Utils.sys.mjs:273:15\nfetch@resource://services-settings/Utils.sys.mjs:224:12\n_fetchAttachment@resource://services-settings/Attachments.sys.mjs:560:35\ndownloadAsBytes@resource://services-settings/Attachments.sys.mjs:537:35\nobserve@resource://gre/modules/AsyncShutdown.sys.mjs:570:17\n","nativeSavedFrame":{}}
2026-06-19 13:18:10,873 - MainProcess[log-interceptor-1492210741]- selenium_firefox     - DEBUG   : BROWSER 1492210741: driver: - message =
2026-06-19 13:18:10,873 - MainProcess[log-interceptor-1492210741]- selenium_firefox     - DEBUG   : BROWSER 1492210741: driver: - name =
2026-06-19 13:18:10,873 - MainProcess[log-interceptor-1492210741]- selenium_firefox     - DEBUG   : BROWSER 1492210741: driver: - result = 2152071198
2026-06-19 13:18:10,874 - MainProcess[log-interceptor-1492210741]- selenium_firefox     - DEBUG   : BROWSER 1492210741: driver: - stack = open@resource://gre/modules/ServiceRequest.sys.mjs:126:11|fetch/<@resource://services-settings/Utils.sys.mjs:273:15|fetch@resource://services-settings/Utils.sys.mjs:224:12|_fetchAttachment@resource://services-settings/Attachments.sys.mjs:560:35|downloadAsBytes@resource://services-settings/Attachments.sys.mjs:537:35|observe@resource://gre/modules/AsyncShutdown.sys.mjs:570:17|
2026-06-19 13:18:10,874 - MainProcess[log-interceptor-1492210741]- selenium_firefox     - DEBUG   : BROWSER 1492210741: driver: - prototype Object
2026-06-19 13:18:10,874 - MainProcess[log-interceptor-1492210741]- selenium_firefox     - DEBUG   : BROWSER 1492210741: driver: console.error: RemoteSecuritySettings:
2026-06-19 13:18:10,875 - MainProcess[log-interceptor-1492210741]- selenium_firefox     - DEBUG   : BROWSER 1492210741: driver: failed to download CRLite filter
2026-06-19 13:18:10,875 - MainProcess[log-interceptor-1492210741]- selenium_firefox     - DEBUG   : BROWSER 1492210741: driver: Object
2026-06-19 13:18:10,875 - MainProcess[log-interceptor-1492210741]- selenium_firefox     - DEBUG   : BROWSER 1492210741: driver: - prototype Object
2026-06-19 13:18:10,875 - MainProcess[log-interceptor-1492210741]- selenium_firefox     - DEBUG   : BROWSER 1492210741: driver: - columnNumber = 11
2026-06-19 13:18:10,875 - MainProcess[log-interceptor-1492210741]- selenium_firefox     - DEBUG   : BROWSER 1492210741: driver: - data = null
2026-06-19 13:18:10,876 - MainProcess[log-interceptor-1492210741]- selenium_firefox     - DEBUG   : BROWSER 1492210741: driver: - filename = resource://gre/modules/ServiceRequest.sys.mjs
2026-06-19 13:18:10,876 - MainProcess[log-interceptor-1492210741]- selenium_firefox     - DEBUG   : BROWSER 1492210741: driver: - lineNumber = 126
2026-06-19 13:18:10,876 - MainProcess[log-interceptor-1492210741]- selenium_firefox     - DEBUG   : BROWSER 1492210741: driver: - location = {"name":"open","filename":"resource://gre/modules/ServiceRequest.sys.mjs","sourceId":25,"lineNumber":126,"columnNumber":11,"asyncCause":null,"asyncCaller":null,"caller":{"filename":"resource://services-settings/Utils.sys.mjs","name":"fetch/<","sourceId":24,"lineNumber":273,"columnNumber":15,"asyncCause":null,"asyncCaller":null,"caller":{"filename":"resource://services-settings/Utils.sys.mjs","name":"fetch","sourceId":24,"lineNumber":224,"columnNumber":12,"asyncCause":null,"asyncCaller":null,"caller":{"filename":"resource://services-settings/Attachments.sys.mjs","name":"_fetchAttachment","sourceId":23,"lineNumber":560,"columnNumber":35,"asyncCause":null,"asyncCaller":null,"caller":{"filename":"resource://services-settings/Attachments.sys.mjs","name":"downloadAsBytes","sourceId":23,"lineNumber":537,"columnNumber":35,"asyncCause":null,"asyncCaller":null,"caller":{"filename":"resource://gre/modules/AsyncShutdown.sys.mjs","name":"observe","sourceId":15,"lineNumber":570,"columnNumber":17,"asyncCause":null,"asyncCaller":null,"caller":null,"formattedStack":"observe@resource://gre/modules/AsyncShutdown.sys.mjs:570:17\n","nativeSavedFrame":{}},"formattedStack":"downloadAsBytes@resource://services-settings/Attachments.sys.mjs:537:35\nobserve@resource://gre/modules/AsyncShutdown.sys.mjs:570:17\n","nativeSavedFrame":{}},"formattedStack":"_fetchAttachment@resource://services-settings/Attachments.sys.mjs:560:35\ndownloadAsBytes@resource://services-settings/Attachments.sys.mjs:537:35\nobserve@resource://gre/modules/AsyncShutdown.sys.mjs:570:17\n","nativeSavedFrame":{}},"formattedStack":"fetch@resource://services-settings/Utils.sys.mjs:224:12\n_fetchAttachment@resource://services-settings/Attachments.sys.mjs:560:35\ndownloadAsBytes@resource://services-settings/Attachments.sys.mjs:537:35\nobserve@resource://gre/modules/AsyncShutdown.sys.mjs:570:17\n","nativeSavedFrame":{}},"formattedStack":"fetch/<@resource://services-settings/Utils.sys.mjs:273:15\nfetch@resource://services-settings/Utils.sys.mjs:224:12\n_fetchAttachment@resource://services-settings/Attachments.sys.mjs:560:35\ndownloadAsBytes@resource://services-settings/Attachments.sys.mjs:537:35\nobserve@resource://gre/modules/AsyncShutdown.sys.mjs:570:17\n","nativeSavedFrame":{}},"formattedStack":"open@resource://gre/modules/ServiceRequest.sys.mjs:126:11\nfetch/<@resource://services-settings/Utils.sys.mjs:273:15\nfetch@resource://services-settings/Utils.sys.mjs:224:12\n_fetchAttachment@resource://services-settings/Attachments.sys.mjs:560:35\ndownloadAsBytes@resource://services-settings/Attachments.sys.mjs:537:35\nobserve@resource://gre/modules/AsyncShutdown.sys.mjs:570:17\n","nativeSavedFrame":{}}
2026-06-19 13:18:10,876 - MainProcess[log-interceptor-1492210741]- selenium_firefox     - DEBUG   : BROWSER 1492210741: driver: - message =
2026-06-19 13:18:10,877 - MainProcess[log-interceptor-1492210741]- selenium_firefox     - DEBUG   : BROWSER 1492210741: driver: - name =
2026-06-19 13:18:10,877 - MainProcess[log-interceptor-1492210741]- selenium_firefox     - DEBUG   : BROWSER 1492210741: driver: - result = 2152071198
2026-06-19 13:18:10,877 - MainProcess[log-interceptor-1492210741]- selenium_firefox     - DEBUG   : BROWSER 1492210741: driver: - stack = open@resource://gre/modules/ServiceRequest.sys.mjs:126:11|fetch/<@resource://services-settings/Utils.sys.mjs:273:15|fetch@resource://services-settings/Utils.sys.mjs:224:12|_fetchAttachment@resource://services-settings/Attachments.sys.mjs:560:35|downloadAsBytes@resource://services-settings/Attachments.sys.mjs:537:35|observe@resource://gre/modules/AsyncShutdown.sys.mjs:570:17|
2026-06-19 13:18:10,878 - MainProcess[log-interceptor-1492210741]- selenium_firefox     - DEBUG   : BROWSER 1492210741: driver: - prototype Object
2026-06-19 13:18:10,878 - MainProcess[log-interceptor-1492210741]- selenium_firefox     - DEBUG   : BROWSER 1492210741: driver: console.error: RemoteSecuritySettings:
2026-06-19 13:18:10,878 - MainProcess[log-interceptor-1492210741]- selenium_firefox     - DEBUG   : BROWSER 1492210741: driver: failed to download CRLite filter
2026-06-19 13:18:10,879 - MainProcess[log-interceptor-1492210741]- selenium_firefox     - DEBUG   : BROWSER 1492210741: driver: Object
2026-06-19 13:18:10,879 - MainProcess[log-interceptor-1492210741]- selenium_firefox     - DEBUG   : BROWSER 1492210741: driver: - prototype Object
2026-06-19 13:18:10,879 - MainProcess[log-interceptor-1492210741]- selenium_firefox     - DEBUG   : BROWSER 1492210741: driver: - columnNumber = 11
2026-06-19 13:18:10,879 - MainProcess[log-interceptor-1492210741]- selenium_firefox     - DEBUG   : BROWSER 1492210741: driver: - data = null
2026-06-19 13:18:10,880 - MainProcess[log-interceptor-1492210741]- selenium_firefox     - DEBUG   : BROWSER 1492210741: driver: - filename = resource://gre/modules/ServiceRequest.sys.mjs
2026-06-19 13:18:10,880 - MainProcess[log-interceptor-1492210741]- selenium_firefox     - DEBUG   : BROWSER 1492210741: driver: - lineNumber = 126
2026-06-19 13:18:10,880 - MainProcess[log-interceptor-1492210741]- selenium_firefox     - DEBUG   : BROWSER 1492210741: driver: - location = {"name":"open","filename":"resource://gre/modules/ServiceRequest.sys.mjs","sourceId":25,"lineNumber":126,"columnNumber":11,"asyncCause":null,"asyncCaller":null,"caller":{"filename":"resource://services-settings/Utils.sys.mjs","name":"fetch/<","sourceId":24,"lineNumber":273,"columnNumber":15,"asyncCause":null,"asyncCaller":null,"caller":{"filename":"resource://services-settings/Utils.sys.mjs","name":"fetch","sourceId":24,"lineNumber":224,"columnNumber":12,"asyncCause":null,"asyncCaller":null,"caller":{"filename":"resource://services-settings/Attachments.sys.mjs","name":"_fetchAttachment","sourceId":23,"lineNumber":560,"columnNumber":35,"asyncCause":null,"asyncCaller":null,"caller":{"filename":"resource://services-settings/Attachments.sys.mjs","name":"downloadAsBytes","sourceId":23,"lineNumber":537,"columnNumber":35,"asyncCause":null,"asyncCaller":null,"caller":{"filename":"resource://gre/modules/AsyncShutdown.sys.mjs","name":"observe","sourceId":15,"lineNumber":570,"columnNumber":17,"asyncCause":null,"asyncCaller":null,"caller":null,"formattedStack":"observe@resource://gre/modules/AsyncShutdown.sys.mjs:570:17\n","nativeSavedFrame":{}},"formattedStack":"downloadAsBytes@resource://services-settings/Attachments.sys.mjs:537:35\nobserve@resource://gre/modules/AsyncShutdown.sys.mjs:570:17\n","nativeSavedFrame":{}},"formattedStack":"_fetchAttachment@resource://services-settings/Attachments.sys.mjs:560:35\ndownloadAsBytes@resource://services-settings/Attachments.sys.mjs:537:35\nobserve@resource://gre/modules/AsyncShutdown.sys.mjs:570:17\n","nativeSavedFrame":{}},"formattedStack":"fetch@resource://services-settings/Utils.sys.mjs:224:12\n_fetchAttachment@resource://services-settings/Attachments.sys.mjs:560:35\ndownloadAsBytes@resource://services-settings/Attachments.sys.mjs:537:35\nobserve@resource://gre/modules/AsyncShutdown.sys.mjs:570:17\n","nativeSavedFrame":{}},"formattedStack":"fetch/<@resource://services-settings/Utils.sys.mjs:273:15\nfetch@resource://services-settings/Utils.sys.mjs:224:12\n_fetchAttachment@resource://services-settings/Attachments.sys.mjs:560:35\ndownloadAsBytes@resource://services-settings/Attachments.sys.mjs:537:35\nobserve@resource://gre/modules/AsyncShutdown.sys.mjs:570:17\n","nativeSavedFrame":{}},"formattedStack":"open@resource://gre/modules/ServiceRequest.sys.mjs:126:11\nfetch/<@resource://services-settings/Utils.sys.mjs:273:15\nfetch@resource://services-settings/Utils.sys.mjs:224:12\n_fetchAttachment@resource://services-settings/Attachments.sys.mjs:560:35\ndownloadAsBytes@resource://services-settings/Attachments.sys.mjs:537:35\nobserve@resource://gre/modules/AsyncShutdown.sys.mjs:570:17\n","nativeSavedFrame":{}}
2026-06-19 13:18:10,880 - MainProcess[log-interceptor-1492210741]- selenium_firefox     - DEBUG   : BROWSER 1492210741: driver: - message =
2026-06-19 13:18:10,880 - MainProcess[log-interceptor-1492210741]- selenium_firefox     - DEBUG   : BROWSER 1492210741: driver: - name =
2026-06-19 13:18:10,881 - MainProcess[log-interceptor-1492210741]- selenium_firefox     - DEBUG   : BROWSER 1492210741: driver: - result = 2152071198
2026-06-19 13:18:10,881 - MainProcess[log-interceptor-1492210741]- selenium_firefox     - DEBUG   : BROWSER 1492210741: driver: - stack = open@resource://gre/modules/ServiceRequest.sys.mjs:126:11|fetch/<@resource://services-settings/Utils.sys.mjs:273:15|fetch@resource://services-settings/Utils.sys.mjs:224:12|_fetchAttachment@resource://services-settings/Attachments.sys.mjs:560:35|downloadAsBytes@resource://services-settings/Attachments.sys.mjs:537:35|observe@resource://gre/modules/AsyncShutdown.sys.mjs:570:17|
2026-06-19 13:18:10,881 - MainProcess[log-interceptor-1492210741]- selenium_firefox     - DEBUG   : BROWSER 1492210741: driver: - prototype Object
2026-06-19 13:18:10,881 - MainProcess[log-interceptor-1492210741]- selenium_firefox     - DEBUG   : BROWSER 1492210741: driver: console.error: RemoteSecuritySettings:
2026-06-19 13:18:10,881 - MainProcess[log-interceptor-1492210741]- selenium_firefox     - DEBUG   : BROWSER 1492210741: driver: failed to download CRLite filter
2026-06-19 13:18:10,881 - MainProcess[log-interceptor-1492210741]- selenium_firefox     - DEBUG   : BROWSER 1492210741: driver: Object
2026-06-19 13:18:10,882 - MainProcess[log-interceptor-1492210741]- selenium_firefox     - DEBUG   : BROWSER 1492210741: driver: - prototype Object
2026-06-19 13:18:10,882 - MainProcess[log-interceptor-1492210741]- selenium_firefox     - DEBUG   : BROWSER 1492210741: driver: - columnNumber = 11
2026-06-19 13:18:10,882 - MainProcess[log-interceptor-1492210741]- selenium_firefox     - DEBUG   : BROWSER 1492210741: driver: - data = null
2026-06-19 13:18:10,882 - MainProcess[log-interceptor-1492210741]- selenium_firefox     - DEBUG   : BROWSER 1492210741: driver: - filename = resource://gre/modules/ServiceRequest.sys.mjs
2026-06-19 13:18:10,882 - MainProcess[log-interceptor-1492210741]- selenium_firefox     - DEBUG   : BROWSER 1492210741: driver: - lineNumber = 126
2026-06-19 13:18:10,883 - MainProcess[log-interceptor-1492210741]- selenium_firefox     - DEBUG   : BROWSER 1492210741: driver: - location = {"name":"open","filename":"resource://gre/modules/ServiceRequest.sys.mjs","sourceId":25,"lineNumber":126,"columnNumber":11,"asyncCause":null,"asyncCaller":null,"caller":{"filename":"resource://services-settings/Utils.sys.mjs","name":"fetch/<","sourceId":24,"lineNumber":273,"columnNumber":15,"asyncCause":null,"asyncCaller":null,"caller":{"filename":"resource://services-settings/Utils.sys.mjs","name":"fetch","sourceId":24,"lineNumber":224,"columnNumber":12,"asyncCause":null,"asyncCaller":null,"caller":{"filename":"resource://services-settings/Attachments.sys.mjs","name":"_fetchAttachment","sourceId":23,"lineNumber":560,"columnNumber":35,"asyncCause":null,"asyncCaller":null,"caller":{"filename":"resource://services-settings/Attachments.sys.mjs","name":"downloadAsBytes","sourceId":23,"lineNumber":537,"columnNumber":35,"asyncCause":null,"asyncCaller":null,"caller":{"filename":"resource://gre/modules/AsyncShutdown.sys.mjs","name":"observe","sourceId":15,"lineNumber":570,"columnNumber":17,"asyncCause":null,"asyncCaller":null,"caller":null,"formattedStack":"observe@resource://gre/modules/AsyncShutdown.sys.mjs:570:17\n","nativeSavedFrame":{}},"formattedStack":"downloadAsBytes@resource://services-settings/Attachments.sys.mjs:537:35\nobserve@resource://gre/modules/AsyncShutdown.sys.mjs:570:17\n","nativeSavedFrame":{}},"formattedStack":"_fetchAttachment@resource://services-settings/Attachments.sys.mjs:560:35\ndownloadAsBytes@resource://services-settings/Attachments.sys.mjs:537:35\nobserve@resource://gre/modules/AsyncShutdown.sys.mjs:570:17\n","nativeSavedFrame":{}},"formattedStack":"fetch@resource://services-settings/Utils.sys.mjs:224:12\n_fetchAttachment@resource://services-settings/Attachments.sys.mjs:560:35\ndownloadAsBytes@resource://services-settings/Attachments.sys.mjs:537:35\nobserve@resource://gre/modules/AsyncShutdown.sys.mjs:570:17\n","nativeSavedFrame":{}},"formattedStack":"fetch/<@resource://services-settings/Utils.sys.mjs:273:15\nfetch@resource://services-settings/Utils.sys.mjs:224:12\n_fetchAttachment@resource://services-settings/Attachments.sys.mjs:560:35\ndownloadAsBytes@resource://services-settings/Attachments.sys.mjs:537:35\nobserve@resource://gre/modules/AsyncShutdown.sys.mjs:570:17\n","nativeSavedFrame":{}},"formattedStack":"open@resource://gre/modules/ServiceRequest.sys.mjs:126:11\nfetch/<@resource://services-settings/Utils.sys.mjs:273:15\nfetch@resource://services-settings/Utils.sys.mjs:224:12\n_fetchAttachment@resource://services-settings/Attachments.sys.mjs:560:35\ndownloadAsBytes@resource://services-settings/Attachments.sys.mjs:537:35\nobserve@resource://gre/modules/AsyncShutdown.sys.mjs:570:17\n","nativeSavedFrame":{}}
2026-06-19 13:18:10,883 - MainProcess[log-interceptor-1492210741]- selenium_firefox     - DEBUG   : BROWSER 1492210741: driver: - message =
2026-06-19 13:18:10,883 - MainProcess[log-interceptor-1492210741]- selenium_firefox     - DEBUG   : BROWSER 1492210741: driver: - name =
2026-06-19 13:18:10,884 - MainProcess[log-interceptor-1492210741]- selenium_firefox     - DEBUG   : BROWSER 1492210741: driver: - result = 2152071198
2026-06-19 13:18:10,884 - MainProcess[log-interceptor-1492210741]- selenium_firefox     - DEBUG   : BROWSER 1492210741: driver: - stack = open@resource://gre/modules/ServiceRequest.sys.mjs:126:11|fetch/<@resource://services-settings/Utils.sys.mjs:273:15|fetch@resource://services-settings/Utils.sys.mjs:224:12|_fetchAttachment@resource://services-settings/Attachments.sys.mjs:560:35|downloadAsBytes@resource://services-settings/Attachments.sys.mjs:537:35|observe@resource://gre/modules/AsyncShutdown.sys.mjs:570:17|
2026-06-19 13:18:10,884 - MainProcess[log-interceptor-1492210741]- selenium_firefox     - DEBUG   : BROWSER 1492210741: driver: - prototype Object
2026-06-19 13:18:10,885 - MainProcess[log-interceptor-1492210741]- selenium_firefox     - DEBUG   : BROWSER 1492210741: driver: console.error: RemoteSecuritySettings:
2026-06-19 13:18:10,885 - MainProcess[log-interceptor-1492210741]- selenium_firefox     - DEBUG   : BROWSER 1492210741: driver: failed to download CRLite filter
2026-06-19 13:18:10,885 - MainProcess[log-interceptor-1492210741]- selenium_firefox     - DEBUG   : BROWSER 1492210741: driver: Object
2026-06-19 13:18:10,886 - MainProcess[log-interceptor-1492210741]- selenium_firefox     - DEBUG   : BROWSER 1492210741: driver: - prototype Object
2026-06-19 13:18:10,886 - MainProcess[log-interceptor-1492210741]- selenium_firefox     - DEBUG   : BROWSER 1492210741: driver: - columnNumber = 11
2026-06-19 13:18:10,886 - MainProcess[log-interceptor-1492210741]- selenium_firefox     - DEBUG   : BROWSER 1492210741: driver: - data = null
2026-06-19 13:18:10,886 - MainProcess[log-interceptor-1492210741]- selenium_firefox     - DEBUG   : BROWSER 1492210741: driver: - filename = resource://gre/modules/ServiceRequest.sys.mjs
2026-06-19 13:18:10,886 - MainProcess[log-interceptor-1492210741]- selenium_firefox     - DEBUG   : BROWSER 1492210741: driver: - lineNumber = 126
2026-06-19 13:18:10,887 - MainProcess[log-interceptor-1492210741]- selenium_firefox     - DEBUG   : BROWSER 1492210741: driver: - location = {"name":"open","filename":"resource://gre/modules/ServiceRequest.sys.mjs","sourceId":25,"lineNumber":126,"columnNumber":11,"asyncCause":null,"asyncCaller":null,"caller":{"filename":"resource://services-settings/Utils.sys.mjs","name":"fetch/<","sourceId":24,"lineNumber":273,"columnNumber":15,"asyncCause":null,"asyncCaller":null,"caller":{"filename":"resource://services-settings/Utils.sys.mjs","name":"fetch","sourceId":24,"lineNumber":224,"columnNumber":12,"asyncCause":null,"asyncCaller":null,"caller":{"filename":"resource://services-settings/Attachments.sys.mjs","name":"_fetchAttachment","sourceId":23,"lineNumber":560,"columnNumber":35,"asyncCause":null,"asyncCaller":null,"caller":{"filename":"resource://services-settings/Attachments.sys.mjs","name":"downloadAsBytes","sourceId":23,"lineNumber":537,"columnNumber":35,"asyncCause":null,"asyncCaller":null,"caller":{"filename":"resource://gre/modules/AsyncShutdown.sys.mjs","name":"observe","sourceId":15,"lineNumber":570,"columnNumber":17,"asyncCause":null,"asyncCaller":null,"caller":null,"formattedStack":"observe@resource://gre/modules/AsyncShutdown.sys.mjs:570:17\n","nativeSavedFrame":{}},"formattedStack":"downloadAsBytes@resource://services-settings/Attachments.sys.mjs:537:35\nobserve@resource://gre/modules/AsyncShutdown.sys.mjs:570:17\n","nativeSavedFrame":{}},"formattedStack":"_fetchAttachment@resource://services-settings/Attachments.sys.mjs:560:35\ndownloadAsBytes@resource://services-settings/Attachments.sys.mjs:537:35\nobserve@resource://gre/modules/AsyncShutdown.sys.mjs:570:17\n","nativeSavedFrame":{}},"formattedStack":"fetch@resource://services-settings/Utils.sys.mjs:224:12\n_fetchAttachment@resource://services-settings/Attachments.sys.mjs:560:35\ndownloadAsBytes@resource://services-settings/Attachments.sys.mjs:537:35\nobserve@resource://gre/modules/AsyncShutdown.sys.mjs:570:17\n","nativeSavedFrame":{}},"formattedStack":"fetch/<@resource://services-settings/Utils.sys.mjs:273:15\nfetch@resource://services-settings/Utils.sys.mjs:224:12\n_fetchAttachment@resource://services-settings/Attachments.sys.mjs:560:35\ndownloadAsBytes@resource://services-settings/Attachments.sys.mjs:537:35\nobserve@resource://gre/modules/AsyncShutdown.sys.mjs:570:17\n","nativeSavedFrame":{}},"formattedStack":"open@resource://gre/modules/ServiceRequest.sys.mjs:126:11\nfetch/<@resource://services-settings/Utils.sys.mjs:273:15\nfetch@resource://services-settings/Utils.sys.mjs:224:12\n_fetchAttachment@resource://services-settings/Attachments.sys.mjs:560:35\ndownloadAsBytes@resource://services-settings/Attachments.sys.mjs:537:35\nobserve@resource://gre/modules/AsyncShutdown.sys.mjs:570:17\n","nativeSavedFrame":{}}
2026-06-19 13:18:10,887 - MainProcess[log-interceptor-1492210741]- selenium_firefox     - DEBUG   : BROWSER 1492210741: driver: - message =
2026-06-19 13:18:10,887 - MainProcess[log-interceptor-1492210741]- selenium_firefox     - DEBUG   : BROWSER 1492210741: driver: - name =
2026-06-19 13:18:10,887 - MainProcess[log-interceptor-1492210741]- selenium_firefox     - DEBUG   : BROWSER 1492210741: driver: - result = 2152071198
2026-06-19 13:18:10,887 - MainProcess[log-interceptor-1492210741]- selenium_firefox     - DEBUG   : BROWSER 1492210741: driver: - stack = open@resource://gre/modules/ServiceRequest.sys.mjs:126:11|fetch/<@resource://services-settings/Utils.sys.mjs:273:15|fetch@resource://services-settings/Utils.sys.mjs:224:12|_fetchAttachment@resource://services-settings/Attachments.sys.mjs:560:35|downloadAsBytes@resource://services-settings/Attachments.sys.mjs:537:35|observe@resource://gre/modules/AsyncShutdown.sys.mjs:570:17|
2026-06-19 13:18:10,887 - MainProcess[log-interceptor-1492210741]- selenium_firefox     - DEBUG   : BROWSER 1492210741: driver: - prototype Object
2026-06-19 13:18:10,888 - MainProcess[log-interceptor-1492210741]- selenium_firefox     - DEBUG   : BROWSER 1492210741: driver: console.error: RemoteSecuritySettings:
2026-06-19 13:18:10,888 - MainProcess[log-interceptor-1492210741]- selenium_firefox     - DEBUG   : BROWSER 1492210741: driver: failed to download CRLite filter
2026-06-19 13:18:10,888 - MainProcess[log-interceptor-1492210741]- selenium_firefox     - DEBUG   : BROWSER 1492210741: driver: Object
2026-06-19 13:18:10,888 - MainProcess[log-interceptor-1492210741]- selenium_firefox     - DEBUG   : BROWSER 1492210741: driver: - prototype Object
2026-06-19 13:18:10,888 - MainProcess[log-interceptor-1492210741]- selenium_firefox     - DEBUG   : BROWSER 1492210741: driver: - columnNumber = 11
2026-06-19 13:18:10,889 - MainProcess[log-interceptor-1492210741]- selenium_firefox     - DEBUG   : BROWSER 1492210741: driver: - data = null
2026-06-19 13:18:10,889 - MainProcess[log-interceptor-1492210741]- selenium_firefox     - DEBUG   : BROWSER 1492210741: driver: - filename = resource://gre/modules/ServiceRequest.sys.mjs
2026-06-19 13:18:10,889 - MainProcess[log-interceptor-1492210741]- selenium_firefox     - DEBUG   : BROWSER 1492210741: driver: - lineNumber = 126
2026-06-19 13:18:10,889 - MainProcess[log-interceptor-1492210741]- selenium_firefox     - DEBUG   : BROWSER 1492210741: driver: - location = {"name":"open","filename":"resource://gre/modules/ServiceRequest.sys.mjs","sourceId":25,"lineNumber":126,"columnNumber":11,"asyncCause":null,"asyncCaller":null,"caller":{"filename":"resource://services-settings/Utils.sys.mjs","name":"fetch/<","sourceId":24,"lineNumber":273,"columnNumber":15,"asyncCause":null,"asyncCaller":null,"caller":{"filename":"resource://services-settings/Utils.sys.mjs","name":"fetch","sourceId":24,"lineNumber":224,"columnNumber":12,"asyncCause":null,"asyncCaller":null,"caller":{"filename":"resource://services-settings/Attachments.sys.mjs","name":"_fetchAttachment","sourceId":23,"lineNumber":560,"columnNumber":35,"asyncCause":null,"asyncCaller":null,"caller":{"filename":"resource://services-settings/Attachments.sys.mjs","name":"downloadAsBytes","sourceId":23,"lineNumber":537,"columnNumber":35,"asyncCause":null,"asyncCaller":null,"caller":{"filename":"resource://gre/modules/AsyncShutdown.sys.mjs","name":"observe","sourceId":15,"lineNumber":570,"columnNumber":17,"asyncCause":null,"asyncCaller":null,"caller":null,"formattedStack":"observe@resource://gre/modules/AsyncShutdown.sys.mjs:570:17\n","nativeSavedFrame":{}},"formattedStack":"downloadAsBytes@resource://services-settings/Attachments.sys.mjs:537:35\nobserve@resource://gre/modules/AsyncShutdown.sys.mjs:570:17\n","nativeSavedFrame":{}},"formattedStack":"_fetchAttachment@resource://services-settings/Attachments.sys.mjs:560:35\ndownloadAsBytes@resource://services-settings/Attachments.sys.mjs:537:35\nobserve@resource://gre/modules/AsyncShutdown.sys.mjs:570:17\n","nativeSavedFrame":{}},"formattedStack":"fetch@resource://services-settings/Utils.sys.mjs:224:12\n_fetchAttachment@resource://services-settings/Attachments.sys.mjs:560:35\ndownloadAsBytes@resource://services-settings/Attachments.sys.mjs:537:35\nobserve@resource://gre/modules/AsyncShutdown.sys.mjs:570:17\n","nativeSavedFrame":{}},"formattedStack":"fetch/<@resource://services-settings/Utils.sys.mjs:273:15\nfetch@resource://services-settings/Utils.sys.mjs:224:12\n_fetchAttachment@resource://services-settings/Attachments.sys.mjs:560:35\ndownloadAsBytes@resource://services-settings/Attachments.sys.mjs:537:35\nobserve@resource://gre/modules/AsyncShutdown.sys.mjs:570:17\n","nativeSavedFrame":{}},"formattedStack":"open@resource://gre/modules/ServiceRequest.sys.mjs:126:11\nfetch/<@resource://services-settings/Utils.sys.mjs:273:15\nfetch@resource://services-settings/Utils.sys.mjs:224:12\n_fetchAttachment@resource://services-settings/Attachments.sys.mjs:560:35\ndownloadAsBytes@resource://services-settings/Attachments.sys.mjs:537:35\nobserve@resource://gre/modules/AsyncShutdown.sys.mjs:570:17\n","nativeSavedFrame":{}}
2026-06-19 13:18:10,890 - MainProcess[log-interceptor-1492210741]- selenium_firefox     - DEBUG   : BROWSER 1492210741: driver: - message =
2026-06-19 13:18:10,890 - MainProcess[log-interceptor-1492210741]- selenium_firefox     - DEBUG   : BROWSER 1492210741: driver: - name =
2026-06-19 13:18:10,890 - MainProcess[log-interceptor-1492210741]- selenium_firefox     - DEBUG   : BROWSER 1492210741: driver: - result = 2152071198
2026-06-19 13:18:10,891 - MainProcess[log-interceptor-1492210741]- selenium_firefox     - DEBUG   : BROWSER 1492210741: driver: - stack = open@resource://gre/modules/ServiceRequest.sys.mjs:126:11|fetch/<@resource://services-settings/Utils.sys.mjs:273:15|fetch@resource://services-settings/Utils.sys.mjs:224:12|_fetchAttachment@resource://services-settings/Attachments.sys.mjs:560:35|downloadAsBytes@resource://services-settings/Attachments.sys.mjs:537:35|observe@resource://gre/modules/AsyncShutdown.sys.mjs:570:17|
2026-06-19 13:18:10,891 - MainProcess[log-interceptor-1492210741]- selenium_firefox     - DEBUG   : BROWSER 1492210741: driver: - prototype Object
2026-06-19 13:18:10,891 - MainProcess[log-interceptor-1492210741]- selenium_firefox     - DEBUG   : BROWSER 1492210741: driver: console.error: RemoteSecuritySettings:
2026-06-19 13:18:10,891 - MainProcess[log-interceptor-1492210741]- selenium_firefox     - DEBUG   : BROWSER 1492210741: driver: failed to download CRLite filter
2026-06-19 13:18:10,892 - MainProcess[log-interceptor-1492210741]- selenium_firefox     - DEBUG   : BROWSER 1492210741: driver: Object
2026-06-19 13:18:10,892 - MainProcess[log-interceptor-1492210741]- selenium_firefox     - DEBUG   : BROWSER 1492210741: driver: - prototype Object
2026-06-19 13:18:10,892 - MainProcess[log-interceptor-1492210741]- selenium_firefox     - DEBUG   : BROWSER 1492210741: driver: - columnNumber = 11
2026-06-19 13:18:10,892 - MainProcess[log-interceptor-1492210741]- selenium_firefox     - DEBUG   : BROWSER 1492210741: driver: - data = null
2026-06-19 13:18:10,893 - MainProcess[log-interceptor-1492210741]- selenium_firefox     - DEBUG   : BROWSER 1492210741: driver: - filename = resource://gre/modules/ServiceRequest.sys.mjs
2026-06-19 13:18:10,893 - MainProcess[log-interceptor-1492210741]- selenium_firefox     - DEBUG   : BROWSER 1492210741: driver: - lineNumber = 126
2026-06-19 13:18:10,893 - MainProcess[log-interceptor-1492210741]- selenium_firefox     - DEBUG   : BROWSER 1492210741: driver: - location = {"name":"open","filename":"resource://gre/modules/ServiceRequest.sys.mjs","sourceId":25,"lineNumber":126,"columnNumber":11,"asyncCause":null,"asyncCaller":null,"caller":{"filename":"resource://services-settings/Utils.sys.mjs","name":"fetch/<","sourceId":24,"lineNumber":273,"columnNumber":15,"asyncCause":null,"asyncCaller":null,"caller":{"filename":"resource://services-settings/Utils.sys.mjs","name":"fetch","sourceId":24,"lineNumber":224,"columnNumber":12,"asyncCause":null,"asyncCaller":null,"caller":{"filename":"resource://services-settings/Attachments.sys.mjs","name":"_fetchAttachment","sourceId":23,"lineNumber":560,"columnNumber":35,"asyncCause":null,"asyncCaller":null,"caller":{"filename":"resource://services-settings/Attachments.sys.mjs","name":"downloadAsBytes","sourceId":23,"lineNumber":537,"columnNumber":35,"asyncCause":null,"asyncCaller":null,"caller":{"filename":"resource://gre/modules/AsyncShutdown.sys.mjs","name":"observe","sourceId":15,"lineNumber":570,"columnNumber":17,"asyncCause":null,"asyncCaller":null,"caller":null,"formattedStack":"observe@resource://gre/modules/AsyncShutdown.sys.mjs:570:17\n","nativeSavedFrame":{}},"formattedStack":"downloadAsBytes@resource://services-settings/Attachments.sys.mjs:537:35\nobserve@resource://gre/modules/AsyncShutdown.sys.mjs:570:17\n","nativeSavedFrame":{}},"formattedStack":"_fetchAttachment@resource://services-settings/Attachments.sys.mjs:560:35\ndownloadAsBytes@resource://services-settings/Attachments.sys.mjs:537:35\nobserve@resource://gre/modules/AsyncShutdown.sys.mjs:570:17\n","nativeSavedFrame":{}},"formattedStack":"fetch@resource://services-settings/Utils.sys.mjs:224:12\n_fetchAttachment@resource://services-settings/Attachments.sys.mjs:560:35\ndownloadAsBytes@resource://services-settings/Attachments.sys.mjs:537:35\nobserve@resource://gre/modules/AsyncShutdown.sys.mjs:570:17\n","nativeSavedFrame":{}},"formattedStack":"fetch/<@resource://services-settings/Utils.sys.mjs:273:15\nfetch@resource://services-settings/Utils.sys.mjs:224:12\n_fetchAttachment@resource://services-settings/Attachments.sys.mjs:560:35\ndownloadAsBytes@resource://services-settings/Attachments.sys.mjs:537:35\nobserve@resource://gre/modules/AsyncShutdown.sys.mjs:570:17\n","nativeSavedFrame":{}},"formattedStack":"open@resource://gre/modules/ServiceRequest.sys.mjs:126:11\nfetch/<@resource://services-settings/Utils.sys.mjs:273:15\nfetch@resource://services-settings/Utils.sys.mjs:224:12\n_fetchAttachment@resource://services-settings/Attachments.sys.mjs:560:35\ndownloadAsBytes@resource://services-settings/Attachments.sys.mjs:537:35\nobserve@resource://gre/modules/AsyncShutdown.sys.mjs:570:17\n","nativeSavedFrame":{}}
2026-06-19 13:18:10,894 - MainProcess[log-interceptor-1492210741]- selenium_firefox     - DEBUG   : BROWSER 1492210741: driver: - message =
2026-06-19 13:18:10,894 - MainProcess[log-interceptor-1492210741]- selenium_firefox     - DEBUG   : BROWSER 1492210741: driver: - name =
2026-06-19 13:18:10,894 - MainProcess[log-interceptor-1492210741]- selenium_firefox     - DEBUG   : BROWSER 1492210741: driver: - result = 2152071198
2026-06-19 13:18:10,895 - MainProcess[log-interceptor-1492210741]- selenium_firefox     - DEBUG   : BROWSER 1492210741: driver: - stack = open@resource://gre/modules/ServiceRequest.sys.mjs:126:11|fetch/<@resource://services-settings/Utils.sys.mjs:273:15|fetch@resource://services-settings/Utils.sys.mjs:224:12|_fetchAttachment@resource://services-settings/Attachments.sys.mjs:560:35|downloadAsBytes@resource://services-settings/Attachments.sys.mjs:537:35|observe@resource://gre/modules/AsyncShutdown.sys.mjs:570:17|
2026-06-19 13:18:10,895 - MainProcess[log-interceptor-1492210741]- selenium_firefox     - DEBUG   : BROWSER 1492210741: driver: - prototype Object
2026-06-19 13:18:10,895 - MainProcess[log-interceptor-1492210741]- selenium_firefox     - DEBUG   : BROWSER 1492210741: driver: console.error: RemoteSecuritySettings:
2026-06-19 13:18:10,896 - MainProcess[log-interceptor-1492210741]- selenium_firefox     - DEBUG   : BROWSER 1492210741: driver: failed to download CRLite filter
2026-06-19 13:18:10,896 - MainProcess[log-interceptor-1492210741]- selenium_firefox     - DEBUG   : BROWSER 1492210741: driver: Object
2026-06-19 13:18:10,896 - MainProcess[log-interceptor-1492210741]- selenium_firefox     - DEBUG   : BROWSER 1492210741: driver: - prototype Object
2026-06-19 13:18:10,897 - MainProcess[log-interceptor-1492210741]- selenium_firefox     - DEBUG   : BROWSER 1492210741: driver: - columnNumber = 11
2026-06-19 13:18:10,897 - MainProcess[log-interceptor-1492210741]- selenium_firefox     - DEBUG   : BROWSER 1492210741: driver: - data = null
2026-06-19 13:18:10,897 - MainProcess[log-interceptor-1492210741]- selenium_firefox     - DEBUG   : BROWSER 1492210741: driver: - filename = resource://gre/modules/ServiceRequest.sys.mjs
2026-06-19 13:18:10,898 - MainProcess[log-interceptor-1492210741]- selenium_firefox     - DEBUG   : BROWSER 1492210741: driver: - lineNumber = 126
2026-06-19 13:18:10,898 - MainProcess[log-interceptor-1492210741]- selenium_firefox     - DEBUG   : BROWSER 1492210741: driver: - location = {"name":"open","filename":"resource://gre/modules/ServiceRequest.sys.mjs","sourceId":25,"lineNumber":126,"columnNumber":11,"asyncCause":null,"asyncCaller":null,"caller":{"filename":"resource://services-settings/Utils.sys.mjs","name":"fetch/<","sourceId":24,"lineNumber":273,"columnNumber":15,"asyncCause":null,"asyncCaller":null,"caller":{"filename":"resource://services-settings/Utils.sys.mjs","name":"fetch","sourceId":24,"lineNumber":224,"columnNumber":12,"asyncCause":null,"asyncCaller":null,"caller":{"filename":"resource://services-settings/Attachments.sys.mjs","name":"_fetchAttachment","sourceId":23,"lineNumber":560,"columnNumber":35,"asyncCause":null,"asyncCaller":null,"caller":{"filename":"resource://services-settings/Attachments.sys.mjs","name":"downloadAsBytes","sourceId":23,"lineNumber":537,"columnNumber":35,"asyncCause":null,"asyncCaller":null,"caller":{"filename":"resource://gre/modules/AsyncShutdown.sys.mjs","name":"observe","sourceId":15,"lineNumber":570,"columnNumber":17,"asyncCause":null,"asyncCaller":null,"caller":null,"formattedStack":"observe@resource://gre/modules/AsyncShutdown.sys.mjs:570:17\n","nativeSavedFrame":{}},"formattedStack":"downloadAsBytes@resource://services-settings/Attachments.sys.mjs:537:35\nobserve@resource://gre/modules/AsyncShutdown.sys.mjs:570:17\n","nativeSavedFrame":{}},"formattedStack":"_fetchAttachment@resource://services-settings/Attachments.sys.mjs:560:35\ndownloadAsBytes@resource://services-settings/Attachments.sys.mjs:537:35\nobserve@resource://gre/modules/AsyncShutdown.sys.mjs:570:17\n","nativeSavedFrame":{}},"formattedStack":"fetch@resource://services-settings/Utils.sys.mjs:224:12\n_fetchAttachment@resource://services-settings/Attachments.sys.mjs:560:35\ndownloadAsBytes@resource://services-settings/Attachments.sys.mjs:537:35\nobserve@resource://gre/modules/AsyncShutdown.sys.mjs:570:17\n","nativeSavedFrame":{}},"formattedStack":"fetch/<@resource://services-settings/Utils.sys.mjs:273:15\nfetch@resource://services-settings/Utils.sys.mjs:224:12\n_fetchAttachment@resource://services-settings/Attachments.sys.mjs:560:35\ndownloadAsBytes@resource://services-settings/Attachments.sys.mjs:537:35\nobserve@resource://gre/modules/AsyncShutdown.sys.mjs:570:17\n","nativeSavedFrame":{}},"formattedStack":"open@resource://gre/modules/ServiceRequest.sys.mjs:126:11\nfetch/<@resource://services-settings/Utils.sys.mjs:273:15\nfetch@resource://services-settings/Utils.sys.mjs:224:12\n_fetchAttachment@resource://services-settings/Attachments.sys.mjs:560:35\ndownloadAsBytes@resource://services-settings/Attachments.sys.mjs:537:35\nobserve@resource://gre/modules/AsyncShutdown.sys.mjs:570:17\n","nativeSavedFrame":{}}
2026-06-19 13:18:10,898 - MainProcess[log-interceptor-1492210741]- selenium_firefox     - DEBUG   : BROWSER 1492210741: driver: - message =
2026-06-19 13:18:10,899 - MainProcess[log-interceptor-1492210741]- selenium_firefox     - DEBUG   : BROWSER 1492210741: driver: - name =
2026-06-19 13:18:10,899 - MainProcess[log-interceptor-1492210741]- selenium_firefox     - DEBUG   : BROWSER 1492210741: driver: - result = 2152071198
2026-06-19 13:18:10,899 - MainProcess[log-interceptor-1492210741]- selenium_firefox     - DEBUG   : BROWSER 1492210741: driver: - stack = open@resource://gre/modules/ServiceRequest.sys.mjs:126:11|fetch/<@resource://services-settings/Utils.sys.mjs:273:15|fetch@resource://services-settings/Utils.sys.mjs:224:12|_fetchAttachment@resource://services-settings/Attachments.sys.mjs:560:35|downloadAsBytes@resource://services-settings/Attachments.sys.mjs:537:35|observe@resource://gre/modules/AsyncShutdown.sys.mjs:570:17|
2026-06-19 13:18:10,899 - MainProcess[log-interceptor-1492210741]- selenium_firefox     - DEBUG   : BROWSER 1492210741: driver: - prototype Object
2026-06-19 13:18:10,899 - MainProcess[log-interceptor-1492210741]- selenium_firefox     - DEBUG   : BROWSER 1492210741: driver: console.error: RemoteSecuritySettings:
2026-06-19 13:18:10,899 - MainProcess[log-interceptor-1492210741]- selenium_firefox     - DEBUG   : BROWSER 1492210741: driver: failed to download CRLite filter
2026-06-19 13:18:10,900 - MainProcess[log-interceptor-1492210741]- selenium_firefox     - DEBUG   : BROWSER 1492210741: driver: Object
2026-06-19 13:18:10,900 - MainProcess[log-interceptor-1492210741]- selenium_firefox     - DEBUG   : BROWSER 1492210741: driver: - prototype Object
2026-06-19 13:18:10,900 - MainProcess[log-interceptor-1492210741]- selenium_firefox     - DEBUG   : BROWSER 1492210741: driver: - columnNumber = 11
2026-06-19 13:18:10,900 - MainProcess[log-interceptor-1492210741]- selenium_firefox     - DEBUG   : BROWSER 1492210741: driver: - data = null
2026-06-19 13:18:10,900 - MainProcess[log-interceptor-1492210741]- selenium_firefox     - DEBUG   : BROWSER 1492210741: driver: - filename = resource://gre/modules/ServiceRequest.sys.mjs
2026-06-19 13:18:10,901 - MainProcess[log-interceptor-1492210741]- selenium_firefox     - DEBUG   : BROWSER 1492210741: driver: - lineNumber = 126
2026-06-19 13:18:10,901 - MainProcess[log-interceptor-1492210741]- selenium_firefox     - DEBUG   : BROWSER 1492210741: driver: - location = {"name":"open","filename":"resource://gre/modules/ServiceRequest.sys.mjs","sourceId":25,"lineNumber":126,"columnNumber":11,"asyncCause":null,"asyncCaller":null,"caller":{"filename":"resource://services-settings/Utils.sys.mjs","name":"fetch/<","sourceId":24,"lineNumber":273,"columnNumber":15,"asyncCause":null,"asyncCaller":null,"caller":{"filename":"resource://services-settings/Utils.sys.mjs","name":"fetch","sourceId":24,"lineNumber":224,"columnNumber":12,"asyncCause":null,"asyncCaller":null,"caller":{"filename":"resource://services-settings/Attachments.sys.mjs","name":"_fetchAttachment","sourceId":23,"lineNumber":560,"columnNumber":35,"asyncCause":null,"asyncCaller":null,"caller":{"filename":"resource://services-settings/Attachments.sys.mjs","name":"downloadAsBytes","sourceId":23,"lineNumber":537,"columnNumber":35,"asyncCause":null,"asyncCaller":null,"caller":{"filename":"resource://gre/modules/AsyncShutdown.sys.mjs","name":"observe","sourceId":15,"lineNumber":570,"columnNumber":17,"asyncCause":null,"asyncCaller":null,"caller":null,"formattedStack":"observe@resource://gre/modules/AsyncShutdown.sys.mjs:570:17\n","nativeSavedFrame":{}},"formattedStack":"downloadAsBytes@resource://services-settings/Attachments.sys.mjs:537:35\nobserve@resource://gre/modules/AsyncShutdown.sys.mjs:570:17\n","nativeSavedFrame":{}},"formattedStack":"_fetchAttachment@resource://services-settings/Attachments.sys.mjs:560:35\ndownloadAsBytes@resource://services-settings/Attachments.sys.mjs:537:35\nobserve@resource://gre/modules/AsyncShutdown.sys.mjs:570:17\n","nativeSavedFrame":{}},"formattedStack":"fetch@resource://services-settings/Utils.sys.mjs:224:12\n_fetchAttachment@resource://services-settings/Attachments.sys.mjs:560:35\ndownloadAsBytes@resource://services-settings/Attachments.sys.mjs:537:35\nobserve@resource://gre/modules/AsyncShutdown.sys.mjs:570:17\n","nativeSavedFrame":{}},"formattedStack":"fetch/<@resource://services-settings/Utils.sys.mjs:273:15\nfetch@resource://services-settings/Utils.sys.mjs:224:12\n_fetchAttachment@resource://services-settings/Attachments.sys.mjs:560:35\ndownloadAsBytes@resource://services-settings/Attachments.sys.mjs:537:35\nobserve@resource://gre/modules/AsyncShutdown.sys.mjs:570:17\n","nativeSavedFrame":{}},"formattedStack":"open@resource://gre/modules/ServiceRequest.sys.mjs:126:11\nfetch/<@resource://services-settings/Utils.sys.mjs:273:15\nfetch@resource://services-settings/Utils.sys.mjs:224:12\n_fetchAttachment@resource://services-settings/Attachments.sys.mjs:560:35\ndownloadAsBytes@resource://services-settings/Attachments.sys.mjs:537:35\nobserve@resource://gre/modules/AsyncShutdown.sys.mjs:570:17\n","nativeSavedFrame":{}}
2026-06-19 13:18:10,901 - MainProcess[log-interceptor-1492210741]- selenium_firefox     - DEBUG   : BROWSER 1492210741: driver: - message =
2026-06-19 13:18:10,902 - MainProcess[log-interceptor-1492210741]- selenium_firefox     - DEBUG   : BROWSER 1492210741: driver: - name =
2026-06-19 13:18:10,902 - MainProcess[log-interceptor-1492210741]- selenium_firefox     - DEBUG   : BROWSER 1492210741: driver: - result = 2152071198
2026-06-19 13:18:10,902 - MainProcess[log-interceptor-1492210741]- selenium_firefox     - DEBUG   : BROWSER 1492210741: driver: - stack = open@resource://gre/modules/ServiceRequest.sys.mjs:126:11|fetch/<@resource://services-settings/Utils.sys.mjs:273:15|fetch@resource://services-settings/Utils.sys.mjs:224:12|_fetchAttachment@resource://services-settings/Attachments.sys.mjs:560:35|downloadAsBytes@resource://services-settings/Attachments.sys.mjs:537:35|observe@resource://gre/modules/AsyncShutdown.sys.mjs:570:17|
2026-06-19 13:18:10,903 - MainProcess[log-interceptor-1492210741]- selenium_firefox     - DEBUG   : BROWSER 1492210741: driver: - prototype Object
2026-06-19 13:18:10,903 - MainProcess[log-interceptor-1492210741]- selenium_firefox     - DEBUG   : BROWSER 1492210741: driver: console.error: RemoteSecuritySettings:
2026-06-19 13:18:10,903 - MainProcess[log-interceptor-1492210741]- selenium_firefox     - DEBUG   : BROWSER 1492210741: driver: failed to download CRLite filter
2026-06-19 13:18:10,904 - MainProcess[log-interceptor-1492210741]- selenium_firefox     - DEBUG   : BROWSER 1492210741: driver: Object
2026-06-19 13:18:10,904 - MainProcess[log-interceptor-1492210741]- selenium_firefox     - DEBUG   : BROWSER 1492210741: driver: - prototype Object
2026-06-19 13:18:10,904 - MainProcess[log-interceptor-1492210741]- selenium_firefox     - DEBUG   : BROWSER 1492210741: driver: - columnNumber = 11
2026-06-19 13:18:10,905 - MainProcess[log-interceptor-1492210741]- selenium_firefox     - DEBUG   : BROWSER 1492210741: driver: - data = null
2026-06-19 13:18:10,905 - MainProcess[log-interceptor-1492210741]- selenium_firefox     - DEBUG   : BROWSER 1492210741: driver: - filename = resource://gre/modules/ServiceRequest.sys.mjs
2026-06-19 13:18:10,905 - MainProcess[log-interceptor-1492210741]- selenium_firefox     - DEBUG   : BROWSER 1492210741: driver: - lineNumber = 126
2026-06-19 13:18:10,906 - MainProcess[log-interceptor-1492210741]- selenium_firefox     - DEBUG   : BROWSER 1492210741: driver: - location = {"name":"open","filename":"resource://gre/modules/ServiceRequest.sys.mjs","sourceId":25,"lineNumber":126,"columnNumber":11,"asyncCause":null,"asyncCaller":null,"caller":{"filename":"resource://services-settings/Utils.sys.mjs","name":"fetch/<","sourceId":24,"lineNumber":273,"columnNumber":15,"asyncCause":null,"asyncCaller":null,"caller":{"filename":"resource://services-settings/Utils.sys.mjs","name":"fetch","sourceId":24,"lineNumber":224,"columnNumber":12,"asyncCause":null,"asyncCaller":null,"caller":{"filename":"resource://services-settings/Attachments.sys.mjs","name":"_fetchAttachment","sourceId":23,"lineNumber":560,"columnNumber":35,"asyncCause":null,"asyncCaller":null,"caller":{"filename":"resource://services-settings/Attachments.sys.mjs","name":"downloadAsBytes","sourceId":23,"lineNumber":537,"columnNumber":35,"asyncCause":null,"asyncCaller":null,"caller":{"filename":"resource://gre/modules/AsyncShutdown.sys.mjs","name":"observe","sourceId":15,"lineNumber":570,"columnNumber":17,"asyncCause":null,"asyncCaller":null,"caller":null,"formattedStack":"observe@resource://gre/modules/AsyncShutdown.sys.mjs:570:17\n","nativeSavedFrame":{}},"formattedStack":"downloadAsBytes@resource://services-settings/Attachments.sys.mjs:537:35\nobserve@resource://gre/modules/AsyncShutdown.sys.mjs:570:17\n","nativeSavedFrame":{}},"formattedStack":"_fetchAttachment@resource://services-settings/Attachments.sys.mjs:560:35\ndownloadAsBytes@resource://services-settings/Attachments.sys.mjs:537:35\nobserve@resource://gre/modules/AsyncShutdown.sys.mjs:570:17\n","nativeSavedFrame":{}},"formattedStack":"fetch@resource://services-settings/Utils.sys.mjs:224:12\n_fetchAttachment@resource://services-settings/Attachments.sys.mjs:560:35\ndownloadAsBytes@resource://services-settings/Attachments.sys.mjs:537:35\nobserve@resource://gre/modules/AsyncShutdown.sys.mjs:570:17\n","nativeSavedFrame":{}},"formattedStack":"fetch/<@resource://services-settings/Utils.sys.mjs:273:15\nfetch@resource://services-settings/Utils.sys.mjs:224:12\n_fetchAttachment@resource://services-settings/Attachments.sys.mjs:560:35\ndownloadAsBytes@resource://services-settings/Attachments.sys.mjs:537:35\nobserve@resource://gre/modules/AsyncShutdown.sys.mjs:570:17\n","nativeSavedFrame":{}},"formattedStack":"open@resource://gre/modules/ServiceRequest.sys.mjs:126:11\nfetch/<@resource://services-settings/Utils.sys.mjs:273:15\nfetch@resource://services-settings/Utils.sys.mjs:224:12\n_fetchAttachment@resource://services-settings/Attachments.sys.mjs:560:35\ndownloadAsBytes@resource://services-settings/Attachments.sys.mjs:537:35\nobserve@resource://gre/modules/AsyncShutdown.sys.mjs:570:17\n","nativeSavedFrame":{}}
2026-06-19 13:18:10,906 - MainProcess[log-interceptor-1492210741]- selenium_firefox     - DEBUG   : BROWSER 1492210741: driver: - message =
2026-06-19 13:18:10,906 - MainProcess[log-interceptor-1492210741]- selenium_firefox     - DEBUG   : BROWSER 1492210741: driver: - name =
2026-06-19 13:18:10,907 - MainProcess[log-interceptor-1492210741]- selenium_firefox     - DEBUG   : BROWSER 1492210741: driver: - result = 2152071198
2026-06-19 13:18:10,907 - MainProcess[log-interceptor-1492210741]- selenium_firefox     - DEBUG   : BROWSER 1492210741: driver: - stack = open@resource://gre/modules/ServiceRequest.sys.mjs:126:11|fetch/<@resource://services-settings/Utils.sys.mjs:273:15|fetch@resource://services-settings/Utils.sys.mjs:224:12|_fetchAttachment@resource://services-settings/Attachments.sys.mjs:560:35|downloadAsBytes@resource://services-settings/Attachments.sys.mjs:537:35|observe@resource://gre/modules/AsyncShutdown.sys.mjs:570:17|
2026-06-19 13:18:10,907 - MainProcess[log-interceptor-1492210741]- selenium_firefox     - DEBUG   : BROWSER 1492210741: driver: - prototype Object
2026-06-19 13:18:10,908 - MainProcess[log-interceptor-1492210741]- selenium_firefox     - DEBUG   : BROWSER 1492210741: driver: console.error: RemoteSecuritySettings:
2026-06-19 13:18:10,908 - MainProcess[log-interceptor-1492210741]- selenium_firefox     - DEBUG   : BROWSER 1492210741: driver: failed to download CRLite filter
2026-06-19 13:18:10,908 - MainProcess[log-interceptor-1492210741]- selenium_firefox     - DEBUG   : BROWSER 1492210741: driver: Object
2026-06-19 13:18:10,909 - MainProcess[log-interceptor-1492210741]- selenium_firefox     - DEBUG   : BROWSER 1492210741: driver: - prototype Object
2026-06-19 13:18:10,909 - MainProcess[log-interceptor-1492210741]- selenium_firefox     - DEBUG   : BROWSER 1492210741: driver: - columnNumber = 11
2026-06-19 13:18:10,910 - MainProcess[log-interceptor-1492210741]- selenium_firefox     - DEBUG   : BROWSER 1492210741: driver: - data = null
2026-06-19 13:18:10,910 - MainProcess[log-interceptor-1492210741]- selenium_firefox     - DEBUG   : BROWSER 1492210741: driver: - filename = resource://gre/modules/ServiceRequest.sys.mjs
2026-06-19 13:18:10,910 - MainProcess[log-interceptor-1492210741]- selenium_firefox     - DEBUG   : BROWSER 1492210741: driver: - lineNumber = 126
2026-06-19 13:18:10,911 - MainProcess[log-interceptor-1492210741]- selenium_firefox     - DEBUG   : BROWSER 1492210741: driver: - location = {"name":"open","filename":"resource://gre/modules/ServiceRequest.sys.mjs","sourceId":25,"lineNumber":126,"columnNumber":11,"asyncCause":null,"asyncCaller":null,"caller":{"filename":"resource://services-settings/Utils.sys.mjs","name":"fetch/<","sourceId":24,"lineNumber":273,"columnNumber":15,"asyncCause":null,"asyncCaller":null,"caller":{"filename":"resource://services-settings/Utils.sys.mjs","name":"fetch","sourceId":24,"lineNumber":224,"columnNumber":12,"asyncCause":null,"asyncCaller":null,"caller":{"filename":"resource://services-settings/Attachments.sys.mjs","name":"_fetchAttachment","sourceId":23,"lineNumber":560,"columnNumber":35,"asyncCause":null,"asyncCaller":null,"caller":{"filename":"resource://services-settings/Attachments.sys.mjs","name":"downloadAsBytes","sourceId":23,"lineNumber":537,"columnNumber":35,"asyncCause":null,"asyncCaller":null,"caller":{"filename":"resource://gre/modules/AsyncShutdown.sys.mjs","name":"observe","sourceId":15,"lineNumber":570,"columnNumber":17,"asyncCause":null,"asyncCaller":null,"caller":null,"formattedStack":"observe@resource://gre/modules/AsyncShutdown.sys.mjs:570:17\n","nativeSavedFrame":{}},"formattedStack":"downloadAsBytes@resource://services-settings/Attachments.sys.mjs:537:35\nobserve@resource://gre/modules/AsyncShutdown.sys.mjs:570:17\n","nativeSavedFrame":{}},"formattedStack":"_fetchAttachment@resource://services-settings/Attachments.sys.mjs:560:35\ndownloadAsBytes@resource://services-settings/Attachments.sys.mjs:537:35\nobserve@resource://gre/modules/AsyncShutdown.sys.mjs:570:17\n","nativeSavedFrame":{}},"formattedStack":"fetch@resource://services-settings/Utils.sys.mjs:224:12\n_fetchAttachment@resource://services-settings/Attachments.sys.mjs:560:35\ndownloadAsBytes@resource://services-settings/Attachments.sys.mjs:537:35\nobserve@resource://gre/modules/AsyncShutdown.sys.mjs:570:17\n","nativeSavedFrame":{}},"formattedStack":"fetch/<@resource://services-settings/Utils.sys.mjs:273:15\nfetch@resource://services-settings/Utils.sys.mjs:224:12\n_fetchAttachment@resource://services-settings/Attachments.sys.mjs:560:35\ndownloadAsBytes@resource://services-settings/Attachments.sys.mjs:537:35\nobserve@resource://gre/modules/AsyncShutdown.sys.mjs:570:17\n","nativeSavedFrame":{}},"formattedStack":"open@resource://gre/modules/ServiceRequest.sys.mjs:126:11\nfetch/<@resource://services-settings/Utils.sys.mjs:273:15\nfetch@resource://services-settings/Utils.sys.mjs:224:12\n_fetchAttachment@resource://services-settings/Attachments.sys.mjs:560:35\ndownloadAsBytes@resource://services-settings/Attachments.sys.mjs:537:35\nobserve@resource://gre/modules/AsyncShutdown.sys.mjs:570:17\n","nativeSavedFrame":{}}
2026-06-19 13:18:10,911 - MainProcess[log-interceptor-1492210741]- selenium_firefox     - DEBUG   : BROWSER 1492210741: driver: - message =
2026-06-19 13:18:10,912 - MainProcess[log-interceptor-1492210741]- selenium_firefox     - DEBUG   : BROWSER 1492210741: driver: - name =
2026-06-19 13:18:10,912 - MainProcess[log-interceptor-1492210741]- selenium_firefox     - DEBUG   : BROWSER 1492210741: driver: - result = 2152071198
2026-06-19 13:18:10,912 - MainProcess[log-interceptor-1492210741]- selenium_firefox     - DEBUG   : BROWSER 1492210741: driver: - stack = open@resource://gre/modules/ServiceRequest.sys.mjs:126:11|fetch/<@resource://services-settings/Utils.sys.mjs:273:15|fetch@resource://services-settings/Utils.sys.mjs:224:12|_fetchAttachment@resource://services-settings/Attachments.sys.mjs:560:35|downloadAsBytes@resource://services-settings/Attachments.sys.mjs:537:35|observe@resource://gre/modules/AsyncShutdown.sys.mjs:570:17|
2026-06-19 13:18:10,913 - MainProcess[log-interceptor-1492210741]- selenium_firefox     - DEBUG   : BROWSER 1492210741: driver: - prototype Object
2026-06-19 13:18:10,913 - MainProcess[log-interceptor-1492210741]- selenium_firefox     - DEBUG   : BROWSER 1492210741: driver: console.error: RemoteSecuritySettings:
2026-06-19 13:18:10,913 - MainProcess[log-interceptor-1492210741]- selenium_firefox     - DEBUG   : BROWSER 1492210741: driver: failed to download CRLite filter
2026-06-19 13:18:10,914 - MainProcess[log-interceptor-1492210741]- selenium_firefox     - DEBUG   : BROWSER 1492210741: driver: Object
2026-06-19 13:18:10,914 - MainProcess[log-interceptor-1492210741]- selenium_firefox     - DEBUG   : BROWSER 1492210741: driver: - prototype Object
2026-06-19 13:18:10,914 - MainProcess[log-interceptor-1492210741]- selenium_firefox     - DEBUG   : BROWSER 1492210741: driver: - columnNumber = 11
2026-06-19 13:18:10,915 - MainProcess[log-interceptor-1492210741]- selenium_firefox     - DEBUG   : BROWSER 1492210741: driver: - data = null
2026-06-19 13:18:10,915 - MainProcess[log-interceptor-1492210741]- selenium_firefox     - DEBUG   : BROWSER 1492210741: driver: - filename = resource://gre/modules/ServiceRequest.sys.mjs
2026-06-19 13:18:10,915 - MainProcess[log-interceptor-1492210741]- selenium_firefox     - DEBUG   : BROWSER 1492210741: driver: - lineNumber = 126
2026-06-19 13:18:10,916 - MainProcess[log-interceptor-1492210741]- selenium_firefox     - DEBUG   : BROWSER 1492210741: driver: - location = {"name":"open","filename":"resource://gre/modules/ServiceRequest.sys.mjs","sourceId":25,"lineNumber":126,"columnNumber":11,"asyncCause":null,"asyncCaller":null,"caller":{"filename":"resource://services-settings/Utils.sys.mjs","name":"fetch/<","sourceId":24,"lineNumber":273,"columnNumber":15,"asyncCause":null,"asyncCaller":null,"caller":{"filename":"resource://services-settings/Utils.sys.mjs","name":"fetch","sourceId":24,"lineNumber":224,"columnNumber":12,"asyncCause":null,"asyncCaller":null,"caller":{"filename":"resource://services-settings/Attachments.sys.mjs","name":"_fetchAttachment","sourceId":23,"lineNumber":560,"columnNumber":35,"asyncCause":null,"asyncCaller":null,"caller":{"filename":"resource://services-settings/Attachments.sys.mjs","name":"downloadAsBytes","sourceId":23,"lineNumber":537,"columnNumber":35,"asyncCause":null,"asyncCaller":null,"caller":{"filename":"resource://gre/modules/AsyncShutdown.sys.mjs","name":"observe","sourceId":15,"lineNumber":570,"columnNumber":17,"asyncCause":null,"asyncCaller":null,"caller":null,"formattedStack":"observe@resource://gre/modules/AsyncShutdown.sys.mjs:570:17\n","nativeSavedFrame":{}},"formattedStack":"downloadAsBytes@resource://services-settings/Attachments.sys.mjs:537:35\nobserve@resource://gre/modules/AsyncShutdown.sys.mjs:570:17\n","nativeSavedFrame":{}},"formattedStack":"_fetchAttachment@resource://services-settings/Attachments.sys.mjs:560:35\ndownloadAsBytes@resource://services-settings/Attachments.sys.mjs:537:35\nobserve@resource://gre/modules/AsyncShutdown.sys.mjs:570:17\n","nativeSavedFrame":{}},"formattedStack":"fetch@resource://services-settings/Utils.sys.mjs:224:12\n_fetchAttachment@resource://services-settings/Attachments.sys.mjs:560:35\ndownloadAsBytes@resource://services-settings/Attachments.sys.mjs:537:35\nobserve@resource://gre/modules/AsyncShutdown.sys.mjs:570:17\n","nativeSavedFrame":{}},"formattedStack":"fetch/<@resource://services-settings/Utils.sys.mjs:273:15\nfetch@resource://services-settings/Utils.sys.mjs:224:12\n_fetchAttachment@resource://services-settings/Attachments.sys.mjs:560:35\ndownloadAsBytes@resource://services-settings/Attachments.sys.mjs:537:35\nobserve@resource://gre/modules/AsyncShutdown.sys.mjs:570:17\n","nativeSavedFrame":{}},"formattedStack":"open@resource://gre/modules/ServiceRequest.sys.mjs:126:11\nfetch/<@resource://services-settings/Utils.sys.mjs:273:15\nfetch@resource://services-settings/Utils.sys.mjs:224:12\n_fetchAttachment@resource://services-settings/Attachments.sys.mjs:560:35\ndownloadAsBytes@resource://services-settings/Attachments.sys.mjs:537:35\nobserve@resource://gre/modules/AsyncShutdown.sys.mjs:570:17\n","nativeSavedFrame":{}}
2026-06-19 13:18:10,916 - MainProcess[log-interceptor-1492210741]- selenium_firefox     - DEBUG   : BROWSER 1492210741: driver: - message =
2026-06-19 13:18:10,916 - MainProcess[log-interceptor-1492210741]- selenium_firefox     - DEBUG   : BROWSER 1492210741: driver: - name =
2026-06-19 13:18:10,916 - MainProcess[log-interceptor-1492210741]- selenium_firefox     - DEBUG   : BROWSER 1492210741: driver: - result = 2152071198
2026-06-19 13:18:10,917 - MainProcess[log-interceptor-1492210741]- selenium_firefox     - DEBUG   : BROWSER 1492210741: driver: - stack = open@resource://gre/modules/ServiceRequest.sys.mjs:126:11|fetch/<@resource://services-settings/Utils.sys.mjs:273:15|fetch@resource://services-settings/Utils.sys.mjs:224:12|_fetchAttachment@resource://services-settings/Attachments.sys.mjs:560:35|downloadAsBytes@resource://services-settings/Attachments.sys.mjs:537:35|observe@resource://gre/modules/AsyncShutdown.sys.mjs:570:17|
2026-06-19 13:18:10,917 - MainProcess[log-interceptor-1492210741]- selenium_firefox     - DEBUG   : BROWSER 1492210741: driver: - prototype Object
2026-06-19 13:18:10,917 - MainProcess[log-interceptor-1492210741]- selenium_firefox     - DEBUG   : BROWSER 1492210741: driver: console.error: RemoteSecuritySettings:
2026-06-19 13:18:10,918 - MainProcess[log-interceptor-1492210741]- selenium_firefox     - DEBUG   : BROWSER 1492210741: driver: failed to download CRLite filter
2026-06-19 13:18:10,918 - MainProcess[log-interceptor-1492210741]- selenium_firefox     - DEBUG   : BROWSER 1492210741: driver: Object
2026-06-19 13:18:10,918 - MainProcess[log-interceptor-1492210741]- selenium_firefox     - DEBUG   : BROWSER 1492210741: driver: - prototype Object
2026-06-19 13:18:10,919 - MainProcess[log-interceptor-1492210741]- selenium_firefox     - DEBUG   : BROWSER 1492210741: driver: - columnNumber = 11
2026-06-19 13:18:10,919 - MainProcess[log-interceptor-1492210741]- selenium_firefox     - DEBUG   : BROWSER 1492210741: driver: - data = null
2026-06-19 13:18:10,919 - MainProcess[log-interceptor-1492210741]- selenium_firefox     - DEBUG   : BROWSER 1492210741: driver: - filename = resource://gre/modules/ServiceRequest.sys.mjs
2026-06-19 13:18:10,920 - MainProcess[log-interceptor-1492210741]- selenium_firefox     - DEBUG   : BROWSER 1492210741: driver: - lineNumber = 126
2026-06-19 13:18:10,920 - MainProcess[log-interceptor-1492210741]- selenium_firefox     - DEBUG   : BROWSER 1492210741: driver: - location = {"name":"open","filename":"resource://gre/modules/ServiceRequest.sys.mjs","sourceId":25,"lineNumber":126,"columnNumber":11,"asyncCause":null,"asyncCaller":null,"caller":{"filename":"resource://services-settings/Utils.sys.mjs","name":"fetch/<","sourceId":24,"lineNumber":273,"columnNumber":15,"asyncCause":null,"asyncCaller":null,"caller":{"filename":"resource://services-settings/Utils.sys.mjs","name":"fetch","sourceId":24,"lineNumber":224,"columnNumber":12,"asyncCause":null,"asyncCaller":null,"caller":{"filename":"resource://services-settings/Attachments.sys.mjs","name":"_fetchAttachment","sourceId":23,"lineNumber":560,"columnNumber":35,"asyncCause":null,"asyncCaller":null,"caller":{"filename":"resource://services-settings/Attachments.sys.mjs","name":"downloadAsBytes","sourceId":23,"lineNumber":537,"columnNumber":35,"asyncCause":null,"asyncCaller":null,"caller":{"filename":"resource://gre/modules/AsyncShutdown.sys.mjs","name":"observe","sourceId":15,"lineNumber":570,"columnNumber":17,"asyncCause":null,"asyncCaller":null,"caller":null,"formattedStack":"observe@resource://gre/modules/AsyncShutdown.sys.mjs:570:17\n","nativeSavedFrame":{}},"formattedStack":"downloadAsBytes@resource://services-settings/Attachments.sys.mjs:537:35\nobserve@resource://gre/modules/AsyncShutdown.sys.mjs:570:17\n","nativeSavedFrame":{}},"formattedStack":"_fetchAttachment@resource://services-settings/Attachments.sys.mjs:560:35\ndownloadAsBytes@resource://services-settings/Attachments.sys.mjs:537:35\nobserve@resource://gre/modules/AsyncShutdown.sys.mjs:570:17\n","nativeSavedFrame":{}},"formattedStack":"fetch@resource://services-settings/Utils.sys.mjs:224:12\n_fetchAttachment@resource://services-settings/Attachments.sys.mjs:560:35\ndownloadAsBytes@resource://services-settings/Attachments.sys.mjs:537:35\nobserve@resource://gre/modules/AsyncShutdown.sys.mjs:570:17\n","nativeSavedFrame":{}},"formattedStack":"fetch/<@resource://services-settings/Utils.sys.mjs:273:15\nfetch@resource://services-settings/Utils.sys.mjs:224:12\n_fetchAttachment@resource://services-settings/Attachments.sys.mjs:560:35\ndownloadAsBytes@resource://services-settings/Attachments.sys.mjs:537:35\nobserve@resource://gre/modules/AsyncShutdown.sys.mjs:570:17\n","nativeSavedFrame":{}},"formattedStack":"open@resource://gre/modules/ServiceRequest.sys.mjs:126:11\nfetch/<@resource://services-settings/Utils.sys.mjs:273:15\nfetch@resource://services-settings/Utils.sys.mjs:224:12\n_fetchAttachment@resource://services-settings/Attachments.sys.mjs:560:35\ndownloadAsBytes@resource://services-settings/Attachments.sys.mjs:537:35\nobserve@resource://gre/modules/AsyncShutdown.sys.mjs:570:17\n","nativeSavedFrame":{}}
2026-06-19 13:18:10,920 - MainProcess[log-interceptor-1492210741]- selenium_firefox     - DEBUG   : BROWSER 1492210741: driver: - message =
2026-06-19 13:18:10,920 - MainProcess[log-interceptor-1492210741]- selenium_firefox     - DEBUG   : BROWSER 1492210741: driver: - name =
2026-06-19 13:18:10,921 - MainProcess[log-interceptor-1492210741]- selenium_firefox     - DEBUG   : BROWSER 1492210741: driver: - result = 2152071198
2026-06-19 13:18:10,921 - MainProcess[log-interceptor-1492210741]- selenium_firefox     - DEBUG   : BROWSER 1492210741: driver: - stack = open@resource://gre/modules/ServiceRequest.sys.mjs:126:11|fetch/<@resource://services-settings/Utils.sys.mjs:273:15|fetch@resource://services-settings/Utils.sys.mjs:224:12|_fetchAttachment@resource://services-settings/Attachments.sys.mjs:560:35|downloadAsBytes@resource://services-settings/Attachments.sys.mjs:537:35|observe@resource://gre/modules/AsyncShutdown.sys.mjs:570:17|
2026-06-19 13:18:10,921 - MainProcess[log-interceptor-1492210741]- selenium_firefox     - DEBUG   : BROWSER 1492210741: driver: - prototype Object
2026-06-19 13:18:10,922 - MainProcess[log-interceptor-1492210741]- selenium_firefox     - DEBUG   : BROWSER 1492210741: driver: console.error: RemoteSecuritySettings:
2026-06-19 13:18:10,922 - MainProcess[log-interceptor-1492210741]- selenium_firefox     - DEBUG   : BROWSER 1492210741: driver: failed to download CRLite filter
2026-06-19 13:18:10,922 - MainProcess[log-interceptor-1492210741]- selenium_firefox     - DEBUG   : BROWSER 1492210741: driver: Object
2026-06-19 13:18:10,922 - MainProcess[log-interceptor-1492210741]- selenium_firefox     - DEBUG   : BROWSER 1492210741: driver: - prototype Object
2026-06-19 13:18:10,923 - MainProcess[log-interceptor-1492210741]- selenium_firefox     - DEBUG   : BROWSER 1492210741: driver: - columnNumber = 11
2026-06-19 13:18:10,923 - MainProcess[log-interceptor-1492210741]- selenium_firefox     - DEBUG   : BROWSER 1492210741: driver: - data = null
2026-06-19 13:18:10,923 - MainProcess[log-interceptor-1492210741]- selenium_firefox     - DEBUG   : BROWSER 1492210741: driver: - filename = resource://gre/modules/ServiceRequest.sys.mjs
2026-06-19 13:18:10,924 - MainProcess[log-interceptor-1492210741]- selenium_firefox     - DEBUG   : BROWSER 1492210741: driver: - lineNumber = 126
2026-06-19 13:18:10,924 - MainProcess[log-interceptor-1492210741]- selenium_firefox     - DEBUG   : BROWSER 1492210741: driver: - location = {"name":"open","filename":"resource://gre/modules/ServiceRequest.sys.mjs","sourceId":25,"lineNumber":126,"columnNumber":11,"asyncCause":null,"asyncCaller":null,"caller":{"filename":"resource://services-settings/Utils.sys.mjs","name":"fetch/<","sourceId":24,"lineNumber":273,"columnNumber":15,"asyncCause":null,"asyncCaller":null,"caller":{"filename":"resource://services-settings/Utils.sys.mjs","name":"fetch","sourceId":24,"lineNumber":224,"columnNumber":12,"asyncCause":null,"asyncCaller":null,"caller":{"filename":"resource://services-settings/Attachments.sys.mjs","name":"_fetchAttachment","sourceId":23,"lineNumber":560,"columnNumber":35,"asyncCause":null,"asyncCaller":null,"caller":{"filename":"resource://services-settings/Attachments.sys.mjs","name":"downloadAsBytes","sourceId":23,"lineNumber":537,"columnNumber":35,"asyncCause":null,"asyncCaller":null,"caller":{"filename":"resource://gre/modules/AsyncShutdown.sys.mjs","name":"observe","sourceId":15,"lineNumber":570,"columnNumber":17,"asyncCause":null,"asyncCaller":null,"caller":null,"formattedStack":"observe@resource://gre/modules/AsyncShutdown.sys.mjs:570:17\n","nativeSavedFrame":{}},"formattedStack":"downloadAsBytes@resource://services-settings/Attachments.sys.mjs:537:35\nobserve@resource://gre/modules/AsyncShutdown.sys.mjs:570:17\n","nativeSavedFrame":{}},"formattedStack":"_fetchAttachment@resource://services-settings/Attachments.sys.mjs:560:35\ndownloadAsBytes@resource://services-settings/Attachments.sys.mjs:537:35\nobserve@resource://gre/modules/AsyncShutdown.sys.mjs:570:17\n","nativeSavedFrame":{}},"formattedStack":"fetch@resource://services-settings/Utils.sys.mjs:224:12\n_fetchAttachment@resource://services-settings/Attachments.sys.mjs:560:35\ndownloadAsBytes@resource://services-settings/Attachments.sys.mjs:537:35\nobserve@resource://gre/modules/AsyncShutdown.sys.mjs:570:17\n","nativeSavedFrame":{}},"formattedStack":"fetch/<@resource://services-settings/Utils.sys.mjs:273:15\nfetch@resource://services-settings/Utils.sys.mjs:224:12\n_fetchAttachment@resource://services-settings/Attachments.sys.mjs:560:35\ndownloadAsBytes@resource://services-settings/Attachments.sys.mjs:537:35\nobserve@resource://gre/modules/AsyncShutdown.sys.mjs:570:17\n","nativeSavedFrame":{}},"formattedStack":"open@resource://gre/modules/ServiceRequest.sys.mjs:126:11\nfetch/<@resource://services-settings/Utils.sys.mjs:273:15\nfetch@resource://services-settings/Utils.sys.mjs:224:12\n_fetchAttachment@resource://services-settings/Attachments.sys.mjs:560:35\ndownloadAsBytes@resource://services-settings/Attachments.sys.mjs:537:35\nobserve@resource://gre/modules/AsyncShutdown.sys.mjs:570:17\n","nativeSavedFrame":{}}
2026-06-19 13:18:10,925 - MainProcess[log-interceptor-1492210741]- selenium_firefox     - DEBUG   : BROWSER 1492210741: driver: - message =
2026-06-19 13:18:10,925 - MainProcess[log-interceptor-1492210741]- selenium_firefox     - DEBUG   : BROWSER 1492210741: driver: - name =
2026-06-19 13:18:10,925 - MainProcess[log-interceptor-1492210741]- selenium_firefox     - DEBUG   : BROWSER 1492210741: driver: - result = 2152071198
2026-06-19 13:18:10,926 - MainProcess[log-interceptor-1492210741]- selenium_firefox     - DEBUG   : BROWSER 1492210741: driver: - stack = open@resource://gre/modules/ServiceRequest.sys.mjs:126:11|fetch/<@resource://services-settings/Utils.sys.mjs:273:15|fetch@resource://services-settings/Utils.sys.mjs:224:12|_fetchAttachment@resource://services-settings/Attachments.sys.mjs:560:35|downloadAsBytes@resource://services-settings/Attachments.sys.mjs:537:35|observe@resource://gre/modules/AsyncShutdown.sys.mjs:570:17|
2026-06-19 13:18:10,926 - MainProcess[log-interceptor-1492210741]- selenium_firefox     - DEBUG   : BROWSER 1492210741: driver: - prototype Object
2026-06-19 13:18:10,926 - MainProcess[log-interceptor-1492210741]- selenium_firefox     - DEBUG   : BROWSER 1492210741: driver: console.error: RemoteSecuritySettings:
2026-06-19 13:18:10,927 - MainProcess[log-interceptor-1492210741]- selenium_firefox     - DEBUG   : BROWSER 1492210741: driver: failed to download CRLite filter
2026-06-19 13:18:10,927 - MainProcess[log-interceptor-1492210741]- selenium_firefox     - DEBUG   : BROWSER 1492210741: driver: Object
2026-06-19 13:18:10,927 - MainProcess[log-interceptor-1492210741]- selenium_firefox     - DEBUG   : BROWSER 1492210741: driver: - prototype Object
2026-06-19 13:18:10,928 - MainProcess[log-interceptor-1492210741]- selenium_firefox     - DEBUG   : BROWSER 1492210741: driver: - columnNumber = 11
2026-06-19 13:18:10,928 - MainProcess[log-interceptor-1492210741]- selenium_firefox     - DEBUG   : BROWSER 1492210741: driver: - data = null
2026-06-19 13:18:10,928 - MainProcess[log-interceptor-1492210741]- selenium_firefox     - DEBUG   : BROWSER 1492210741: driver: - filename = resource://gre/modules/ServiceRequest.sys.mjs
2026-06-19 13:18:10,929 - MainProcess[log-interceptor-1492210741]- selenium_firefox     - DEBUG   : BROWSER 1492210741: driver: - lineNumber = 126
2026-06-19 13:18:10,929 - MainProcess[log-interceptor-1492210741]- selenium_firefox     - DEBUG   : BROWSER 1492210741: driver: - location = {"name":"open","filename":"resource://gre/modules/ServiceRequest.sys.mjs","sourceId":25,"lineNumber":126,"columnNumber":11,"asyncCause":null,"asyncCaller":null,"caller":{"filename":"resource://services-settings/Utils.sys.mjs","name":"fetch/<","sourceId":24,"lineNumber":273,"columnNumber":15,"asyncCause":null,"asyncCaller":null,"caller":{"filename":"resource://services-settings/Utils.sys.mjs","name":"fetch","sourceId":24,"lineNumber":224,"columnNumber":12,"asyncCause":null,"asyncCaller":null,"caller":{"filename":"resource://services-settings/Attachments.sys.mjs","name":"_fetchAttachment","sourceId":23,"lineNumber":560,"columnNumber":35,"asyncCause":null,"asyncCaller":null,"caller":{"filename":"resource://services-settings/Attachments.sys.mjs","name":"downloadAsBytes","sourceId":23,"lineNumber":537,"columnNumber":35,"asyncCause":null,"asyncCaller":null,"caller":{"filename":"resource://gre/modules/AsyncShutdown.sys.mjs","name":"observe","sourceId":15,"lineNumber":570,"columnNumber":17,"asyncCause":null,"asyncCaller":null,"caller":null,"formattedStack":"observe@resource://gre/modules/AsyncShutdown.sys.mjs:570:17\n","nativeSavedFrame":{}},"formattedStack":"downloadAsBytes@resource://services-settings/Attachments.sys.mjs:537:35\nobserve@resource://gre/modules/AsyncShutdown.sys.mjs:570:17\n","nativeSavedFrame":{}},"formattedStack":"_fetchAttachment@resource://services-settings/Attachments.sys.mjs:560:35\ndownloadAsBytes@resource://services-settings/Attachments.sys.mjs:537:35\nobserve@resource://gre/modules/AsyncShutdown.sys.mjs:570:17\n","nativeSavedFrame":{}},"formattedStack":"fetch@resource://services-settings/Utils.sys.mjs:224:12\n_fetchAttachment@resource://services-settings/Attachments.sys.mjs:560:35\ndownloadAsBytes@resource://services-settings/Attachments.sys.mjs:537:35\nobserve@resource://gre/modules/AsyncShutdown.sys.mjs:570:17\n","nativeSavedFrame":{}},"formattedStack":"fetch/<@resource://services-settings/Utils.sys.mjs:273:15\nfetch@resource://services-settings/Utils.sys.mjs:224:12\n_fetchAttachment@resource://services-settings/Attachments.sys.mjs:560:35\ndownloadAsBytes@resource://services-settings/Attachments.sys.mjs:537:35\nobserve@resource://gre/modules/AsyncShutdown.sys.mjs:570:17\n","nativeSavedFrame":{}},"formattedStack":"open@resource://gre/modules/ServiceRequest.sys.mjs:126:11\nfetch/<@resource://services-settings/Utils.sys.mjs:273:15\nfetch@resource://services-settings/Utils.sys.mjs:224:12\n_fetchAttachment@resource://services-settings/Attachments.sys.mjs:560:35\ndownloadAsBytes@resource://services-settings/Attachments.sys.mjs:537:35\nobserve@resource://gre/modules/AsyncShutdown.sys.mjs:570:17\n","nativeSavedFrame":{}}
2026-06-19 13:18:10,929 - MainProcess[log-interceptor-1492210741]- selenium_firefox     - DEBUG   : BROWSER 1492210741: driver: - message =
2026-06-19 13:18:10,930 - MainProcess[log-interceptor-1492210741]- selenium_firefox     - DEBUG   : BROWSER 1492210741: driver: - name =
2026-06-19 13:18:10,930 - MainProcess[log-interceptor-1492210741]- selenium_firefox     - DEBUG   : BROWSER 1492210741: driver: - result = 2152071198
2026-06-19 13:18:10,930 - MainProcess[log-interceptor-1492210741]- selenium_firefox     - DEBUG   : BROWSER 1492210741: driver: - stack = open@resource://gre/modules/ServiceRequest.sys.mjs:126:11|fetch/<@resource://services-settings/Utils.sys.mjs:273:15|fetch@resource://services-settings/Utils.sys.mjs:224:12|_fetchAttachment@resource://services-settings/Attachments.sys.mjs:560:35|downloadAsBytes@resource://services-settings/Attachments.sys.mjs:537:35|observe@resource://gre/modules/AsyncShutdown.sys.mjs:570:17|
2026-06-19 13:18:10,931 - MainProcess[log-interceptor-1492210741]- selenium_firefox     - DEBUG   : BROWSER 1492210741: driver: - prototype Object
2026-06-19 13:18:10,931 - MainProcess[log-interceptor-1492210741]- selenium_firefox     - DEBUG   : BROWSER 1492210741: driver: console.error: RemoteSecuritySettings:
2026-06-19 13:18:10,931 - MainProcess[log-interceptor-1492210741]- selenium_firefox     - DEBUG   : BROWSER 1492210741: driver: failed to download CRLite filter
2026-06-19 13:18:10,932 - MainProcess[log-interceptor-1492210741]- selenium_firefox     - DEBUG   : BROWSER 1492210741: driver: Object
2026-06-19 13:18:10,932 - MainProcess[log-interceptor-1492210741]- selenium_firefox     - DEBUG   : BROWSER 1492210741: driver: - prototype Object
2026-06-19 13:18:10,932 - MainProcess[log-interceptor-1492210741]- selenium_firefox     - DEBUG   : BROWSER 1492210741: driver: - columnNumber = 11
2026-06-19 13:18:10,933 - MainProcess[log-interceptor-1492210741]- selenium_firefox     - DEBUG   : BROWSER 1492210741: driver: - data = null
2026-06-19 13:18:10,933 - MainProcess[log-interceptor-1492210741]- selenium_firefox     - DEBUG   : BROWSER 1492210741: driver: - filename = resource://gre/modules/ServiceRequest.sys.mjs
2026-06-19 13:18:10,933 - MainProcess[log-interceptor-1492210741]- selenium_firefox     - DEBUG   : BROWSER 1492210741: driver: - lineNumber = 126
2026-06-19 13:18:10,933 - MainProcess[log-interceptor-1492210741]- selenium_firefox     - DEBUG   : BROWSER 1492210741: driver: - location = {"name":"open","filename":"resource://gre/modules/ServiceRequest.sys.mjs","sourceId":25,"lineNumber":126,"columnNumber":11,"asyncCause":null,"asyncCaller":null,"caller":{"filename":"resource://services-settings/Utils.sys.mjs","name":"fetch/<","sourceId":24,"lineNumber":273,"columnNumber":15,"asyncCause":null,"asyncCaller":null,"caller":{"filename":"resource://services-settings/Utils.sys.mjs","name":"fetch","sourceId":24,"lineNumber":224,"columnNumber":12,"asyncCause":null,"asyncCaller":null,"caller":{"filename":"resource://services-settings/Attachments.sys.mjs","name":"_fetchAttachment","sourceId":23,"lineNumber":560,"columnNumber":35,"asyncCause":null,"asyncCaller":null,"caller":{"filename":"resource://services-settings/Attachments.sys.mjs","name":"downloadAsBytes","sourceId":23,"lineNumber":537,"columnNumber":35,"asyncCause":null,"asyncCaller":null,"caller":{"filename":"resource://gre/modules/AsyncShutdown.sys.mjs","name":"observe","sourceId":15,"lineNumber":570,"columnNumber":17,"asyncCause":null,"asyncCaller":null,"caller":null,"formattedStack":"observe@resource://gre/modules/AsyncShutdown.sys.mjs:570:17\n","nativeSavedFrame":{}},"formattedStack":"downloadAsBytes@resource://services-settings/Attachments.sys.mjs:537:35\nobserve@resource://gre/modules/AsyncShutdown.sys.mjs:570:17\n","nativeSavedFrame":{}},"formattedStack":"_fetchAttachment@resource://services-settings/Attachments.sys.mjs:560:35\ndownloadAsBytes@resource://services-settings/Attachments.sys.mjs:537:35\nobserve@resource://gre/modules/AsyncShutdown.sys.mjs:570:17\n","nativeSavedFrame":{}},"formattedStack":"fetch@resource://services-settings/Utils.sys.mjs:224:12\n_fetchAttachment@resource://services-settings/Attachments.sys.mjs:560:35\ndownloadAsBytes@resource://services-settings/Attachments.sys.mjs:537:35\nobserve@resource://gre/modules/AsyncShutdown.sys.mjs:570:17\n","nativeSavedFrame":{}},"formattedStack":"fetch/<@resource://services-settings/Utils.sys.mjs:273:15\nfetch@resource://services-settings/Utils.sys.mjs:224:12\n_fetchAttachment@resource://services-settings/Attachments.sys.mjs:560:35\ndownloadAsBytes@resource://services-settings/Attachments.sys.mjs:537:35\nobserve@resource://gre/modules/AsyncShutdown.sys.mjs:570:17\n","nativeSavedFrame":{}},"formattedStack":"open@resource://gre/modules/ServiceRequest.sys.mjs:126:11\nfetch/<@resource://services-settings/Utils.sys.mjs:273:15\nfetch@resource://services-settings/Utils.sys.mjs:224:12\n_fetchAttachment@resource://services-settings/Attachments.sys.mjs:560:35\ndownloadAsBytes@resource://services-settings/Attachments.sys.mjs:537:35\nobserve@resource://gre/modules/AsyncShutdown.sys.mjs:570:17\n","nativeSavedFrame":{}}
2026-06-19 13:18:10,934 - MainProcess[log-interceptor-1492210741]- selenium_firefox     - DEBUG   : BROWSER 1492210741: driver: - message =
2026-06-19 13:18:10,934 - MainProcess[log-interceptor-1492210741]- selenium_firefox     - DEBUG   : BROWSER 1492210741: driver: - name =
2026-06-19 13:18:10,934 - MainProcess[log-interceptor-1492210741]- selenium_firefox     - DEBUG   : BROWSER 1492210741: driver: - result = 2152071198
2026-06-19 13:18:10,935 - MainProcess[log-interceptor-1492210741]- selenium_firefox     - DEBUG   : BROWSER 1492210741: driver: - stack = open@resource://gre/modules/ServiceRequest.sys.mjs:126:11|fetch/<@resource://services-settings/Utils.sys.mjs:273:15|fetch@resource://services-settings/Utils.sys.mjs:224:12|_fetchAttachment@resource://services-settings/Attachments.sys.mjs:560:35|downloadAsBytes@resource://services-settings/Attachments.sys.mjs:537:35|observe@resource://gre/modules/AsyncShutdown.sys.mjs:570:17|
2026-06-19 13:18:10,935 - MainProcess[log-interceptor-1492210741]- selenium_firefox     - DEBUG   : BROWSER 1492210741: driver: - prototype Object
2026-06-19 13:18:10,935 - MainProcess[log-interceptor-1492210741]- selenium_firefox     - DEBUG   : BROWSER 1492210741: driver: console.error: RemoteSecuritySettings:
2026-06-19 13:18:10,935 - MainProcess[log-interceptor-1492210741]- selenium_firefox     - DEBUG   : BROWSER 1492210741: driver: failed to download CRLite filter
2026-06-19 13:18:10,936 - MainProcess[log-interceptor-1492210741]- selenium_firefox     - DEBUG   : BROWSER 1492210741: driver: Object
2026-06-19 13:18:10,936 - MainProcess[log-interceptor-1492210741]- selenium_firefox     - DEBUG   : BROWSER 1492210741: driver: - prototype Object
2026-06-19 13:18:10,936 - MainProcess[log-interceptor-1492210741]- selenium_firefox     - DEBUG   : BROWSER 1492210741: driver: - columnNumber = 11
2026-06-19 13:18:10,937 - MainProcess[log-interceptor-1492210741]- selenium_firefox     - DEBUG   : BROWSER 1492210741: driver: - data = null
2026-06-19 13:18:10,937 - MainProcess[log-interceptor-1492210741]- selenium_firefox     - DEBUG   : BROWSER 1492210741: driver: - filename = resource://gre/modules/ServiceRequest.sys.mjs
2026-06-19 13:18:10,937 - MainProcess[log-interceptor-1492210741]- selenium_firefox     - DEBUG   : BROWSER 1492210741: driver: - lineNumber = 126
2026-06-19 13:18:10,937 - MainProcess[log-interceptor-1492210741]- selenium_firefox     - DEBUG   : BROWSER 1492210741: driver: - location = {"name":"open","filename":"resource://gre/modules/ServiceRequest.sys.mjs","sourceId":25,"lineNumber":126,"columnNumber":11,"asyncCause":null,"asyncCaller":null,"caller":{"filename":"resource://services-settings/Utils.sys.mjs","name":"fetch/<","sourceId":24,"lineNumber":273,"columnNumber":15,"asyncCause":null,"asyncCaller":null,"caller":{"filename":"resource://services-settings/Utils.sys.mjs","name":"fetch","sourceId":24,"lineNumber":224,"columnNumber":12,"asyncCause":null,"asyncCaller":null,"caller":{"filename":"resource://services-settings/Attachments.sys.mjs","name":"_fetchAttachment","sourceId":23,"lineNumber":560,"columnNumber":35,"asyncCause":null,"asyncCaller":null,"caller":{"filename":"resource://services-settings/Attachments.sys.mjs","name":"downloadAsBytes","sourceId":23,"lineNumber":537,"columnNumber":35,"asyncCause":null,"asyncCaller":null,"caller":{"filename":"resource://gre/modules/AsyncShutdown.sys.mjs","name":"observe","sourceId":15,"lineNumber":570,"columnNumber":17,"asyncCause":null,"asyncCaller":null,"caller":null,"formattedStack":"observe@resource://gre/modules/AsyncShutdown.sys.mjs:570:17\n","nativeSavedFrame":{}},"formattedStack":"downloadAsBytes@resource://services-settings/Attachments.sys.mjs:537:35\nobserve@resource://gre/modules/AsyncShutdown.sys.mjs:570:17\n","nativeSavedFrame":{}},"formattedStack":"_fetchAttachment@resource://services-settings/Attachments.sys.mjs:560:35\ndownloadAsBytes@resource://services-settings/Attachments.sys.mjs:537:35\nobserve@resource://gre/modules/AsyncShutdown.sys.mjs:570:17\n","nativeSavedFrame":{}},"formattedStack":"fetch@resource://services-settings/Utils.sys.mjs:224:12\n_fetchAttachment@resource://services-settings/Attachments.sys.mjs:560:35\ndownloadAsBytes@resource://services-settings/Attachments.sys.mjs:537:35\nobserve@resource://gre/modules/AsyncShutdown.sys.mjs:570:17\n","nativeSavedFrame":{}},"formattedStack":"fetch/<@resource://services-settings/Utils.sys.mjs:273:15\nfetch@resource://services-settings/Utils.sys.mjs:224:12\n_fetchAttachment@resource://services-settings/Attachments.sys.mjs:560:35\ndownloadAsBytes@resource://services-settings/Attachments.sys.mjs:537:35\nobserve@resource://gre/modules/AsyncShutdown.sys.mjs:570:17\n","nativeSavedFrame":{}},"formattedStack":"open@resource://gre/modules/ServiceRequest.sys.mjs:126:11\nfetch/<@resource://services-settings/Utils.sys.mjs:273:15\nfetch@resource://services-settings/Utils.sys.mjs:224:12\n_fetchAttachment@resource://services-settings/Attachments.sys.mjs:560:35\ndownloadAsBytes@resource://services-settings/Attachments.sys.mjs:537:35\nobserve@resource://gre/modules/AsyncShutdown.sys.mjs:570:17\n","nativeSavedFrame":{}}
2026-06-19 13:18:10,938 - MainProcess[log-interceptor-1492210741]- selenium_firefox     - DEBUG   : BROWSER 1492210741: driver: - message =
2026-06-19 13:18:10,938 - MainProcess[log-interceptor-1492210741]- selenium_firefox     - DEBUG   : BROWSER 1492210741: driver: - name =
2026-06-19 13:18:10,938 - MainProcess[log-interceptor-1492210741]- selenium_firefox     - DEBUG   : BROWSER 1492210741: driver: - result = 2152071198
2026-06-19 13:18:10,939 - MainProcess[log-interceptor-1492210741]- selenium_firefox     - DEBUG   : BROWSER 1492210741: driver: - stack = open@resource://gre/modules/ServiceRequest.sys.mjs:126:11|fetch/<@resource://services-settings/Utils.sys.mjs:273:15|fetch@resource://services-settings/Utils.sys.mjs:224:12|_fetchAttachment@resource://services-settings/Attachments.sys.mjs:560:35|downloadAsBytes@resource://services-settings/Attachments.sys.mjs:537:35|observe@resource://gre/modules/AsyncShutdown.sys.mjs:570:17|
2026-06-19 13:18:10,939 - MainProcess[log-interceptor-1492210741]- selenium_firefox     - DEBUG   : BROWSER 1492210741: driver: - prototype Object
2026-06-19 13:18:10,939 - MainProcess[log-interceptor-1492210741]- selenium_firefox     - DEBUG   : BROWSER 1492210741: driver: console.error: RemoteSecuritySettings:
2026-06-19 13:18:10,939 - MainProcess[log-interceptor-1492210741]- selenium_firefox     - DEBUG   : BROWSER 1492210741: driver: failed to download CRLite filter
2026-06-19 13:18:10,940 - MainProcess[log-interceptor-1492210741]- selenium_firefox     - DEBUG   : BROWSER 1492210741: driver: Object
2026-06-19 13:18:10,940 - MainProcess[log-interceptor-1492210741]- selenium_firefox     - DEBUG   : BROWSER 1492210741: driver: - prototype Object
2026-06-19 13:18:10,940 - MainProcess[log-interceptor-1492210741]- selenium_firefox     - DEBUG   : BROWSER 1492210741: driver: - columnNumber = 11
2026-06-19 13:18:10,941 - MainProcess[log-interceptor-1492210741]- selenium_firefox     - DEBUG   : BROWSER 1492210741: driver: - data = null
2026-06-19 13:18:10,941 - MainProcess[log-interceptor-1492210741]- selenium_firefox     - DEBUG   : BROWSER 1492210741: driver: - filename = resource://gre/modules/ServiceRequest.sys.mjs
2026-06-19 13:18:10,941 - MainProcess[log-interceptor-1492210741]- selenium_firefox     - DEBUG   : BROWSER 1492210741: driver: - lineNumber = 126
2026-06-19 13:18:10,942 - MainProcess[log-interceptor-1492210741]- selenium_firefox     - DEBUG   : BROWSER 1492210741: driver: - location = {"name":"open","filename":"resource://gre/modules/ServiceRequest.sys.mjs","sourceId":25,"lineNumber":126,"columnNumber":11,"asyncCause":null,"asyncCaller":null,"caller":{"filename":"resource://services-settings/Utils.sys.mjs","name":"fetch/<","sourceId":24,"lineNumber":273,"columnNumber":15,"asyncCause":null,"asyncCaller":null,"caller":{"filename":"resource://services-settings/Utils.sys.mjs","name":"fetch","sourceId":24,"lineNumber":224,"columnNumber":12,"asyncCause":null,"asyncCaller":null,"caller":{"filename":"resource://services-settings/Attachments.sys.mjs","name":"_fetchAttachment","sourceId":23,"lineNumber":560,"columnNumber":35,"asyncCause":null,"asyncCaller":null,"caller":{"filename":"resource://services-settings/Attachments.sys.mjs","name":"downloadAsBytes","sourceId":23,"lineNumber":537,"columnNumber":35,"asyncCause":null,"asyncCaller":null,"caller":{"filename":"resource://gre/modules/AsyncShutdown.sys.mjs","name":"observe","sourceId":15,"lineNumber":570,"columnNumber":17,"asyncCause":null,"asyncCaller":null,"caller":null,"formattedStack":"observe@resource://gre/modules/AsyncShutdown.sys.mjs:570:17\n","nativeSavedFrame":{}},"formattedStack":"downloadAsBytes@resource://services-settings/Attachments.sys.mjs:537:35\nobserve@resource://gre/modules/AsyncShutdown.sys.mjs:570:17\n","nativeSavedFrame":{}},"formattedStack":"_fetchAttachment@resource://services-settings/Attachments.sys.mjs:560:35\ndownloadAsBytes@resource://services-settings/Attachments.sys.mjs:537:35\nobserve@resource://gre/modules/AsyncShutdown.sys.mjs:570:17\n","nativeSavedFrame":{}},"formattedStack":"fetch@resource://services-settings/Utils.sys.mjs:224:12\n_fetchAttachment@resource://services-settings/Attachments.sys.mjs:560:35\ndownloadAsBytes@resource://services-settings/Attachments.sys.mjs:537:35\nobserve@resource://gre/modules/AsyncShutdown.sys.mjs:570:17\n","nativeSavedFrame":{}},"formattedStack":"fetch/<@resource://services-settings/Utils.sys.mjs:273:15\nfetch@resource://services-settings/Utils.sys.mjs:224:12\n_fetchAttachment@resource://services-settings/Attachments.sys.mjs:560:35\ndownloadAsBytes@resource://services-settings/Attachments.sys.mjs:537:35\nobserve@resource://gre/modules/AsyncShutdown.sys.mjs:570:17\n","nativeSavedFrame":{}},"formattedStack":"open@resource://gre/modules/ServiceRequest.sys.mjs:126:11\nfetch/<@resource://services-settings/Utils.sys.mjs:273:15\nfetch@resource://services-settings/Utils.sys.mjs:224:12\n_fetchAttachment@resource://services-settings/Attachments.sys.mjs:560:35\ndownloadAsBytes@resource://services-settings/Attachments.sys.mjs:537:35\nobserve@resource://gre/modules/AsyncShutdown.sys.mjs:570:17\n","nativeSavedFrame":{}}
2026-06-19 13:18:10,942 - MainProcess[log-interceptor-1492210741]- selenium_firefox     - DEBUG   : BROWSER 1492210741: driver: - message =
2026-06-19 13:18:10,942 - MainProcess[log-interceptor-1492210741]- selenium_firefox     - DEBUG   : BROWSER 1492210741: driver: - name =
2026-06-19 13:18:10,943 - MainProcess[log-interceptor-1492210741]- selenium_firefox     - DEBUG   : BROWSER 1492210741: driver: - result = 2152071198
2026-06-19 13:18:10,943 - MainProcess[log-interceptor-1492210741]- selenium_firefox     - DEBUG   : BROWSER 1492210741: driver: - stack = open@resource://gre/modules/ServiceRequest.sys.mjs:126:11|fetch/<@resource://services-settings/Utils.sys.mjs:273:15|fetch@resource://services-settings/Utils.sys.mjs:224:12|_fetchAttachment@resource://services-settings/Attachments.sys.mjs:560:35|downloadAsBytes@resource://services-settings/Attachments.sys.mjs:537:35|observe@resource://gre/modules/AsyncShutdown.sys.mjs:570:17|
2026-06-19 13:18:10,943 - MainProcess[log-interceptor-1492210741]- selenium_firefox     - DEBUG   : BROWSER 1492210741: driver: - prototype Object
2026-06-19 13:18:10,944 - MainProcess[log-interceptor-1492210741]- selenium_firefox     - DEBUG   : BROWSER 1492210741: driver: console.error: RemoteSecuritySettings:
2026-06-19 13:18:10,944 - MainProcess[log-interceptor-1492210741]- selenium_firefox     - DEBUG   : BROWSER 1492210741: driver: failed to download CRLite filter
2026-06-19 13:18:10,944 - MainProcess[log-interceptor-1492210741]- selenium_firefox     - DEBUG   : BROWSER 1492210741: driver: Object
2026-06-19 13:18:10,944 - MainProcess[log-interceptor-1492210741]- selenium_firefox     - DEBUG   : BROWSER 1492210741: driver: - prototype Object
2026-06-19 13:18:10,945 - MainProcess[log-interceptor-1492210741]- selenium_firefox     - DEBUG   : BROWSER 1492210741: driver: - columnNumber = 11
2026-06-19 13:18:10,945 - MainProcess[log-interceptor-1492210741]- selenium_firefox     - DEBUG   : BROWSER 1492210741: driver: - data = null
2026-06-19 13:18:10,945 - MainProcess[log-interceptor-1492210741]- selenium_firefox     - DEBUG   : BROWSER 1492210741: driver: - filename = resource://gre/modules/ServiceRequest.sys.mjs
2026-06-19 13:18:10,946 - MainProcess[log-interceptor-1492210741]- selenium_firefox     - DEBUG   : BROWSER 1492210741: driver: - lineNumber = 126
2026-06-19 13:18:10,946 - MainProcess[log-interceptor-1492210741]- selenium_firefox     - DEBUG   : BROWSER 1492210741: driver: - location = {"name":"open","filename":"resource://gre/modules/ServiceRequest.sys.mjs","sourceId":25,"lineNumber":126,"columnNumber":11,"asyncCause":null,"asyncCaller":null,"caller":{"filename":"resource://services-settings/Utils.sys.mjs","name":"fetch/<","sourceId":24,"lineNumber":273,"columnNumber":15,"asyncCause":null,"asyncCaller":null,"caller":{"filename":"resource://services-settings/Utils.sys.mjs","name":"fetch","sourceId":24,"lineNumber":224,"columnNumber":12,"asyncCause":null,"asyncCaller":null,"caller":{"filename":"resource://services-settings/Attachments.sys.mjs","name":"_fetchAttachment","sourceId":23,"lineNumber":560,"columnNumber":35,"asyncCause":null,"asyncCaller":null,"caller":{"filename":"resource://services-settings/Attachments.sys.mjs","name":"downloadAsBytes","sourceId":23,"lineNumber":537,"columnNumber":35,"asyncCause":null,"asyncCaller":null,"caller":{"filename":"resource://gre/modules/AsyncShutdown.sys.mjs","name":"observe","sourceId":15,"lineNumber":570,"columnNumber":17,"asyncCause":null,"asyncCaller":null,"caller":null,"formattedStack":"observe@resource://gre/modules/AsyncShutdown.sys.mjs:570:17\n","nativeSavedFrame":{}},"formattedStack":"downloadAsBytes@resource://services-settings/Attachments.sys.mjs:537:35\nobserve@resource://gre/modules/AsyncShutdown.sys.mjs:570:17\n","nativeSavedFrame":{}},"formattedStack":"_fetchAttachment@resource://services-settings/Attachments.sys.mjs:560:35\ndownloadAsBytes@resource://services-settings/Attachments.sys.mjs:537:35\nobserve@resource://gre/modules/AsyncShutdown.sys.mjs:570:17\n","nativeSavedFrame":{}},"formattedStack":"fetch@resource://services-settings/Utils.sys.mjs:224:12\n_fetchAttachment@resource://services-settings/Attachments.sys.mjs:560:35\ndownloadAsBytes@resource://services-settings/Attachments.sys.mjs:537:35\nobserve@resource://gre/modules/AsyncShutdown.sys.mjs:570:17\n","nativeSavedFrame":{}},"formattedStack":"fetch/<@resource://services-settings/Utils.sys.mjs:273:15\nfetch@resource://services-settings/Utils.sys.mjs:224:12\n_fetchAttachment@resource://services-settings/Attachments.sys.mjs:560:35\ndownloadAsBytes@resource://services-settings/Attachments.sys.mjs:537:35\nobserve@resource://gre/modules/AsyncShutdown.sys.mjs:570:17\n","nativeSavedFrame":{}},"formattedStack":"open@resource://gre/modules/ServiceRequest.sys.mjs:126:11\nfetch/<@resource://services-settings/Utils.sys.mjs:273:15\nfetch@resource://services-settings/Utils.sys.mjs:224:12\n_fetchAttachment@resource://services-settings/Attachments.sys.mjs:560:35\ndownloadAsBytes@resource://services-settings/Attachments.sys.mjs:537:35\nobserve@resource://gre/modules/AsyncShutdown.sys.mjs:570:17\n","nativeSavedFrame":{}}
2026-06-19 13:18:10,946 - MainProcess[log-interceptor-1492210741]- selenium_firefox     - DEBUG   : BROWSER 1492210741: driver: - message =
2026-06-19 13:18:10,947 - MainProcess[log-interceptor-1492210741]- selenium_firefox     - DEBUG   : BROWSER 1492210741: driver: - name =
2026-06-19 13:18:10,947 - MainProcess[log-interceptor-1492210741]- selenium_firefox     - DEBUG   : BROWSER 1492210741: driver: - result = 2152071198
2026-06-19 13:18:10,947 - MainProcess[log-interceptor-1492210741]- selenium_firefox     - DEBUG   : BROWSER 1492210741: driver: - stack = open@resource://gre/modules/ServiceRequest.sys.mjs:126:11|fetch/<@resource://services-settings/Utils.sys.mjs:273:15|fetch@resource://services-settings/Utils.sys.mjs:224:12|_fetchAttachment@resource://services-settings/Attachments.sys.mjs:560:35|downloadAsBytes@resource://services-settings/Attachments.sys.mjs:537:35|observe@resource://gre/modules/AsyncShutdown.sys.mjs:570:17|
2026-06-19 13:18:10,947 - MainProcess[log-interceptor-1492210741]- selenium_firefox     - DEBUG   : BROWSER 1492210741: driver: - prototype Object
2026-06-19 13:18:10,948 - MainProcess[log-interceptor-1492210741]- selenium_firefox     - DEBUG   : BROWSER 1492210741: driver: console.error: RemoteSecuritySettings:
2026-06-19 13:18:10,948 - MainProcess[log-interceptor-1492210741]- selenium_firefox     - DEBUG   : BROWSER 1492210741: driver: failed to download CRLite filter
2026-06-19 13:18:10,948 - MainProcess[log-interceptor-1492210741]- selenium_firefox     - DEBUG   : BROWSER 1492210741: driver: Object
2026-06-19 13:18:10,949 - MainProcess[log-interceptor-1492210741]- selenium_firefox     - DEBUG   : BROWSER 1492210741: driver: - prototype Object
2026-06-19 13:18:10,949 - MainProcess[log-interceptor-1492210741]- selenium_firefox     - DEBUG   : BROWSER 1492210741: driver: - columnNumber = 11
2026-06-19 13:18:10,949 - MainProcess[log-interceptor-1492210741]- selenium_firefox     - DEBUG   : BROWSER 1492210741: driver: - data = null
2026-06-19 13:18:10,949 - MainProcess[log-interceptor-1492210741]- selenium_firefox     - DEBUG   : BROWSER 1492210741: driver: - filename = resource://gre/modules/ServiceRequest.sys.mjs
2026-06-19 13:18:10,950 - MainProcess[log-interceptor-1492210741]- selenium_firefox     - DEBUG   : BROWSER 1492210741: driver: - lineNumber = 126
2026-06-19 13:18:10,950 - MainProcess[log-interceptor-1492210741]- selenium_firefox     - DEBUG   : BROWSER 1492210741: driver: - location = {"name":"open","filename":"resource://gre/modules/ServiceRequest.sys.mjs","sourceId":25,"lineNumber":126,"columnNumber":11,"asyncCause":null,"asyncCaller":null,"caller":{"filename":"resource://services-settings/Utils.sys.mjs","name":"fetch/<","sourceId":24,"lineNumber":273,"columnNumber":15,"asyncCause":null,"asyncCaller":null,"caller":{"filename":"resource://services-settings/Utils.sys.mjs","name":"fetch","sourceId":24,"lineNumber":224,"columnNumber":12,"asyncCause":null,"asyncCaller":null,"caller":{"filename":"resource://services-settings/Attachments.sys.mjs","name":"_fetchAttachment","sourceId":23,"lineNumber":560,"columnNumber":35,"asyncCause":null,"asyncCaller":null,"caller":{"filename":"resource://services-settings/Attachments.sys.mjs","name":"downloadAsBytes","sourceId":23,"lineNumber":537,"columnNumber":35,"asyncCause":null,"asyncCaller":null,"caller":{"filename":"resource://gre/modules/AsyncShutdown.sys.mjs","name":"observe","sourceId":15,"lineNumber":570,"columnNumber":17,"asyncCause":null,"asyncCaller":null,"caller":null,"formattedStack":"observe@resource://gre/modules/AsyncShutdown.sys.mjs:570:17\n","nativeSavedFrame":{}},"formattedStack":"downloadAsBytes@resource://services-settings/Attachments.sys.mjs:537:35\nobserve@resource://gre/modules/AsyncShutdown.sys.mjs:570:17\n","nativeSavedFrame":{}},"formattedStack":"_fetchAttachment@resource://services-settings/Attachments.sys.mjs:560:35\ndownloadAsBytes@resource://services-settings/Attachments.sys.mjs:537:35\nobserve@resource://gre/modules/AsyncShutdown.sys.mjs:570:17\n","nativeSavedFrame":{}},"formattedStack":"fetch@resource://services-settings/Utils.sys.mjs:224:12\n_fetchAttachment@resource://services-settings/Attachments.sys.mjs:560:35\ndownloadAsBytes@resource://services-settings/Attachments.sys.mjs:537:35\nobserve@resource://gre/modules/AsyncShutdown.sys.mjs:570:17\n","nativeSavedFrame":{}},"formattedStack":"fetch/<@resource://services-settings/Utils.sys.mjs:273:15\nfetch@resource://services-settings/Utils.sys.mjs:224:12\n_fetchAttachment@resource://services-settings/Attachments.sys.mjs:560:35\ndownloadAsBytes@resource://services-settings/Attachments.sys.mjs:537:35\nobserve@resource://gre/modules/AsyncShutdown.sys.mjs:570:17\n","nativeSavedFrame":{}},"formattedStack":"open@resource://gre/modules/ServiceRequest.sys.mjs:126:11\nfetch/<@resource://services-settings/Utils.sys.mjs:273:15\nfetch@resource://services-settings/Utils.sys.mjs:224:12\n_fetchAttachment@resource://services-settings/Attachments.sys.mjs:560:35\ndownloadAsBytes@resource://services-settings/Attachments.sys.mjs:537:35\nobserve@resource://gre/modules/AsyncShutdown.sys.mjs:570:17\n","nativeSavedFrame":{}}
2026-06-19 13:18:10,950 - MainProcess[log-interceptor-1492210741]- selenium_firefox     - DEBUG   : BROWSER 1492210741: driver: - message =
2026-06-19 13:18:10,950 - MainProcess[log-interceptor-1492210741]- selenium_firefox     - DEBUG   : BROWSER 1492210741: driver: - name =
2026-06-19 13:18:10,951 - MainProcess[log-interceptor-1492210741]- selenium_firefox     - DEBUG   : BROWSER 1492210741: driver: - result = 2152071198
2026-06-19 13:18:10,951 - MainProcess[log-interceptor-1492210741]- selenium_firefox     - DEBUG   : BROWSER 1492210741: driver: - stack = open@resource://gre/modules/ServiceRequest.sys.mjs:126:11|fetch/<@resource://services-settings/Utils.sys.mjs:273:15|fetch@resource://services-settings/Utils.sys.mjs:224:12|_fetchAttachment@resource://services-settings/Attachments.sys.mjs:560:35|downloadAsBytes@resource://services-settings/Attachments.sys.mjs:537:35|observe@resource://gre/modules/AsyncShutdown.sys.mjs:570:17|
2026-06-19 13:18:10,951 - MainProcess[log-interceptor-1492210741]- selenium_firefox     - DEBUG   : BROWSER 1492210741: driver: - prototype Object
2026-06-19 13:18:10,952 - MainProcess[log-interceptor-1492210741]- selenium_firefox     - DEBUG   : BROWSER 1492210741: driver: console.error: RemoteSecuritySettings:
2026-06-19 13:18:10,952 - MainProcess[log-interceptor-1492210741]- selenium_firefox     - DEBUG   : BROWSER 1492210741: driver: failed to download CRLite filter
2026-06-19 13:18:10,952 - MainProcess[log-interceptor-1492210741]- selenium_firefox     - DEBUG   : BROWSER 1492210741: driver: Object
2026-06-19 13:18:10,952 - MainProcess[log-interceptor-1492210741]- selenium_firefox     - DEBUG   : BROWSER 1492210741: driver: - prototype Object
2026-06-19 13:18:10,953 - MainProcess[log-interceptor-1492210741]- selenium_firefox     - DEBUG   : BROWSER 1492210741: driver: - columnNumber = 11
2026-06-19 13:18:10,953 - MainProcess[log-interceptor-1492210741]- selenium_firefox     - DEBUG   : BROWSER 1492210741: driver: - data = null
2026-06-19 13:18:10,953 - MainProcess[log-interceptor-1492210741]- selenium_firefox     - DEBUG   : BROWSER 1492210741: driver: - filename = resource://gre/modules/ServiceRequest.sys.mjs
2026-06-19 13:18:10,954 - MainProcess[log-interceptor-1492210741]- selenium_firefox     - DEBUG   : BROWSER 1492210741: driver: - lineNumber = 126
2026-06-19 13:18:10,954 - MainProcess[log-interceptor-1492210741]- selenium_firefox     - DEBUG   : BROWSER 1492210741: driver: - location = {"name":"open","filename":"resource://gre/modules/ServiceRequest.sys.mjs","sourceId":25,"lineNumber":126,"columnNumber":11,"asyncCause":null,"asyncCaller":null,"caller":{"filename":"resource://services-settings/Utils.sys.mjs","name":"fetch/<","sourceId":24,"lineNumber":273,"columnNumber":15,"asyncCause":null,"asyncCaller":null,"caller":{"filename":"resource://services-settings/Utils.sys.mjs","name":"fetch","sourceId":24,"lineNumber":224,"columnNumber":12,"asyncCause":null,"asyncCaller":null,"caller":{"filename":"resource://services-settings/Attachments.sys.mjs","name":"_fetchAttachment","sourceId":23,"lineNumber":560,"columnNumber":35,"asyncCause":null,"asyncCaller":null,"caller":{"filename":"resource://services-settings/Attachments.sys.mjs","name":"downloadAsBytes","sourceId":23,"lineNumber":537,"columnNumber":35,"asyncCause":null,"asyncCaller":null,"caller":{"filename":"resource://gre/modules/AsyncShutdown.sys.mjs","name":"observe","sourceId":15,"lineNumber":570,"columnNumber":17,"asyncCause":null,"asyncCaller":null,"caller":null,"formattedStack":"observe@resource://gre/modules/AsyncShutdown.sys.mjs:570:17\n","nativeSavedFrame":{}},"formattedStack":"downloadAsBytes@resource://services-settings/Attachments.sys.mjs:537:35\nobserve@resource://gre/modules/AsyncShutdown.sys.mjs:570:17\n","nativeSavedFrame":{}},"formattedStack":"_fetchAttachment@resource://services-settings/Attachments.sys.mjs:560:35\ndownloadAsBytes@resource://services-settings/Attachments.sys.mjs:537:35\nobserve@resource://gre/modules/AsyncShutdown.sys.mjs:570:17\n","nativeSavedFrame":{}},"formattedStack":"fetch@resource://services-settings/Utils.sys.mjs:224:12\n_fetchAttachment@resource://services-settings/Attachments.sys.mjs:560:35\ndownloadAsBytes@resource://services-settings/Attachments.sys.mjs:537:35\nobserve@resource://gre/modules/AsyncShutdown.sys.mjs:570:17\n","nativeSavedFrame":{}},"formattedStack":"fetch/<@resource://services-settings/Utils.sys.mjs:273:15\nfetch@resource://services-settings/Utils.sys.mjs:224:12\n_fetchAttachment@resource://services-settings/Attachments.sys.mjs:560:35\ndownloadAsBytes@resource://services-settings/Attachments.sys.mjs:537:35\nobserve@resource://gre/modules/AsyncShutdown.sys.mjs:570:17\n","nativeSavedFrame":{}},"formattedStack":"open@resource://gre/modules/ServiceRequest.sys.mjs:126:11\nfetch/<@resource://services-settings/Utils.sys.mjs:273:15\nfetch@resource://services-settings/Utils.sys.mjs:224:12\n_fetchAttachment@resource://services-settings/Attachments.sys.mjs:560:35\ndownloadAsBytes@resource://services-settings/Attachments.sys.mjs:537:35\nobserve@resource://gre/modules/AsyncShutdown.sys.mjs:570:17\n","nativeSavedFrame":{}}
2026-06-19 13:18:10,954 - MainProcess[log-interceptor-1492210741]- selenium_firefox     - DEBUG   : BROWSER 1492210741: driver: - message =
2026-06-19 13:18:10,955 - MainProcess[log-interceptor-1492210741]- selenium_firefox     - DEBUG   : BROWSER 1492210741: driver: - name =
2026-06-19 13:18:10,955 - MainProcess[log-interceptor-1492210741]- selenium_firefox     - DEBUG   : BROWSER 1492210741: driver: - result = 2152071198
2026-06-19 13:18:10,955 - MainProcess[log-interceptor-1492210741]- selenium_firefox     - DEBUG   : BROWSER 1492210741: driver: - stack = open@resource://gre/modules/ServiceRequest.sys.mjs:126:11|fetch/<@resource://services-settings/Utils.sys.mjs:273:15|fetch@resource://services-settings/Utils.sys.mjs:224:12|_fetchAttachment@resource://services-settings/Attachments.sys.mjs:560:35|downloadAsBytes@resource://services-settings/Attachments.sys.mjs:537:35|observe@resource://gre/modules/AsyncShutdown.sys.mjs:570:17|
2026-06-19 13:18:10,956 - MainProcess[log-interceptor-1492210741]- selenium_firefox     - DEBUG   : BROWSER 1492210741: driver: - prototype Object
2026-06-19 13:18:10,956 - MainProcess[log-interceptor-1492210741]- selenium_firefox     - DEBUG   : BROWSER 1492210741: driver: console.error: RemoteSecuritySettings:
2026-06-19 13:18:10,956 - MainProcess[log-interceptor-1492210741]- selenium_firefox     - DEBUG   : BROWSER 1492210741: driver: failed to download CRLite filter
2026-06-19 13:18:10,957 - MainProcess[log-interceptor-1492210741]- selenium_firefox     - DEBUG   : BROWSER 1492210741: driver: Object
2026-06-19 13:18:10,957 - MainProcess[log-interceptor-1492210741]- selenium_firefox     - DEBUG   : BROWSER 1492210741: driver: - prototype Object
2026-06-19 13:18:10,957 - MainProcess[log-interceptor-1492210741]- selenium_firefox     - DEBUG   : BROWSER 1492210741: driver: - columnNumber = 11
2026-06-19 13:18:10,958 - MainProcess[log-interceptor-1492210741]- selenium_firefox     - DEBUG   : BROWSER 1492210741: driver: - data = null
2026-06-19 13:18:10,958 - MainProcess[log-interceptor-1492210741]- selenium_firefox     - DEBUG   : BROWSER 1492210741: driver: - filename = resource://gre/modules/ServiceRequest.sys.mjs
2026-06-19 13:18:10,959 - MainProcess[log-interceptor-1492210741]- selenium_firefox     - DEBUG   : BROWSER 1492210741: driver: - lineNumber = 126
2026-06-19 13:18:10,959 - MainProcess[log-interceptor-1492210741]- selenium_firefox     - DEBUG   : BROWSER 1492210741: driver: - location = {"name":"open","filename":"resource://gre/modules/ServiceRequest.sys.mjs","sourceId":25,"lineNumber":126,"columnNumber":11,"asyncCause":null,"asyncCaller":null,"caller":{"filename":"resource://services-settings/Utils.sys.mjs","name":"fetch/<","sourceId":24,"lineNumber":273,"columnNumber":15,"asyncCause":null,"asyncCaller":null,"caller":{"filename":"resource://services-settings/Utils.sys.mjs","name":"fetch","sourceId":24,"lineNumber":224,"columnNumber":12,"asyncCause":null,"asyncCaller":null,"caller":{"filename":"resource://services-settings/Attachments.sys.mjs","name":"_fetchAttachment","sourceId":23,"lineNumber":560,"columnNumber":35,"asyncCause":null,"asyncCaller":null,"caller":{"filename":"resource://services-settings/Attachments.sys.mjs","name":"downloadAsBytes","sourceId":23,"lineNumber":537,"columnNumber":35,"asyncCause":null,"asyncCaller":null,"caller":{"filename":"resource://gre/modules/AsyncShutdown.sys.mjs","name":"observe","sourceId":15,"lineNumber":570,"columnNumber":17,"asyncCause":null,"asyncCaller":null,"caller":null,"formattedStack":"observe@resource://gre/modules/AsyncShutdown.sys.mjs:570:17\n","nativeSavedFrame":{}},"formattedStack":"downloadAsBytes@resource://services-settings/Attachments.sys.mjs:537:35\nobserve@resource://gre/modules/AsyncShutdown.sys.mjs:570:17\n","nativeSavedFrame":{}},"formattedStack":"_fetchAttachment@resource://services-settings/Attachments.sys.mjs:560:35\ndownloadAsBytes@resource://services-settings/Attachments.sys.mjs:537:35\nobserve@resource://gre/modules/AsyncShutdown.sys.mjs:570:17\n","nativeSavedFrame":{}},"formattedStack":"fetch@resource://services-settings/Utils.sys.mjs:224:12\n_fetchAttachment@resource://services-settings/Attachments.sys.mjs:560:35\ndownloadAsBytes@resource://services-settings/Attachments.sys.mjs:537:35\nobserve@resource://gre/modules/AsyncShutdown.sys.mjs:570:17\n","nativeSavedFrame":{}},"formattedStack":"fetch/<@resource://services-settings/Utils.sys.mjs:273:15\nfetch@resource://services-settings/Utils.sys.mjs:224:12\n_fetchAttachment@resource://services-settings/Attachments.sys.mjs:560:35\ndownloadAsBytes@resource://services-settings/Attachments.sys.mjs:537:35\nobserve@resource://gre/modules/AsyncShutdown.sys.mjs:570:17\n","nativeSavedFrame":{}},"formattedStack":"open@resource://gre/modules/ServiceRequest.sys.mjs:126:11\nfetch/<@resource://services-settings/Utils.sys.mjs:273:15\nfetch@resource://services-settings/Utils.sys.mjs:224:12\n_fetchAttachment@resource://services-settings/Attachments.sys.mjs:560:35\ndownloadAsBytes@resource://services-settings/Attachments.sys.mjs:537:35\nobserve@resource://gre/modules/AsyncShutdown.sys.mjs:570:17\n","nativeSavedFrame":{}}
2026-06-19 13:18:10,959 - MainProcess[log-interceptor-1492210741]- selenium_firefox     - DEBUG   : BROWSER 1492210741: driver: - message =
2026-06-19 13:18:10,960 - MainProcess[log-interceptor-1492210741]- selenium_firefox     - DEBUG   : BROWSER 1492210741: driver: - name =
2026-06-19 13:18:10,960 - MainProcess[log-interceptor-1492210741]- selenium_firefox     - DEBUG   : BROWSER 1492210741: driver: - result = 2152071198
2026-06-19 13:18:10,960 - MainProcess[log-interceptor-1492210741]- selenium_firefox     - DEBUG   : BROWSER 1492210741: driver: - stack = open@resource://gre/modules/ServiceRequest.sys.mjs:126:11|fetch/<@resource://services-settings/Utils.sys.mjs:273:15|fetch@resource://services-settings/Utils.sys.mjs:224:12|_fetchAttachment@resource://services-settings/Attachments.sys.mjs:560:35|downloadAsBytes@resource://services-settings/Attachments.sys.mjs:537:35|observe@resource://gre/modules/AsyncShutdown.sys.mjs:570:17|
2026-06-19 13:18:10,961 - MainProcess[log-interceptor-1492210741]- selenium_firefox     - DEBUG   : BROWSER 1492210741: driver: - prototype Object
2026-06-19 13:18:10,961 - MainProcess[log-interceptor-1492210741]- selenium_firefox     - DEBUG   : BROWSER 1492210741: driver: console.error: RemoteSecuritySettings:
2026-06-19 13:18:10,961 - MainProcess[log-interceptor-1492210741]- selenium_firefox     - DEBUG   : BROWSER 1492210741: driver: failed to download CRLite filter
2026-06-19 13:18:10,962 - MainProcess[log-interceptor-1492210741]- selenium_firefox     - DEBUG   : BROWSER 1492210741: driver: Object
2026-06-19 13:18:10,962 - MainProcess[log-interceptor-1492210741]- selenium_firefox     - DEBUG   : BROWSER 1492210741: driver: - prototype Object
2026-06-19 13:18:10,962 - MainProcess[log-interceptor-1492210741]- selenium_firefox     - DEBUG   : BROWSER 1492210741: driver: - columnNumber = 11
2026-06-19 13:18:10,963 - MainProcess[log-interceptor-1492210741]- selenium_firefox     - DEBUG   : BROWSER 1492210741: driver: - data = null
2026-06-19 13:18:10,963 - MainProcess[log-interceptor-1492210741]- selenium_firefox     - DEBUG   : BROWSER 1492210741: driver: - filename = resource://gre/modules/ServiceRequest.sys.mjs
2026-06-19 13:18:10,964 - MainProcess[log-interceptor-1492210741]- selenium_firefox     - DEBUG   : BROWSER 1492210741: driver: - lineNumber = 126
2026-06-19 13:18:10,964 - MainProcess[log-interceptor-1492210741]- selenium_firefox     - DEBUG   : BROWSER 1492210741: driver: - location = {"name":"open","filename":"resource://gre/modules/ServiceRequest.sys.mjs","sourceId":25,"lineNumber":126,"columnNumber":11,"asyncCause":null,"asyncCaller":null,"caller":{"filename":"resource://services-settings/Utils.sys.mjs","name":"fetch/<","sourceId":24,"lineNumber":273,"columnNumber":15,"asyncCause":null,"asyncCaller":null,"caller":{"filename":"resource://services-settings/Utils.sys.mjs","name":"fetch","sourceId":24,"lineNumber":224,"columnNumber":12,"asyncCause":null,"asyncCaller":null,"caller":{"filename":"resource://services-settings/Attachments.sys.mjs","name":"_fetchAttachment","sourceId":23,"lineNumber":560,"columnNumber":35,"asyncCause":null,"asyncCaller":null,"caller":{"filename":"resource://services-settings/Attachments.sys.mjs","name":"downloadAsBytes","sourceId":23,"lineNumber":537,"columnNumber":35,"asyncCause":null,"asyncCaller":null,"caller":{"filename":"resource://gre/modules/AsyncShutdown.sys.mjs","name":"observe","sourceId":15,"lineNumber":570,"columnNumber":17,"asyncCause":null,"asyncCaller":null,"caller":null,"formattedStack":"observe@resource://gre/modules/AsyncShutdown.sys.mjs:570:17\n","nativeSavedFrame":{}},"formattedStack":"downloadAsBytes@resource://services-settings/Attachments.sys.mjs:537:35\nobserve@resource://gre/modules/AsyncShutdown.sys.mjs:570:17\n","nativeSavedFrame":{}},"formattedStack":"_fetchAttachment@resource://services-settings/Attachments.sys.mjs:560:35\ndownloadAsBytes@resource://services-settings/Attachments.sys.mjs:537:35\nobserve@resource://gre/modules/AsyncShutdown.sys.mjs:570:17\n","nativeSavedFrame":{}},"formattedStack":"fetch@resource://services-settings/Utils.sys.mjs:224:12\n_fetchAttachment@resource://services-settings/Attachments.sys.mjs:560:35\ndownloadAsBytes@resource://services-settings/Attachments.sys.mjs:537:35\nobserve@resource://gre/modules/AsyncShutdown.sys.mjs:570:17\n","nativeSavedFrame":{}},"formattedStack":"fetch/<@resource://services-settings/Utils.sys.mjs:273:15\nfetch@resource://services-settings/Utils.sys.mjs:224:12\n_fetchAttachment@resource://services-settings/Attachments.sys.mjs:560:35\ndownloadAsBytes@resource://services-settings/Attachments.sys.mjs:537:35\nobserve@resource://gre/modules/AsyncShutdown.sys.mjs:570:17\n","nativeSavedFrame":{}},"formattedStack":"open@resource://gre/modules/ServiceRequest.sys.mjs:126:11\nfetch/<@resource://services-settings/Utils.sys.mjs:273:15\nfetch@resource://services-settings/Utils.sys.mjs:224:12\n_fetchAttachment@resource://services-settings/Attachments.sys.mjs:560:35\ndownloadAsBytes@resource://services-settings/Attachments.sys.mjs:537:35\nobserve@resource://gre/modules/AsyncShutdown.sys.mjs:570:17\n","nativeSavedFrame":{}}
2026-06-19 13:18:10,964 - MainProcess[log-interceptor-1492210741]- selenium_firefox     - DEBUG   : BROWSER 1492210741: driver: - message =
2026-06-19 13:18:10,965 - MainProcess[log-interceptor-1492210741]- selenium_firefox     - DEBUG   : BROWSER 1492210741: driver: - name =
2026-06-19 13:18:10,965 - MainProcess[log-interceptor-1492210741]- selenium_firefox     - DEBUG   : BROWSER 1492210741: driver: - result = 2152071198
2026-06-19 13:18:10,965 - MainProcess[log-interceptor-1492210741]- selenium_firefox     - DEBUG   : BROWSER 1492210741: driver: - stack = open@resource://gre/modules/ServiceRequest.sys.mjs:126:11|fetch/<@resource://services-settings/Utils.sys.mjs:273:15|fetch@resource://services-settings/Utils.sys.mjs:224:12|_fetchAttachment@resource://services-settings/Attachments.sys.mjs:560:35|downloadAsBytes@resource://services-settings/Attachments.sys.mjs:537:35|observe@resource://gre/modules/AsyncShutdown.sys.mjs:570:17|
2026-06-19 13:18:10,966 - MainProcess[log-interceptor-1492210741]- selenium_firefox     - DEBUG   : BROWSER 1492210741: driver: - prototype Object
2026-06-19 13:18:10,966 - MainProcess[log-interceptor-1492210741]- selenium_firefox     - DEBUG   : BROWSER 1492210741: driver: console.error: RemoteSecuritySettings:
2026-06-19 13:18:10,966 - MainProcess[log-interceptor-1492210741]- selenium_firefox     - DEBUG   : BROWSER 1492210741: driver: failed to download CRLite filter
2026-06-19 13:18:10,967 - MainProcess[log-interceptor-1492210741]- selenium_firefox     - DEBUG   : BROWSER 1492210741: driver: Object
2026-06-19 13:18:10,967 - MainProcess[log-interceptor-1492210741]- selenium_firefox     - DEBUG   : BROWSER 1492210741: driver: - prototype Object
2026-06-19 13:18:10,967 - MainProcess[log-interceptor-1492210741]- selenium_firefox     - DEBUG   : BROWSER 1492210741: driver: - columnNumber = 11
2026-06-19 13:18:10,967 - MainProcess[log-interceptor-1492210741]- selenium_firefox     - DEBUG   : BROWSER 1492210741: driver: - data = null
2026-06-19 13:18:10,968 - MainProcess[log-interceptor-1492210741]- selenium_firefox     - DEBUG   : BROWSER 1492210741: driver: - filename = resource://gre/modules/ServiceRequest.sys.mjs
2026-06-19 13:18:10,968 - MainProcess[log-interceptor-1492210741]- selenium_firefox     - DEBUG   : BROWSER 1492210741: driver: - lineNumber = 126
2026-06-19 13:18:10,968 - MainProcess[log-interceptor-1492210741]- selenium_firefox     - DEBUG   : BROWSER 1492210741: driver: - location = {"name":"open","filename":"resource://gre/modules/ServiceRequest.sys.mjs","sourceId":25,"lineNumber":126,"columnNumber":11,"asyncCause":null,"asyncCaller":null,"caller":{"filename":"resource://services-settings/Utils.sys.mjs","name":"fetch/<","sourceId":24,"lineNumber":273,"columnNumber":15,"asyncCause":null,"asyncCaller":null,"caller":{"filename":"resource://services-settings/Utils.sys.mjs","name":"fetch","sourceId":24,"lineNumber":224,"columnNumber":12,"asyncCause":null,"asyncCaller":null,"caller":{"filename":"resource://services-settings/Attachments.sys.mjs","name":"_fetchAttachment","sourceId":23,"lineNumber":560,"columnNumber":35,"asyncCause":null,"asyncCaller":null,"caller":{"filename":"resource://services-settings/Attachments.sys.mjs","name":"downloadAsBytes","sourceId":23,"lineNumber":537,"columnNumber":35,"asyncCause":null,"asyncCaller":null,"caller":{"filename":"resource://gre/modules/AsyncShutdown.sys.mjs","name":"observe","sourceId":15,"lineNumber":570,"columnNumber":17,"asyncCause":null,"asyncCaller":null,"caller":null,"formattedStack":"observe@resource://gre/modules/AsyncShutdown.sys.mjs:570:17\n","nativeSavedFrame":{}},"formattedStack":"downloadAsBytes@resource://services-settings/Attachments.sys.mjs:537:35\nobserve@resource://gre/modules/AsyncShutdown.sys.mjs:570:17\n","nativeSavedFrame":{}},"formattedStack":"_fetchAttachment@resource://services-settings/Attachments.sys.mjs:560:35\ndownloadAsBytes@resource://services-settings/Attachments.sys.mjs:537:35\nobserve@resource://gre/modules/AsyncShutdown.sys.mjs:570:17\n","nativeSavedFrame":{}},"formattedStack":"fetch@resource://services-settings/Utils.sys.mjs:224:12\n_fetchAttachment@resource://services-settings/Attachments.sys.mjs:560:35\ndownloadAsBytes@resource://services-settings/Attachments.sys.mjs:537:35\nobserve@resource://gre/modules/AsyncShutdown.sys.mjs:570:17\n","nativeSavedFrame":{}},"formattedStack":"fetch/<@resource://services-settings/Utils.sys.mjs:273:15\nfetch@resource://services-settings/Utils.sys.mjs:224:12\n_fetchAttachment@resource://services-settings/Attachments.sys.mjs:560:35\ndownloadAsBytes@resource://services-settings/Attachments.sys.mjs:537:35\nobserve@resource://gre/modules/AsyncShutdown.sys.mjs:570:17\n","nativeSavedFrame":{}},"formattedStack":"open@resource://gre/modules/ServiceRequest.sys.mjs:126:11\nfetch/<@resource://services-settings/Utils.sys.mjs:273:15\nfetch@resource://services-settings/Utils.sys.mjs:224:12\n_fetchAttachment@resource://services-settings/Attachments.sys.mjs:560:35\ndownloadAsBytes@resource://services-settings/Attachments.sys.mjs:537:35\nobserve@resource://gre/modules/AsyncShutdown.sys.mjs:570:17\n","nativeSavedFrame":{}}
2026-06-19 13:18:10,969 - MainProcess[log-interceptor-1492210741]- selenium_firefox     - DEBUG   : BROWSER 1492210741: driver: - message =
2026-06-19 13:18:10,969 - MainProcess[log-interceptor-1492210741]- selenium_firefox     - DEBUG   : BROWSER 1492210741: driver: - name =
2026-06-19 13:18:10,970 - MainProcess[log-interceptor-1492210741]- selenium_firefox     - DEBUG   : BROWSER 1492210741: driver: - result = 2152071198
2026-06-19 13:18:10,970 - MainProcess[log-interceptor-1492210741]- selenium_firefox     - DEBUG   : BROWSER 1492210741: driver: - stack = open@resource://gre/modules/ServiceRequest.sys.mjs:126:11|fetch/<@resource://services-settings/Utils.sys.mjs:273:15|fetch@resource://services-settings/Utils.sys.mjs:224:12|_fetchAttachment@resource://services-settings/Attachments.sys.mjs:560:35|downloadAsBytes@resource://services-settings/Attachments.sys.mjs:537:35|observe@resource://gre/modules/AsyncShutdown.sys.mjs:570:17|
2026-06-19 13:18:10,970 - MainProcess[log-interceptor-1492210741]- selenium_firefox     - DEBUG   : BROWSER 1492210741: driver: - prototype Object
2026-06-19 13:18:10,970 - MainProcess[log-interceptor-1492210741]- selenium_firefox     - DEBUG   : BROWSER 1492210741: driver: console.error: RemoteSecuritySettings:
2026-06-19 13:18:10,971 - MainProcess[log-interceptor-1492210741]- selenium_firefox     - DEBUG   : BROWSER 1492210741: driver: failed to download CRLite filter
2026-06-19 13:18:10,971 - MainProcess[log-interceptor-1492210741]- selenium_firefox     - DEBUG   : BROWSER 1492210741: driver: Object
2026-06-19 13:18:10,971 - MainProcess[log-interceptor-1492210741]- selenium_firefox     - DEBUG   : BROWSER 1492210741: driver: - prototype Object
2026-06-19 13:18:10,971 - MainProcess[log-interceptor-1492210741]- selenium_firefox     - DEBUG   : BROWSER 1492210741: driver: - columnNumber = 11
2026-06-19 13:18:10,972 - MainProcess[log-interceptor-1492210741]- selenium_firefox     - DEBUG   : BROWSER 1492210741: driver: - data = null
2026-06-19 13:18:10,972 - MainProcess[log-interceptor-1492210741]- selenium_firefox     - DEBUG   : BROWSER 1492210741: driver: - filename = resource://gre/modules/ServiceRequest.sys.mjs
2026-06-19 13:18:10,972 - MainProcess[log-interceptor-1492210741]- selenium_firefox     - DEBUG   : BROWSER 1492210741: driver: - lineNumber = 126
2026-06-19 13:18:10,973 - MainProcess[log-interceptor-1492210741]- selenium_firefox     - DEBUG   : BROWSER 1492210741: driver: - location = {"name":"open","filename":"resource://gre/modules/ServiceRequest.sys.mjs","sourceId":25,"lineNumber":126,"columnNumber":11,"asyncCause":null,"asyncCaller":null,"caller":{"filename":"resource://services-settings/Utils.sys.mjs","name":"fetch/<","sourceId":24,"lineNumber":273,"columnNumber":15,"asyncCause":null,"asyncCaller":null,"caller":{"filename":"resource://services-settings/Utils.sys.mjs","name":"fetch","sourceId":24,"lineNumber":224,"columnNumber":12,"asyncCause":null,"asyncCaller":null,"caller":{"filename":"resource://services-settings/Attachments.sys.mjs","name":"_fetchAttachment","sourceId":23,"lineNumber":560,"columnNumber":35,"asyncCause":null,"asyncCaller":null,"caller":{"filename":"resource://services-settings/Attachments.sys.mjs","name":"downloadAsBytes","sourceId":23,"lineNumber":537,"columnNumber":35,"asyncCause":null,"asyncCaller":null,"caller":{"filename":"resource://gre/modules/AsyncShutdown.sys.mjs","name":"observe","sourceId":15,"lineNumber":570,"columnNumber":17,"asyncCause":null,"asyncCaller":null,"caller":null,"formattedStack":"observe@resource://gre/modules/AsyncShutdown.sys.mjs:570:17\n","nativeSavedFrame":{}},"formattedStack":"downloadAsBytes@resource://services-settings/Attachments.sys.mjs:537:35\nobserve@resource://gre/modules/AsyncShutdown.sys.mjs:570:17\n","nativeSavedFrame":{}},"formattedStack":"_fetchAttachment@resource://services-settings/Attachments.sys.mjs:560:35\ndownloadAsBytes@resource://services-settings/Attachments.sys.mjs:537:35\nobserve@resource://gre/modules/AsyncShutdown.sys.mjs:570:17\n","nativeSavedFrame":{}},"formattedStack":"fetch@resource://services-settings/Utils.sys.mjs:224:12\n_fetchAttachment@resource://services-settings/Attachments.sys.mjs:560:35\ndownloadAsBytes@resource://services-settings/Attachments.sys.mjs:537:35\nobserve@resource://gre/modules/AsyncShutdown.sys.mjs:570:17\n","nativeSavedFrame":{}},"formattedStack":"fetch/<@resource://services-settings/Utils.sys.mjs:273:15\nfetch@resource://services-settings/Utils.sys.mjs:224:12\n_fetchAttachment@resource://services-settings/Attachments.sys.mjs:560:35\ndownloadAsBytes@resource://services-settings/Attachments.sys.mjs:537:35\nobserve@resource://gre/modules/AsyncShutdown.sys.mjs:570:17\n","nativeSavedFrame":{}},"formattedStack":"open@resource://gre/modules/ServiceRequest.sys.mjs:126:11\nfetch/<@resource://services-settings/Utils.sys.mjs:273:15\nfetch@resource://services-settings/Utils.sys.mjs:224:12\n_fetchAttachment@resource://services-settings/Attachments.sys.mjs:560:35\ndownloadAsBytes@resource://services-settings/Attachments.sys.mjs:537:35\nobserve@resource://gre/modules/AsyncShutdown.sys.mjs:570:17\n","nativeSavedFrame":{}}
2026-06-19 13:18:10,974 - MainProcess[log-interceptor-1492210741]- selenium_firefox     - DEBUG   : BROWSER 1492210741: driver: - message =
2026-06-19 13:18:10,974 - MainProcess[log-interceptor-1492210741]- selenium_firefox     - DEBUG   : BROWSER 1492210741: driver: - name =
2026-06-19 13:18:10,975 - MainProcess[log-interceptor-1492210741]- selenium_firefox     - DEBUG   : BROWSER 1492210741: driver: - result = 2152071198
2026-06-19 13:18:10,975 - MainProcess[log-interceptor-1492210741]- selenium_firefox     - DEBUG   : BROWSER 1492210741: driver: - stack = open@resource://gre/modules/ServiceRequest.sys.mjs:126:11|fetch/<@resource://services-settings/Utils.sys.mjs:273:15|fetch@resource://services-settings/Utils.sys.mjs:224:12|_fetchAttachment@resource://services-settings/Attachments.sys.mjs:560:35|downloadAsBytes@resource://services-settings/Attachments.sys.mjs:537:35|observe@resource://gre/modules/AsyncShutdown.sys.mjs:570:17|
2026-06-19 13:18:10,976 - MainProcess[log-interceptor-1492210741]- selenium_firefox     - DEBUG   : BROWSER 1492210741: driver: - prototype Object
2026-06-19 13:18:11,128 - MainProcess[MainThread]- storage_controller   - DEBUG   : StorageController status: There are currently 0 scheduled tasks for 0 visit_ids
2026-06-19 13:18:11,165 - MainProcess[MainThread]- browser_manager      - DEBUG   : BROWSER 1492210741: Browser manager closed successfully.
2026-06-19 13:18:11,166 - MainProcess[MainThread]- browser_manager      - DEBUG   : BROWSER 1492210741: during_init=False | profile_archive_dir=None
2026-06-19 13:18:11,227 - MainProcess[MainThread]- storage_controller   - INFO    : Terminating handler for TaskManager, because the underlying socket closed
2026-06-19 13:18:11,227 - MainProcess[MainThread]- storage_controller   - DEBUG   : Sending the shutdown signal to the Storage Controller...
2026-06-19 13:18:16,133 - MainProcess[MainThread]- storage_controller   - INFO    : Received shutdown signal!
2026-06-19 13:18:16,133 - MainProcess[MainThread]- storage_controller   - INFO    : Closing Server
2026-06-19 13:18:16,133 - MainProcess[MainThread]- storage_controller   - INFO    : Closed Server
2026-06-19 13:18:16,134 - MainProcess[MainThread]- storage_controller   - INFO    : Cancelling status_queue_update
2026-06-19 13:18:16,134 - MainProcess[MainThread]- storage_controller   - INFO    : Cancelled status_queue_update
2026-06-19 13:18:16,134 - MainProcess[MainThread]- storage_controller   - INFO    : Cancelling timeout_check
2026-06-19 13:18:16,135 - MainProcess[MainThread]- storage_controller   - INFO    : Cancelled timeout_check
2026-06-19 13:18:16,135 - MainProcess[MainThread]- storage_controller   - INFO    : Starting wait_closed
2026-06-19 13:18:16,135 - MainProcess[MainThread]- storage_controller   - INFO    : Completed wait_closed
2026-06-19 13:18:16,136 - MainProcess[MainThread]- storage_controller   - INFO    : Entering self.shutdown
2026-06-19 13:18:16,137 - MainProcess[MainThread]- storage_controller   - INFO    : structured_storage is shut down
2026-06-19 13:18:16,153 - MainProcess[MainThread]- storage_controller   - DEBUG   : StorageControllerHandle took 4.9250452518463135 seconds to close.
